batch,fact_id,category,topic,hook,classification,wow,hook_score,body,audience,writing,memorability,primary_issue
01,ancient-egypt-3000-years,ancient-civilizations,Ancient Egypt,Cleopatra Lived Closer to the Moon Landing Than to the Great Pyramid,PASS,5,5,4,5,4,5,None
01,ancient-egypt-king-tut,ancient-civilizations,Ancient Egypt,King Tut's Tomb Was Found Intact,BORDERLINE,3,3,3,4,3,3,"Common knowledge, flat descriptive hook, no fresh surprising detail"
01,ancient-egypt-cats,ancient-civilizations,Ancient Egypt,Killing a Cat in Egypt Could Be a Death Sentence,PASS,5,4,5,5,4,5,None
01,maya-zero,ancient-civilizations,Maya Civilization,"The Maya Invented Zero on Their Own, an Ocean Away",BORDERLINE,3,3,3,3,3,3,"Math-history concept reads educational, not viscerally surprising"
01,maya-astronomy,ancient-civilizations,Maya Civilization,The Maya Tracked Venus for Centuries Without a Telescope,BORDERLINE,3,3,3,3,3,3,"Generic ""skilled ancient astronomers"" pattern; redundant with babylonians-astronomy"
01,maya-descendants,ancient-civilizations,Maya Civilization,Millions of Maya Descendants Still Live Today,BORDERLINE,2,2,2,3,3,2,"Myth-correction reads informational, no vivid image, flat hook"
01,aztec-tenochtitlan-founded,ancient-civilizations,Aztec Civilization,The Aztecs Built a City on a Lake,REVISE,4,3,4,4,3,4,Hook is a flat topic-label; body is strong
01,aztec-flag-legend,ancient-civilizations,Aztec Civilization,Mexico's Flag Comes From an Aztec Legend,PASS,4,4,4,4,4,4,None
01,aztec-chocolate,ancient-civilizations,Aztec Civilization,The Aztecs Enjoyed Chocolate Before Europe,BORDERLINE,3,3,3,4,3,3,"Redundant with food/chocolate-drink-history, same ""bitter drink"" reveal"
01,inca-road-network,ancient-civilizations,Inca Civilization,The Inca Built Thousands of Miles of Roads Without the Wheel,PASS,4,4,4,4,4,4,None
01,inca-quipu,ancient-civilizations,Inca Civilization,The Inca Recorded Information With Knots,PASS,4,4,4,4,4,4,None
01,inca-suspension-bridges,ancient-civilizations,Inca Civilization,People in the Andes Still Build Inca Rope Bridges by Hand,PASS,5,4,4,4,4,5,None
01,mesopotamia-sixty-minute-hour,ancient-civilizations,Mesopotamia,Your Clock Uses Babylonian Math,PASS,4,4,4,5,4,4,None
01,sumerians-cuneiform,ancient-civilizations,Sumerians,"The First Writing Was Invented to Track Goods, Not Tell Stories",REVISE,4,4,3,4,3,3,"Body turns generic/encyclopedic after a strong hook, vague filler ending"
01,sumerians-wheel,ancient-civilizations,Sumerians,"The First Wheels Shaped Pottery, Not Carts",REVISE,4,4,3,4,3,3,"Good counterintuitive hook but body is thin, filler ending"
01,babylonians-hammurabi,ancient-civilizations,Babylonians,Hammurabi Carved 300 Laws on a Pillar for All to See,BORDERLINE,3,3,3,3,3,3,"Well-worn ""eye for an eye"" trivia, list-like body"
01,babylonians-hanging-gardens,ancient-civilizations,Babylonians,A Wonder of the World May Never Have Existed,PASS,4,4,4,4,4,4,None
01,babylonians-astronomy,ancient-civilizations,Babylonians,Babylonians Predicted Eclipses Without Telescopes,BORDERLINE,3,3,3,3,3,3,"Redundant with maya-astronomy, generic pattern"
01,phoenicians-ships,ancient-civilizations,Phoenicians,Phoenician Sailors May Have Slipped Into the Atlantic,BORDERLINE,3,3,3,3,3,3,"Hedge word ""may have"" undercuts hook and payoff"
01,phoenicians-purple-dye,ancient-civilizations,Phoenicians,Royal Purple Came From the Phoenicians,PASS,4,4,4,4,4,4,None
01,phoenicians-alphabet,ancient-civilizations,Phoenicians,Your Alphabet Traces Back to Phoenician Traders,REVISE,3,4,3,4,3,3,"Fairly common-knowledge trivia, ends flatly"
01,ancient-persia-cyrus-great,ancient-civilizations,Ancient Persia,Cyrus Held His Empire Together by Letting People Keep Their Gods,BORDERLINE,3,3,3,3,3,2,"Political/governance theme, dry, low visual imagery"
01,ancient-persia-royal-road,ancient-civilizations,Ancient Persia,The Persians Built an Ancient Superhighway,REVISE,3,3,3,4,3,3,"Generic ""ancient superhighway"" trope; hook is a topic label"
01,ancient-persia-persepolis,ancient-civilizations,Ancient Persia,Alexander the Great Burned Persia's Ceremonial Capital,BORDERLINE,3,3,3,3,3,3,"Standard ""grand city, then destroyed"" description, low surprise"
01,indus-city-planning,ancient-civilizations,Indus Valley Civilization,Indus Cities Ran on Grid Streets and Standardized Bricks,REVISE,3,3,3,4,3,3,"Generic engineering-marvel pattern, hook reads like a heading"
01,indus-undeciphered-script,ancient-civilizations,Indus Valley Civilization,Nobody Has Deciphered the Indus Script,PASS,4,4,4,4,4,4,None
01,indus-mysterious-decline,ancient-civilizations,Indus Valley Civilization,Nobody Knows Exactly Why the Indus Civilization Disappeared,BORDERLINE,3,3,3,3,3,3,"Redundant with indus-undeciphered-script, weaker version of same mystery"
01,carthage-rome-burned-city,ancient-civilizations,Carthage,A Roman Senator Ended Every Speech by Demanding Carthage Be Destroyed,PASS,4,5,4,4,4,4,None
01,ancient-rome-small-town-empire,ancient-civilizations,Ancient Rome,The Romans Flooded the Colosseum for Sea Battles,PASS,5,4,4,4,4,5,None
01,ancient-rome-conquered-citizenship,ancient-civilizations,Ancient Rome,Rome Offered Citizenship to the People It Conquered,REJECT,2,2,2,2,2,2,"Abstract political/administrative topic, no visual hook"
01,ancient-rome-augustus-first-emperor,ancient-civilizations,Ancient Rome,Rome's First Emperor Called Himself Just 'First Citizen',REJECT,2,2,2,2,2,2,"Political-science jargon (principate, princeps), dry and academic"
01,olmecs-colossal-stone-heads,ancient-civilizations,Olmecs,Olmec Sculptors Carved Ruler Portraits Taller Than a Person,PASS,4,4,4,4,4,4,None
01,olmecs-oldest-americas-writing,ancient-civilizations,Olmecs,The Oldest Writing in the Americas May Be Olmec,BORDERLINE,3,3,3,3,3,3,"Jargon-heavy (Cascajal stone, epi-Olmec), hedge word weakens certainty"
01,minoans-bull-leaping-art,ancient-civilizations,Minoans,Minoan Youths Leaped Over Bulls as a Religious Ritual,REVISE,4,3,4,4,3,4,Strong visual idea; hook could be sharper/more surprising
01,hittites-raided-babylon,ancient-civilizations,Hittites,A Hittite King Raided Babylon,BORDERLINE,2,2,2,2,2,2,"Name/date-heavy, requires historical context, low broad appeal"
01,hittites-kadesh-indecisive,ancient-civilizations,Hittites,"Both Sides Claimed Victory at Kadesh, Then Signed a Peace Treaty",BORDERLINE,3,3,3,3,3,2,"Decent irony but name/date heavy, moderate appeal"
01,hittites-iron-age,ancient-civilizations,Hittites,An Anatolian Empire's Metalwork Kicked Off the Iron Age,REJECT,2,2,2,2,2,2,"Abstract technological-history claim, no vivid detail, textbook"
01,heart-center-of-network,human-body,Heart,Your Blood Vessels Could Circle the Earth Twice,PASS,5,5,4,5,4,5,None
01,heart-one-way-valves,human-body,Heart,Your Heart Almost Never Gets Cancer,PASS,4,4,4,4,4,4,None
01,brain-folds-more-power,human-body,Brain,Your Brain Is Wrinkled to Fit More Power,BORDERLINE,3,3,3,3,3,2,"Fairly expected fact, generic ending, low surprise"
01,skeletal-system-206-bones,human-body,Skeletal System,You Were Born With About 100 More Bones Than You Have Now,PASS,4,4,4,5,4,4,None
01,skeletal-system-cartilage-shock-absorber,human-body,Skeletal System,"Ounce for Ounce, Your Bones Are Stronger Than Steel",PASS,5,4,4,5,4,5,None
01,blood-color-changes-with-oxygen,human-body,Blood,"Your Blood Is Never Blue, Not Even in Your Veins",PASS,4,4,4,5,4,4,None
01,eyes-two-eyes-3d-vision,human-body,Eyes,Each of Your Eyes Has a Hole in Its Vision,PASS,4,4,4,4,4,4,"ID/topic label references ""two eyes/3D vision"" but content covers the blind spot — naming mismatch, not a quality flaw"
01,eyes-retina-part-of-brain,human-body,Eyes,The Retina Is Technically Part of the Brain,PASS,4,4,4,4,4,4,None
01,dna-mitochondria-own-dna,human-body,DNA,Your Cells Carry Two Different Kinds of DNA,BORDERLINE,3,3,3,3,3,3,"Body is thin/generic, ""few people realize"" filler phrase"
01,lungs-oxygen-enters-blood,human-body,Lungs,Your Left Lung Is Smaller Than Your Right,PASS,4,4,4,4,4,4,None
01,immune-system-fights-cancer,human-body,Immune System,Your Immune System Hunts and Kills Cancer Cells Every Day,REVISE,4,3,4,4,3,3,Strong underlying fact but body tone is dry/clinical
01,skin-melanin-protects-dna,human-body,Skin,A Tan Is Your Skin Building a Shield Around Its DNA,PASS,4,4,4,4,4,4,None
01,skin-largest-organ,human-body,Skin,Much of Household Dust Is Dead Skin,PASS,5,4,4,5,4,5,None
01,fingerprints-dont-change-growth,human-body,Fingerprints,Your Fingerprints Don't Change as You Grow,REJECT,2,2,2,3,2,2,"Mundane/expected fact, reads like a definition, no real ""wow"""
01,fingerprints-regrow-same-pattern,human-body,Fingerprints,Skin Can Regrow the Same Fingerprint Pattern,BORDERLINE,3,3,3,3,3,2,"Niche forensic detail, caveat-heavy ending dulls payoff"
01,taste-buds-thousands-on-tongue,human-body,Taste Buds,The 'Tongue Map' You Learned Is a Myth,PASS,4,4,4,5,4,4,None
01,taste-buds-on-fish-fins,human-body,Taste Buds,Fish Can Have Taste Buds on Their Fins,REVISE,3,3,3,3,3,3,"Quirky animal fact but body is thin, lacks a vivid concrete scenario"
01,gut-microbiome-makes-vitamins,human-body,Gut Microbiome,A Vitamin You Need Can Only Be Made by Bacteria,REVISE,3,3,3,3,3,3,"Slightly abstract nutritional-science framing, list-like body"
01,gut-microbiome-unique-network,human-body,Gut Microbiome,You're Only About Half Human,PASS,5,4,4,4,4,5,None
01,chocolate-drink-history,food,Chocolate,Chocolate Was a Drink for Most of Its History,BORDERLINE,3,3,3,4,3,3,"Redundant with ancient-civilizations/aztec-chocolate, same reveal"
01,honey-egyptian-mummies,food,Honey,"Honey Found in Egyptian Tombs Is Still Edible After 3,000 Years",PASS,5,4,4,5,4,5,None
01,honey-mead-alcohol,food,Honey,Honey Was Used to Make Alcohol Thousands of Years Ago,BORDERLINE,2,2,2,3,2,2,"Vague (""may be older""), no vivid concrete detail, flat hook"
01,bread-predates-agriculture,food,Bread,Bread Predates Agriculture,REVISE,3,4,3,4,3,3,Good counterintuitive hook but body stays vague
01,bread-used-as-plates,food,Bread,Bread Was Once Used as Plates,PASS,4,4,4,4,4,4,None
01,salt-only-rock-we-eat,food,Salt,Salt Is the Only Rock Humans Commonly Eat,REVISE,3,3,3,4,3,3,Nice framing but body doesn't add much beyond restating the premise
01,salt-created-trade-routes,food,Salt,Salt Created Some of the World's Oldest Trade Routes,BORDERLINE,3,3,3,3,3,3,"Economic/trade framing, brief specifically flags this territory"
01,pasta-vermicelli-little-worms,food,Pasta,Vermicelli Means 'Little Worms',PASS,4,4,4,5,4,4,None
01,rice-white-rice-beriberi,food,Rice,White Rice Once Contributed to a Deadly Disease,REJECT,2,2,2,2,2,2,"Nutrition-science/history topic, dry, adult-oriented, no vivid image"
01,ice-cream-cone-worlds-fair,food,Ice Cream,The Ice Cream Cone Was Not Invented at the 1904 World's Fair,BORDERLINE,3,3,3,3,3,2,"Myth-correction has a weak, underwhelming reveal"
01,pizza-roman-no-tomatoes,food,Pizza,The Margherita Pizza Was Colored to Match Italy's Flag,REVISE,3,3,3,4,3,3,"Hedge-heavy (""as the story goes,"" ""historians debate"") weakens payoff"
01,popcorn-thousands-years-old,food,Popcorn,Popcorn Was Worn in People's Hair Before It Hit the Movies,PASS,4,4,4,4,4,4,None
01,bananas-modern-clones,food,Bananas,Modern Bananas Are Basically Clones,REVISE,3,3,3,3,3,3,Decent premise but dry delivery; part of a 3-fact banana cluster
01,bananas-giant-herb,food,Bananas,A Banana Plant Is a Giant Herb,BORDERLINE,3,3,3,3,3,2,"Mild botanical trivia, thin wow, part of banana cluster"
01,bananas-gros-michel-disease,food,Bananas,One Banana Variety Was Nearly Wiped Out by Disease,REVISE,3,3,3,4,3,3,Doesn't land its strongest possible angle; part of banana cluster
01,potatoes-poisonous-berries,food,Potatoes,Potato Plants Can Grow Poisonous Berries,PASS,4,4,4,4,4,4,None
01,potatoes-famine-dependence,food,Potatoes,Potato Dependence Helped Fuel a Famine,REJECT,2,2,2,2,2,2,"Somber historical tragedy, informational tone, weak hook"
01,peanuts-bury-their-fruit,food,Peanuts,Peanut Plants Bury Their Own Fruit,REVISE,4,4,3,4,3,4,"Genuinely weird visual idea but body is jargon-heavy (geocarpy, peg, ovules)"
01,atoms-mostly-empty-space,chemistry,Atoms,"If an Atom Were a Stadium, the Nucleus Would Be a Marble",PASS,5,5,4,5,4,5,None
01,atoms-atomic-number-identity,chemistry,Atoms,Steal One Proton From Gold and It Becomes Platinum,PASS,5,4,4,4,4,5,None
01,atoms-outer-electrons-chemistry,chemistry,Atoms,Why Helium Refuses to React With Anything,REVISE,3,3,3,3,3,3,Electron-shell concept is fairly abstract for younger readers
01,molecules-smallest-identity-unit,chemistry,Molecules,A Single Glass of Water Outnumbers the Oceans,PASS,5,4,4,4,4,5,None
01,molecules-bond-lower-energy,chemistry,Molecules,Every Calorie You Burn Is Atoms Rolling Downhill,REVISE,3,4,3,3,3,3,Creative metaphor but underlying mechanism is hard to fully track
01,molecules-same-atoms-different-arrangements,chemistry,Molecules,"The Same Molecule, Mirror-Flipped, Can Be a Poison",BORDERLINE,3,3,3,2,3,2,Alludes to thalidomide birth defects too obliquely for a broad/young audience
01,periodic-table-group-patterns,chemistry,Periodic Table,A Whole Column of the Table Explodes in Water,PASS,5,4,4,4,4,5,None
01,periodic-table-mendeleev-predictions,chemistry,Periodic Table,He Left Blanks in the Table for Elements Nobody Had Found,PASS,4,4,4,4,4,4,None
01,chemical-elements-cannot-break-down,chemistry,Chemical Elements,You Are Mostly Just Six Elements,REVISE,3,3,3,4,3,3,Solid concept but somewhat listy/abstract in delivery
01,chemical-elements-synthetic-trace,chemistry,Chemical Elements,Some Elements Vanish Almost the Instant They're Made,BORDERLINE,3,3,3,3,3,3,"Abstract/technical, dry despite a good francium detail"
01,chemical-elements-compounds-transform-properties,chemistry,Chemical Elements,A Poison Gas Plus a Metal That Explodes Equals Table Salt,PASS,5,5,4,4,4,5,None
01,covalent-bonds-polar-sharing,chemistry,Covalent Bonds,Water's Lopsided Bonds Are Why Ice Floats,PASS,4,4,4,4,4,4,None
01,covalent-bonds-resonance,chemistry,Covalent Bonds,A Diamond Is One Single Giant Molecule,PASS,5,4,4,4,4,5,None
01,chemical-reactions-rearrange-atoms,chemistry,Chemical Reactions,"A Burning Log Doesn't Vanish, It Floats Away",PASS,4,4,4,4,4,4,None
01,states-of-matter-familiar-three,chemistry,States of Matter,There Are Far More Than Three States of Matter,REVISE,3,3,3,3,3,3,"Body crams in multiple loosely connected exotic states, loses focus"
01,states-of-matter-plasma-fourth,chemistry,States of Matter,The Most Common State of Matter Is One You Rarely See,PASS,4,4,4,4,4,4,None
01,acids-bases-ph-scale,chemistry,Acids & Bases,"Your Stomach Acid Is 100,000 Times More Acidic Than Water",PASS,5,4,4,4,4,5,None
01,radioactivity-particles-energy,chemistry,Radioactivity,Factory Workers Licked Radium Paint to Tip Their Brushes,PASS,4,4,4,4,4,5,None
01,radioactivity-half-life,chemistry,Radioactivity,"Some Atoms Decay in a Blink, Others Outlast the Universe",BORDERLINE,3,3,3,3,3,3,"Number-based scale contrast, lacks a vivid concrete image"
01,metals-free-electrons-conduct,chemistry,Metals,A Metal That Melts in Your Hand,PASS,5,4,4,4,4,5,None
01,metals-most-elements,chemistry,Metals,Some Metals Float on Water and Catch Fire in Air,BORDERLINE,3,3,3,3,3,2,Dry framing stat; overlaps content already covered elsewhere in batch
01,metals-ores-and-free-state,chemistry,Metals,Aluminum Was Once More Precious Than Gold,PASS,4,4,4,4,4,4,None
01,oxidation-reduction-paired,chemistry,Oxidation,"Rust, a Browning Apple, and a Green Statue Are the Same Reaction",PASS,4,4,4,4,4,4,None
01,oxidation-electron-loss,chemistry,Oxidation,Oxidation Doesn't Actually Need Oxygen,REVISE,3,3,3,3,3,3,Overlaps conceptually with oxidation-reduction-paired; abstract mechanism
01,oxidation-numbers-track-change,chemistry,Oxidation,Breathing Is Just Slow-Motion Burning,PASS,4,4,4,4,4,4,None
01,combustion-oxygen-reaction,chemistry,Combustion,"In Space, a Flame Is a Tiny Blue Sphere",PASS,5,4,4,4,4,5,None
01,combustion-heat-accelerates-reaction,chemistry,Combustion,Fire Is a Chain Reaction That Powers Itself,REVISE,3,3,3,3,3,3,"Solid mechanism explanation but fairly generic ""how fire works"""
01,combustion-modern-chemistry,chemistry,Combustion,Solving Fire Launched Modern Chemistry,REVISE,4,4,4,3,4,4,"Great story but leans on historical context (phlogiston, French Revolution)"
01,catalysts-speed-without-consuming,chemistry,Catalysts,Your Enzymes Do in a Second What Would Take Centuries,PASS,4,4,4,4,4,4,None
01,catalysts-temporary-intermediates,chemistry,Catalysts,Your Car Turns Poison Into Harmless Gas as You Drive,REVISE,3,3,3,4,3,3,Solid everyday-relevance fact but slightly technical delivery
01,catalysts-industrial-chemistry,chemistry,Catalysts,Half the Nitrogen in Your Body Was Made in a Factory,REVISE,3,4,3,3,3,3,Great stat but the Haber-Bosch mechanism needs more accessible framing
01,polymers-giant-monomer-chains,chemistry,Polymers,Two Meters of DNA Are Coiled Inside Every Cell,PASS,4,4,4,4,4,4,None
01,polymers-life-natural-polymers,chemistry,Polymers,Engineers Still Can't Copy What a Spider Spins in Seconds,PASS,5,4,4,4,4,5,None
01,polymers-tunable-materials,chemistry,Polymers,Teflon and Vulcanized Rubber Were Both Lucky Accidents,PASS,4,4,4,4,4,4,None
01,crystals-hidden-internal-order,chemistry,Crystals,A Crystal's Shape Is Its Atoms Showing Their Work,BORDERLINE,3,3,3,3,3,2,"Fairly abstract concept, more explanatory than ""wow"""
01,crystals-unit-cells-repeat,chemistry,Crystals,Every Snowflake Has Six Sides for the Same Reason,PASS,4,4,4,5,4,4,None
01,crystals-structure-changes-strength,chemistry,Crystals,Cold Can Turn Solid Tin Into Crumbling Powder,PASS,5,4,4,4,4,5,None
01,buddhism-four-noble-truths,religion-beliefs,Buddhism,'Nirvana' Literally Means 'to Blow Out',PASS,4,4,4,4,4,4,None
01,buddhism-eightfold-path,religion-beliefs,Buddhism,"For Centuries, Buddhist Art Refused to Show the Buddha",REVISE,3,4,3,3,3,3,"Interesting but niche art-history angle, body reads list-like"
01,buddhism-spread-across-asia,religion-beliefs,Buddhism,A Living Tree Grew From a Cutting Planted in 288 BCE,PASS,4,4,4,4,4,4,None
01,christianity-rooted-in-jesus,religion-beliefs,Christianity,"The First Christian Symbol Was a Fish, Not a Cross",PASS,4,4,4,4,4,4,None
01,christianity-scripture-and-authority,religion-beliefs,Christianity,The Bible's Table of Contents Took Centuries to Settle,BORDERLINE,3,3,3,3,3,2,"Administrative/canon-formation topic, dry, low visual imagery"
01,christianity-global-branches,religion-beliefs,Christianity,Christianity Went From Outlawed to Imperial in One Lifetime,BORDERLINE,3,3,3,3,3,3,"Political/historical context needed, no vivid concrete detail"
01,fasting-more-than-not-eating,religion-beliefs,Fasting,'Breakfast' Literally Means Breaking a Fast,PASS,4,4,4,5,4,4,None
01,fasting-religious-preparation,religion-beliefs,Fasting,Ramadan Drifts Through Every Season,PASS,4,4,4,4,4,4,None
01,fasting-protest-tool,religion-beliefs,Fasting,Gandhi Turned Refusing Food Into a Political Weapon,BORDERLINE,3,3,3,3,3,2,"Historical/biographical framing, more educational than ""wow"""
01,hinduism-many-strands,religion-beliefs,Hinduism,'Hindu' Began as an Outsiders' Word for a River,PASS,4,4,4,4,4,4,None
01,hinduism-karma-samsara-moksha,religion-beliefs,Hinduism,Hindu Time Is Measured in Billions of Years,PASS,4,4,4,4,4,4,None
01,hinduism-dharma-paths,religion-beliefs,Hinduism,Hinduism's 'Millions of Gods' Are Often One Reality,BORDERLINE,3,3,3,3,3,2,"Theological/philosophical abstraction, harder for broad audience"
01,iconography-reads-symbols,religion-beliefs,Iconography,Medieval Viewers Could 'Read' Paintings Without Words,REVISE,3,4,3,3,3,3,Fun concept but fairly niche art-historical framing
01,iconography-religious-art,religion-beliefs,Iconography,"The Swastika Was Sacred for 3,000 Years Before the Nazis",PASS,5,4,4,4,4,5,None
01,iconography-cross-cultural,religion-beliefs,Iconography,The Glowing Halo Appeared in Many Cultures at Once,PASS,4,4,4,4,4,4,None
01,islam-five-pillars,religion-beliefs,Islam,Praying Toward Mecca Helped Advance Astronomy,REVISE,3,4,3,3,3,3,Interesting connection but geometry/math concept is fairly abstract
01,islam-quran-foundation,religion-beliefs,Islam,Millions of People Have Memorized the Entire Qurʾān,PASS,4,4,4,4,4,4,None
01,islam-hajj-pilgrimage,religion-beliefs,Islam,Two Million People Circle One Cube in the Same Few Days,PASS,4,4,4,4,4,4,None
01,judaism-covenant-law-history,religion-beliefs,Judaism,The Jewish Calendar Counts From the Creation of the World,BORDERLINE,3,3,3,3,3,2,"Redundant with religious-calendars-different-years, same ""5780s"" stat"
01,judaism-diaspora-life,religion-beliefs,Judaism,"Hebrew Came Back to Life After 1,700 Years",PASS,5,4,4,4,4,5,None
01,judaism-text-and-interpretation,religion-beliefs,Judaism,The Talmud Deliberately Records the Arguments It Rejected,REVISE,3,4,3,3,3,3,"Intellectually interesting but abstract, appeals more to adults"
01,monasteries-solitude-and-community,religion-beliefs,Monasteries,One Holy Man Lived 37 Years on Top of a Pillar,PASS,5,4,4,4,4,5,None
01,monasteries-spiritual-discipline,religion-beliefs,Monasteries,"Monks Gave the World Champagne, Beer, and Genetics",PASS,4,4,4,4,4,4,None
01,monasteries-social-centers,religion-beliefs,Monasteries,Monks Hand-Copying Books Saved the Ancient World,BORDERLINE,3,3,3,3,3,2,"Standard ""monks preserved knowledge"" trope, textbook feel"
01,monotheism-one-god,religion-beliefs,Monotheism,An Egyptian Pharaoh May Have Been History's First Monotheist,REVISE,3,4,3,3,3,3,"Decent story but name-heavy, needs historical framing"
01,monotheism-spectrum,religion-beliefs,Monotheism,Belief in One God Often Grew Out of Many,REJECT,2,2,2,2,2,2,"Academic religious-studies terminology (henotheism), dry, textbook"
01,monotheism-shared-and-distinct,religion-beliefs,Monotheism,Three Major Religions All Trace Back to Abraham,BORDERLINE,2,2,3,3,2,2,"Fairly basic RE-class content, list format, low wow"
01,myth-explains-world,religion-beliefs,Myth,The Same Trickster Character Appears All Over the World,PASS,4,4,4,4,4,4,None
01,myth-validates-customs,religion-beliefs,Myth,Many Myths Exist to Explain a Ritual,REJECT,2,2,2,2,2,2,"Academic terminology (""etiological myths""), abstract definition, textbook"
01,myth-not-same-as-folktale,religion-beliefs,Myth,Calling Something a 'Myth' Does Not Mean It Is False,REVISE,3,3,3,3,3,3,Interesting semantic point but abstract/definitional framing
01,pilgrimage-sacred-travel,religion-beliefs,Pilgrimage,A Scallop Shell Marks Europe's Most Famous Pilgrimage,BORDERLINE,3,3,3,3,3,2,"Pleasant but mild, no strong ""wow"" moment"
01,pilgrimage-many-destinations,religion-beliefs,Pilgrimage,The Largest Human Gathering on Earth Is a Pilgrimage,PASS,5,4,4,4,4,5,None
01,pilgrimage-modern-world,religion-beliefs,Pilgrimage,Medieval Pilgrimage Ran on a Booming Trade in Relics,PASS,4,4,4,4,4,4,None
01,prayer-beads-counting-prayers,religion-beliefs,Prayer Beads,The Word 'Bead' Originally Meant 'Prayer',REVISE,3,3,3,4,3,3,Fine etymology but thinner payoff; part of a 3-fact prayer-beads cluster
01,prayer-beads-rosary-decades,religion-beliefs,Prayer Beads,'Rosary' Means 'Rose Garden',BORDERLINE,3,3,3,3,3,2,"Mild etymology, redundant with prayer-beads-counting-prayers"
01,prayer-beads-cross-religious,religion-beliefs,Prayer Beads,"Around the World, Prayer Beads Come in Sacred Numbers",BORDERLINE,3,3,3,3,3,2,"Reads like a list of numbers, part of oversaturated cluster"
01,religion-belief-and-practice,religion-beliefs,Religion,The Word 'Religion' May Mean 'to Bind Together',BORDERLINE,3,3,3,3,3,2,"Abstract etymology concept, dry, mild payoff"
01,religion-symbols-matter,religion-beliefs,Religion,The Pretzel May Have Been Shaped Like Praying Arms,PASS,4,4,4,5,4,4,None
01,religion-social-life,religion-beliefs,Religion,Hundreds of Thousands Once Declared Their Religion 'Jedi',PASS,5,4,4,5,4,5,None
01,religious-calendars-sky-cycles,religion-beliefs,Religious Calendars,Some Calendars Insert a Whole Extra Month,BORDERLINE,3,3,3,3,3,2,"Calendrical mechanics, dry, part of oversaturated calendar cluster"
01,religious-calendars-different-years,religion-beliefs,Religious Calendars,Right Now It Is Several Different Years at Once,BORDERLINE,3,3,3,3,3,2,Redundant with judaism-covenant-law-history
01,religious-calendars-move-festivals,religion-beliefs,Religious Calendars,Fixing the Date of Easter Was a Major Medieval Science,REVISE,3,3,3,3,3,3,Interesting but technical/abstract (computus)
01,ritual-repeated-action,religion-beliefs,Ritual,Rituals Calm the Mind Whether or Not You Believe,REVISE,3,4,3,4,3,3,"Genuinely interesting psychology but abstractly framed, no concrete scene"
01,ritual-rites-of-passage,religion-beliefs,Ritual,Every 'Rite of Passage' Shares the Same Three Stages,REJECT,2,2,2,2,2,2,"Academic anthropology theory (Van Gennep), textbook, low broad appeal"
01,ritual-social-function,religion-beliefs,Ritual,Doing a Ritual Together Synchronizes a Crowd,REJECT,2,2,2,2,2,2,"Academic sociology jargon (""collective effervescence,"" Durkheim)"
01,sacred-texts-scripture-authority,religion-beliefs,Sacred Texts,"A Shepherd's Stray Rock Uncovered 2,000-Year-Old Scriptures",PASS,5,4,4,4,4,5,None
01,sacred-texts-written-and-oral,religion-beliefs,Sacred Texts,"The Vedas Were Memorized Perfectly for 3,000 Years",PASS,4,4,4,4,4,4,None
01,sacred-texts-many-traditions,religion-beliefs,Sacred Texts,Sikhs Treat Their Scripture as a Living Guru,PASS,4,4,4,4,4,4,None
01,blackbeard-queen-annes-revenge,pirates,Blackbeard,Blackbeard Set His Own Beard Smoking to Look Demonic,PASS,5,5,4,5,4,5,None
01,blackbeard-treasure-myth,pirates,Blackbeard,Blackbeard's Whole Pirate Career Lasted About Two Years,PASS,4,4,4,4,4,4,None
01,buccaneers-started-as-hunters,pirates,Buccaneers,The Word 'Buccaneer' Comes From a Meat-Smoking Grill,PASS,4,4,4,4,4,4,None
01,buccaneers-targeted-spain,pirates,Buccaneers,A Pirate Was Knighted and Made a Colony's Governor,PASS,4,4,4,4,4,4,None
01,buccaneers-democratic-discipline,pirates,Buccaneers,Buccaneers Had a Price List for Lost Body Parts,PASS,5,4,4,4,4,5,None
01,captain-kidd-privateer,pirates,Captain Kidd,"Captain Kidd Was Hired to Catch Pirates, Then Condemned as One",PASS,4,4,4,4,4,4,None
01,captain-kidd-quedagh-merchant,pirates,Captain Kidd,"Captain Kidd Actually Buried Treasure, Helping Invent the Myth",PASS,4,4,4,4,4,4,None
01,jolly-roger-surrender-tool,pirates,Jolly Roger,A Red Pirate Flag Was Scarier Than the Black One,PASS,4,4,4,4,4,4,None
01,jolly-roger-not-always-flown,pirates,Jolly Roger,Pirates Hid Behind Friendly Flags Until the Last Moment,REVISE,3,4,3,4,3,3,"Solid tactic but more procedural than ""wow"""
01,jolly-roger-custom-designs,pirates,Jolly Roger,Each Pirate Captain Had His Own Custom Flag Logo,REVISE,3,3,3,4,3,3,"Descriptive/listy, weakest of a 3-fact Jolly Roger cluster"
01,privateers-legal-raiders,pirates,Privateers,A 'Letter of Marque' Was a License to Legally Rob Ships,PASS,4,4,4,4,4,4,None
01,privateers-profit-motive,pirates,Privateers,England's Greatest Hero Was Spain's Most Wanted Pirate,PASS,4,4,4,4,4,4,None
01,privateers-blurred-line,pirates,Privateers,"Privateers, Not the Navy, Won Much of the Sea War",BORDERLINE,3,3,3,3,3,2,"Military-strategy/numbers-heavy framing, less viscerally vivid"
01,treasure-maps-atlas-booty,pirates,Treasure Maps,A Pirate's Greatest Prize Was a Book of Secret Sea Charts,REVISE,3,3,3,3,3,3,"Decent idea but named-heavy, niche figure, moderate hook"
01,treasure-maps-saved-life,pirates,Treasure Maps,Only One Pirate Treasure Ship Has Ever Been Authenticated,PASS,4,4,4,4,4,4,None
01,treasure-maps-navigation-intelligence,pirates,Treasure Maps,A Novel Invented Almost Everything You Know About Pirates,PASS,5,4,4,5,4,5,None
01,pirate-codes-articles,pirates,Pirate Codes,Pirate Crews Voted Like a Democracy at Sea,PASS,4,4,4,4,4,4,None
01,pirate-codes-shares,pirates,Pirate Codes,Pirate Articles Banned Fighting and Ordered Lights Out,REVISE,3,3,3,4,3,3,Specific details but reads like a list; thinner payoff
01,pirate-codes-harsh-punishments,pirates,Pirate Codes,Pirates Dreaded Marooning More Than a Sea Battle,PASS,4,4,4,4,4,4,None
01,female-pirates-bonny-read,pirates,Female Pirates,The Most Powerful Pirate in History Was a Woman,PASS,5,5,4,4,4,5,Fact ID references Anne Bonny/Mary Read but content is entirely about Ching Shih — likely ID/content mismatch worth a data check
01,pirate-havens-nassau,pirates,Pirate Havens,Nassau Was Briefly a Real 'Republic of Pirates',PASS,4,4,4,4,4,4,None
01,pirate-havens-safe-base,pirates,Pirate Havens,The 'Wickedest City on Earth' Sank Into the Sea,PASS,5,4,4,4,4,5,None
01,pirate-havens-shipwreck-clues,pirates,Pirate Havens,Legend Tells of a Free Pirate Utopia Called Libertalia,REVISE,3,3,3,3,3,3,"Hedge-heavy, undercuts payoff/certainty"
01,pirate-ships-intimidation,pirates,Pirate Ships,A Fast Pirate Ship Needed Constant Dirty Work,BORDERLINE,3,3,3,3,3,2,"Mundane maintenance topic, more informative than exciting"
01,pirate-ships-cannon,pirates,Pirate Ships,Pirates Chose Speed Over Giant Warships,REVISE,3,4,3,4,3,3,Good myth-bust premise but explanatory body doesn't land hard
01,pirate-ships-langrage,pirates,Pirate Ships,"Pirates Aimed to Cripple Ships, Not Sink Them",PASS,4,4,4,4,4,4,None
01,infinity-symbol-wallis,famous-symbols,Infinity Symbol,One Man Drew the Infinity Symbol in 1655,REVISE,3,3,3,4,3,3,"Hedge-heavy (""popular guess,"" ""may have""), thin payoff"
01,infinity-symbol-more-than-math,famous-symbols,Infinity Symbol,The Infinity Symbol Is a Real Curve You Can Draw From an Equation,BORDERLINE,3,3,3,3,3,2,"Math-oriented/dry, redundant with infinity-symbol-wallis"
01,peace-symbol-nuclear-disarmament,famous-symbols,Peace Symbol,The Peace Sign Is Two Hidden Flag Signals,PASS,5,4,4,4,4,5,None
01,peace-symbol-semaphore,famous-symbols,Peace Symbol,The Peace Sign Is a Person in Despair,REVISE,3,3,3,4,3,3,Redundant with peace-symbol-nuclear-disarmament; could be merged
01,peace-symbol-despair,famous-symbols,Peace Symbol,Some Americans Called the Peace Sign Satanic,PASS,4,4,4,4,4,4,None
01,yinyang-complementary-forces,famous-symbols,Yin-Yang,The Tiny Dots Are the Whole Point of Yin-Yang,PASS,4,4,4,4,4,4,None
01,yinyang-circle-balance,famous-symbols,Yin-Yang,Yin and Yang Started as a Hillside,PASS,4,4,4,4,4,4,None
01,yinyang-ancient-cosmology,famous-symbols,Yin-Yang,The Yin-Yang Swirl Is Younger Than the Idea,REVISE,3,3,3,4,3,3,"Academic distinction (concept age vs. image age), moderate payoff"
01,recycling-symbol-contest,famous-symbols,Recycling Symbol,A College Student Drew the Recycling Symbol in Days,PASS,4,4,4,5,4,4,None
01,recycling-symbol-earth-day-era,famous-symbols,Recycling Symbol,The Number Inside the Arrows Is Not a Promise,PASS,4,4,4,4,4,4,None
01,recycling-symbol-confusion,famous-symbols,Recycling Symbol,Recycling Has a Third Arrow Everyone Forgets,BORDERLINE,3,3,3,3,3,2,"More preachy/instructive than ""wow,"" weakest of recycling cluster"
01,heart-symbol-not-anatomy,famous-symbols,Heart Symbol,The Heart Shape May Come From a Lost Plant,PASS,5,4,4,4,4,5,None
01,heart-symbol-ancient-beliefs,famous-symbols,Heart Symbol,Aristotle Thought the Heart Did the Thinking,PASS,4,4,4,4,4,4,None
01,heart-symbol-art-metaphor,famous-symbols,Heart Symbol,A 1977 Logo Turned the Heart Into a Verb,PASS,4,4,4,5,4,4,None
01,ampersand-symbol-for-and,famous-symbols,Ampersand,The Ampersand Is Just Two Glued Letters,PASS,4,4,4,4,4,4,None
01,ampersand-more-than-decoration,famous-symbols,Ampersand,The Ampersand Was Once the 27th Letter,PASS,4,4,4,4,4,4,None
01,ampersand-branding-power,famous-symbols,Ampersand,"Ireland Still Uses a 2,000-Year-Old 'And'",REVISE,3,3,3,3,3,3,"Niche term (Tironian et), weakest of a 3-fact ampersand cluster"
01,skull-crossbones-poison,famous-symbols,Skull & Crossbones,Poison Got a Friendlier Face Called Mr. Yuk,PASS,4,4,4,5,4,4,None
01,skull-crossbones-jolly-roger,famous-symbols,Skull & Crossbones,Old Poison Bottles Warned You in the Dark,PASS,4,4,4,4,4,4,None
01,skull-crossbones-memento-mori,famous-symbols,Skull & Crossbones,A Smiling Winged Skull Watched Over Early America,REVISE,3,3,3,4,3,3,"Solid but more solemn/historical topic, moderate wow"
01,check-mark-yes-symbol,famous-symbols,Check Mark,A Check Mark Means 'Wrong' in Some Countries,PASS,5,4,4,5,4,5,None
01,check-mark-origin-uncertain,famous-symbols,Check Mark,The Check Mark May Trace Back to the Latin Word for Truth,BORDERLINE,3,3,3,3,3,2,"Hedge-heavy (""favorite theory""), weakest of check-mark cluster"
01,check-mark-not-universal,famous-symbols,Check Mark,People Signed With an X Long Before the Check,PASS,4,4,4,4,4,4,None
01,question-mark-direct-questions,famous-symbols,Question Mark,The Greek Question Mark Is a Semicolon,REVISE,3,3,3,3,3,3,Two flipped punctuation concepts packed in; dense for the payoff
01,question-mark-inside-sentence,famous-symbols,Question Mark,Spanish Warns You a Question Is Coming,PASS,4,4,4,4,4,4,None
01,question-mark-uncertainty,famous-symbols,Question Mark,The Question Mark May Be a Squished Word,PASS,4,4,4,4,4,4,None
01,dollar-sign-adopted-1785,famous-symbols,Dollar Sign,The Dollar Sign Is Older Than the Dollar,PASS,4,4,4,4,4,4,None
01,dollar-sign-spanish-pesos,famous-symbols,Dollar Sign,The Word 'Dollar' Comes From a Czech Valley,PASS,4,4,4,4,4,4,None
01,dollar-sign-money-design,famous-symbols,Dollar Sign,The Dollar Sign May Be Two Greek Pillars,BORDERLINE,3,3,3,3,3,2,"Disputed/hedgy alternate theory, weakest of dollar-sign cluster"
02,world-records-pub-argument,literature,Guinness World Records,Guinness World Records Started From a Pub Argument,BORDERLINE,3,4,3,4,4,3,"Pleasant but mild wow; a fun-fact-about-a-fact, not a jaw-dropper"
02,world-records-global-brand,literature,Guinness World Records,The Guinness Book Is One of the Most-Stolen Library Books,PASS,4,4,4,5,4,4,—
02,banned-books-ideas-under-pressure,literature,Banned Books,Alice in Wonderland Was Banned for Its Talking Animals,PASS,4,4,4,5,4,4,—
02,banned-books-history-old,literature,Banned Books,The Catholic Church Kept a Banned-Books List for 400 Years,BORDERLINE,3,3,3,3,3,3,Name-drops Galileo/Kant/Descartes/Voltaire; academic framing limits younger aud…
02,banned-books-can-increase-interest,literature,Banned Books,Putting a Book on Trial Made It a Bestseller,PASS,4,4,4,4,4,4,—
02,comics-sequential-art,literature,Comics,A 10-Cent Comic Now Sells for Millions,PASS,4,5,4,5,4,5,—
02,comics-newspaper-roots,literature,Comics,The Term 'Yellow Journalism' Came From a Comic Strip,REJECT,3,3,3,2,3,2,Etymology of a media-industry phrase ('yellow journalism') few in the audience …
02,comics-grew-up,literature,Comics,A Comic About the Holocaust Won a Pulitzer Prize,PASS,4,4,4,4,4,4,—
02,detective-fiction-reader-sleuth,literature,Detective Fiction,The Detective Story Was Invented Before the Word Existed,BORDERLINE,3,3,3,3,3,3,"Meta point about genre history; subtle intellectual surprise, not visceral"
02,detective-fiction-poe-origin,literature,Detective Fiction,Readers Forced an Author to Resurrect Sherlock Holmes,PASS,4,5,4,5,4,5,—
02,detective-fiction-hard-boiled,literature,Detective Fiction,The Queen of Mystery Vanished for 11 Days,PASS,5,5,5,5,4,5,—
02,epic-poems-heroic-scale,literature,Epic Poems,The Oldest Epic Has a Flood Story Older Than Noah's,PASS,4,4,4,4,4,4,—
02,epic-poems-oral-formulas,literature,Epic Poems,We Don't Know If Homer Ever Really Existed,BORDERLINE,3,3,3,3,3,3,Hook leans on reader already caring who Homer is; oral-tradition explanation is…
02,epic-poems-gilgamesh-old,literature,Epic Poems,The Longest Poem Ever Runs to 1.8 Million Words,PASS,4,4,4,4,4,4,—
02,fairy-tales-not-always-fairies,literature,Fairy Tales,The Grimms Rewrote Their Own Fairy Tales to Be Gentler,REJECT,3,3,3,4,3,3,Redundant with the far stronger 'Little Mermaid dissolves into foam' fact in th…
02,fairy-tales-folk-and-art,literature,Fairy Tales,Some Fairy Tales Are Thousands of Years Old,PASS,4,4,4,4,4,4,—
02,fairy-tales-childlike-dark,literature,Fairy Tales,The Original Little Mermaid Dissolves Into Sea Foam,PASS,5,5,5,5,4,5,—
02,legends-place-person-history,literature,Legends,Atlantis Came From a Single Ancient Author,PASS,4,4,4,4,4,4,—
02,legends-between-history-and-myth,literature,Legends,"Dracula Was Based on a Real, Brutal Prince",PASS,4,4,4,5,4,4,—
02,legends-travel-and-change,literature,Legends,The Pied Piper May Record a Real Tragedy,PASS,5,5,5,5,4,5,—
02,libraries-store-memory,literature,Libraries,The World's Oldest Library Was Founded by a Woman,PASS,4,4,4,4,4,4,—
02,libraries-alexandria-symbol,literature,Libraries,Alexandria Stole Books From Every Passing Ship,PASS,5,5,5,5,4,5,—
02,libraries-changing-role,literature,Libraries,A Library Tried to Save Every Public Tweet,REJECT,3,3,3,3,3,3,Government-archiving/administrative story; lacks visual or emotional payoff
02,myths-explain-world,literature,Myths,"Some Myths Remember the Coastline From 10,000 Years Ago",PASS,5,5,5,4,4,5,—
02,myths-culture-validation,literature,Myths,You Name Norse Gods Every Day of the Week,PASS,4,4,4,5,4,5,—
02,myths-not-just-false,literature,Myths,Star Wars Was Built on an Ancient Story Pattern,PASS,4,4,4,5,4,4,—
02,novels-long-prose-worlds,literature,Novels,The First Novel May Have Been Written by a Woman in 1000 CE,PASS,4,4,4,4,4,4,—
02,novels-character-depth,literature,Novels,The Longest Novel Ever Runs to 1.2 Million Words,REJECT,3,3,3,3,3,3,Redundant 'longest X in words' structure already used (better) by the Mahabhara…
02,novels-can-change-thought,literature,Novels,A Novel Helped Push a Nation Toward War,REVISE,4,4,3,3,3,4,Dry 'hardening Northern opposition' phrasing and Civil War/political context sl…
02,poetry-compressed-language,literature,Poetry,The First Author in History Was a Woman Poet,PASS,4,4,4,4,4,4,—
02,poetry-not-just-rhyme,literature,Poetry,A Great Poet Published Almost Nothing While Alive,PASS,4,4,4,4,4,4,—
02,poetry-vs-prose,literature,Poetry,A 13th-Century Persian Poet Is a US Bestseller Today,PASS,4,4,4,4,4,4,—
02,printing-gutenberg-revolution,literature,Printing,Books Were Once So Precious They Were Chained Down,PASS,4,4,4,5,4,5,—
02,printing-literacy-spread,literature,Printing,"Printing Made More Books in 50 Years Than the Past 1,000",PASS,4,4,4,4,4,4,—
02,printing-press-idea-machine,literature,Printing,Cheap 'Penny Dreadfuls' Sparked a Panic Over Trashy Books,PASS,4,4,4,4,4,4,—
02,shakespeare-theatre-career,literature,Shakespeare,Shakespeare Left His Wife His 'Second-Best Bed',PASS,4,5,4,5,4,5,—
02,shakespeare-language-lives,literature,Shakespeare,You Quote Shakespeare Without Knowing It,PASS,4,4,4,5,4,5,—
02,shakespeare-borrowed-sources,literature,Shakespeare,Half of Shakespeare's Plays Were Nearly Lost,PASS,4,4,4,4,4,4,—
02,storytelling-older-than-writing,literature,Storytelling,The Oldest Known Story Is Painted on a Cave Wall,PASS,5,5,5,5,4,5,—
02,storytelling-can-be-sung,literature,Storytelling,Scheherazade Told Stories to Stay Alive,PASS,4,4,4,4,4,4,—
02,storytelling-griots-memory,literature,Storytelling,"When a Griot Dies, 'a Library Burns'",PASS,4,4,4,4,4,4,—
02,book-covers-became-sales-tools,literature,Book Covers,The Great Gatsby's Cover Was Painted Before the Book Was Done,PASS,4,4,4,4,4,4,—
02,book-covers-cloth-design,literature,Book Covers,Paperbacks Once Cost the Same as a Pack of Cigarettes,REJECT,3,3,3,3,3,3,Dated 'cost of a pack of cigarettes' comparison means little to modern/younger …
02,book-covers-before-dust-jackets,literature,Book Covers,The Wrapper People Threw Away Is Now Worth a Fortune,PASS,4,4,4,4,4,4,—
02,pseudonyms-author-mask,literature,Pseudonyms,J.K. Rowling Has Hidden Behind Two Pen Names,PASS,4,4,4,5,4,4,—
02,pseudonyms-famous-hidden-names,literature,Pseudonyms,'Mark Twain' Is Really a Riverboat Command,PASS,4,4,4,4,4,4,—
02,pseudonyms-genre-expectations,literature,Pseudonyms,Nancy Drew's Author Never Actually Existed,PASS,4,4,4,4,4,4,—
02,octopus-color-blind,animals,Octopus,Octopuses Are Color-Blind Masters of Camouflage,PASS,5,5,4,5,4,5,—
02,octopus-mothers-stop-eating,animals,Octopus,Mother Octopuses Sacrifice Themselves for Their Eggs,PASS,4,4,4,5,4,4,—
02,elephants-twenty-two-month-pregnancy,animals,Elephants,An Elephant Is Pregnant for Nearly Two Years,BORDERLINE,3,3,3,4,3,3,Fairly predictable/well-known stat; low curiosity gap
02,elephants-footprint-ecosystems,animals,Elephants,An Elephant Footprint Can Become an Ecosystem,PASS,4,4,4,5,4,4,—
02,dolphins-signature-whistle,animals,Dolphins,Every Dolphin Has Its Own Name,PASS,4,4,4,5,4,4,—
02,dolphins-echoes,animals,Dolphins,Dolphins Can Hear the Shape of Objects,PASS,4,4,4,5,4,4,—
02,dolphins-mud-rings,animals,Dolphins,Dolphins Hunt Using Mud Traps,PASS,4,4,4,5,4,4,—
02,penguins-fathers-incubate,animals,Penguins,Penguin Fathers Balance Eggs on Their Feet,PASS,4,4,4,5,4,4,—
02,penguins-winter-breeding,animals,Penguins,Emperor Penguins Raise Their Young During Winter,REJECT,3,3,3,4,3,3,Redundant with the stronger penguins-fathers-incubate fact; same core revelatio…
02,penguins-creches,animals,Penguins,Penguin Chicks Form Daycare Groups,BORDERLINE,3,3,3,4,3,3,"Mild wow; third penguin fact in a row, thinnest of the cluster"
02,giraffes-tallest-land-animal,animals,Giraffes,A Giraffe's Neck Has the Same Bones as Yours,PASS,5,5,4,5,4,5,—
02,giraffes-spread-legs-drink,animals,Giraffes,Giraffes Must Spread Their Legs to Drink,PASS,4,4,4,5,4,4,—
02,giraffes-other-animals-benefit,animals,Giraffes,Other Animals Use Giraffes as Lookouts,BORDERLINE,3,3,3,4,3,3,Ecological detail more informative than surprising
02,tigers-largest-cat,animals,Tigers,"A Tiger's Stripes Are in Its Skin, Not Just Its Fur",PASS,4,4,4,5,4,4,—
02,tigers-eighty-pound-meal,animals,Tigers,A Tiger Can Eat 80 Pounds of Meat in One Meal,PASS,4,4,4,5,4,4,—
02,wolves-unique-howls,animals,Wolves,Every Wolf Pack Has Its Own Howl,REJECT,3,3,3,4,3,3,Same 'unique identifying sound' mechanism as the stronger dolphin signature-whi…
02,wolves-older-siblings-help,animals,Wolves,Older Wolf Siblings Help Raise Pups,BORDERLINE,3,3,3,4,3,3,"Sweet but expected pack behavior; no genuine 'wait, really?' moment"
02,cheetahs-built-for-speed,animals,Cheetahs,A Sprinting Cheetah Is Airborne Half the Time,PASS,5,5,4,5,4,5,—
02,cheetahs-tear-marks,animals,Cheetahs,The Black Lines on a Cheetah's Face Act Like Sunglasses,PASS,4,4,4,5,4,4,—
02,cheetahs-cannot-roar,animals,Cheetahs,Cheetahs Are Big Cats That Can't Roar,PASS,4,4,4,5,4,4,—
02,sloths-slow-for-survival,animals,Sloths,Being Slow May Help Sloths Stay Alive,BORDERLINE,3,3,3,4,3,3,Explanation is intuitive/expected once stated; low curiosity gap
02,sloths-algae-camouflage,animals,Sloths,Sloths Wear Living Camouflage,PASS,5,5,4,5,4,5,—
02,sloths-bathroom-weekly,animals,Sloths,Sloths Visit the Bathroom Only About Once a Week,PASS,5,5,4,5,4,5,—
02,platypus-soft-sensor-bill,animals,Platypus,A Platypus Bill Is Soft and Sensor-Packed,REJECT,3,3,2,4,3,3,"Thin, underdeveloped body; weakest of three platypus facts, overshadowed by the…"
02,platypus-venomous-males,animals,Platypus,Male Platypuses Are Venomous,PASS,5,5,4,5,4,5,—
02,platypus-chews-with-gravel,animals,Platypus,Platypuses Chew With Gravel,PASS,4,4,4,5,4,4,—
02,axolotls-forever-tadpoles,animals,Axolotls,Axolotls Stay Like Forever Tadpoles,PASS,4,4,4,4,4,4,—
02,axolotls-regrow-leg,animals,Axolotls,Axolotls Can Regrow a Leg in About a Month,PASS,5,5,4,5,4,5,—
02,axolotls-aztec-god-name,animals,Axolotls,Axolotls Are Named After an Aztec God,BORDERLINE,3,3,3,3,3,3,"Etymology trivia; weakest of three axolotl facts, lower visceral wow"
02,chameleons-not-just-camouflage,animals,Chameleons,Chameleons Don't Only Change Color to Hide,PASS,4,4,4,5,4,4,—
02,chameleons-see-through-skin-layers,animals,Chameleons,A Chameleon's Skin Has See-Through Layers,REJECT,3,3,2,3,2,3,Redundant with chameleons-not-just-camouflage; reads as a dry pigment-cell scie…
02,chameleons-two-way-eyes,animals,Chameleons,Chameleon Eyes Can Look Two Ways at Once,PASS,4,4,4,5,4,4,—
02,ravens-five-foot-nests,animals,Ravens,Raven Nests Can Be Five Feet Wide,REJECT,3,3,3,4,3,3,A mundane size stat; big nests aren't inherently surprising
02,ravens-midair-catch,animals,Ravens,Ravens Play Catch in Midair,PASS,4,4,4,5,4,4,—
02,ravens-solve-problems-together,animals,Ravens,Ravens Can Work Together to Solve Problems,REVISE,3,3,2,3,3,2,Headline promises cooperative problem-solving; body only offers vague generalit…
02,mantis-shrimp-bullet-fast-punch,animals,Mantis Shrimp,Mantis Shrimp Punch Faster Than a Blink,PASS,5,5,4,5,4,5,—
02,mantis-shrimp-bubble-shockwave,animals,Mantis Shrimp,"A Mantis Shrimp's Punch Lands Twice, Thanks to Bubbles",PASS,5,5,4,4,4,5,—
02,mantis-shrimp-complex-eyes,animals,Mantis Shrimp,Mantis Shrimp Eyes See Light Humans Cannot,BORDERLINE,3,3,3,3,3,3,Jargon-heavy ('circularly polarized light'); weakest and most technical of thre…
02,coral-reefs-largest-biological-structures,ocean-life,Coral Reefs,Some Coral Reefs Can Be Seen From Space,PASS,4,4,4,5,4,4,—
02,coral-reefs-can-bleach,ocean-life,Coral Reefs,Corals Can Turn White Without Dying,REJECT,3,3,3,3,3,3,"Reads as a climate-science explainer; process-focused, no strong emotional/visu…"
02,sharks-electroreceptors,ocean-life,Sharks,Sharks Can Sense the Faint Electricity of Hidden Prey,PASS,4,4,4,5,4,4,—
02,sharks-older-than-dinosaurs,ocean-life,Sharks,Sharks Are Older Than Dinosaurs,PASS,4,4,4,5,4,4,—
02,bioluminescence-most-deep-sea-animals-glow,ocean-life,Bioluminescence,Most Deep-Sea Animals Can Make Their Own Light,PASS,4,4,4,4,4,4,—
02,bioluminescence-shrimp-spit-light,ocean-life,Bioluminescence,Some Shrimp Can Spit Out Light,PASS,5,5,4,5,4,5,—
02,deep-sea-deeper-than-everest,ocean-life,Deep Sea,The Deepest Ocean Is Deeper Than Mount Everest Is Tall,PASS,4,4,4,5,4,4,—
02,deep-sea-largest-daily-migration,ocean-life,Deep Sea,The Largest Daily Migration on Earth Happens Underwater,PASS,4,4,4,4,4,4,—
02,deep-sea-underwater-lakes,ocean-life,Deep Sea,There Are Lakes at the Bottom of the Ocean,PASS,5,5,4,5,4,5,—
02,jellyfish-long-tentacles,ocean-life,Jellyfish,One Jellyfish's Tentacles Can Outstretch a Blue Whale,PASS,5,5,4,5,4,5,—
02,jellyfish-hitchhiking-crabs,ocean-life,Jellyfish,Some Young Crabs Hitchhike on Jellyfish,BORDERLINE,3,3,3,4,3,3,Cute but low-stakes; modest wow
02,jellyfish-daily-commute,ocean-life,Jellyfish,Some Jellyfish Travel Thousands of Feet Every Day,PASS,4,4,4,4,4,4,—
02,whales-largest-animal-ever,ocean-life,Whales,A Blue Whale's Tongue Weighs as Much as an Elephant,PASS,5,5,4,5,4,5,—
02,whales-are-mammals,ocean-life,Whales,Whales' Closest Living Relative Is the Hippo,PASS,4,4,4,4,4,4,—
02,seahorses-male-give-birth,ocean-life,Seahorses,Male Seahorses Give Birth,PASS,4,4,4,5,4,4,—
02,seahorses-no-stomachs,ocean-life,Seahorses,Seahorses Don't Have Stomachs,BORDERLINE,3,3,3,4,3,3,Modest biology fact; informative more than astonishing
02,sea-turtles-lay-eggs-on-land,ocean-life,Sea Turtles,A Sea Turtle's Sex Depends on the Sand,PASS,5,5,5,5,5,5,—
02,sea-turtles-leatherbacks-10000-miles,ocean-life,Sea Turtles,"Leatherbacks Travel More Than 10,000 Miles a Year",REJECT,3,3,3,4,3,3,Generic long-distance-migration stat with no vivid comparison or story
02,sea-stars-regrow-bodies,ocean-life,Sea Stars,Sea Stars Can Regrow Entire Bodies,PASS,5,5,4,5,4,5,—
02,sea-stars-external-digestion,ocean-life,Sea Stars,Sea Stars Can Push Their Stomachs Outside Their Bodies,PASS,5,5,4,5,4,5,—
02,ocean-currents-eight-knot-speeds,ocean-life,Ocean Currents,Some Tidal Currents Can Move Faster Than a Sprinter,REJECT,3,3,2,4,3,3,Body restates the same stat twice without adding depth; abstract 'knots' figure
02,ocean-currents-warm-norway,ocean-life,Ocean Currents,A Warm Atlantic Current Gives Norway Milder Winters Than New York,REVISE,4,3,3,3,3,3,Genuinely surprising idea (one current changes an entire continent's climate) b…
02,anglerfish-built-in-fishing-rod,ocean-life,Anglerfish,Female Anglerfish Carry a Built-In Fishing Rod,PASS,4,4,4,5,4,4,—
02,anglerfish-swallow-twice-size,ocean-life,Anglerfish,Anglerfish Can Swallow Prey Twice Their Size,PASS,4,4,4,5,4,4,—
02,anglerfish-males-fuse-to-females,ocean-life,Anglerfish,Male Anglerfish Fuse to Females,PASS,5,5,5,4,4,5,—
02,giant-squid-dinner-plate-eyes,ocean-life,Giant Squid,Giant Squid Have Dinner-Plate Eyes,PASS,4,4,4,5,4,4,—
02,giant-squid-filmed-2012,ocean-life,Giant Squid,Scientists First Filmed a Giant Squid in Its Home in 2012,REJECT,3,3,3,4,3,3,Weakest of three giant-squid facts; a 'science history' note without a vivid pa…
02,giant-squid-sperm-whale-scars,ocean-life,Giant Squid,Sperm Whales Carry Giant Squid Battle Scars,PASS,5,5,5,5,4,5,—
02,kelp-forests-grow-18-inches-day,ocean-life,Kelp Forests,Giant Kelp Can Grow 18 Inches in a Day,PASS,4,4,4,4,4,4,—
02,kelp-forests-storms-tear-apart,ocean-life,Kelp Forests,Kelp Isn't a Plant — and It Has No Roots,PASS,4,4,4,4,4,4,—
02,orcas-are-dolphins,ocean-life,Orcas,Orcas Are Actually Dolphins,PASS,4,4,4,5,4,4,—
02,orcas-menopause,ocean-life,Orcas,Orcas Are One of the Few Species With Menopause,PASS,4,4,4,4,4,4,—
02,sea-otters-densest-fur,ocean-life,Sea Otters,Sea Otters Have the World's Densest Fur,PASS,4,4,4,5,4,4,—
02,sea-otters-snack-pockets,ocean-life,Sea Otters,Sea Otters Have Built-In Snack Pockets,PASS,4,4,4,5,4,4,—
02,agriculture-domestication-shift,human-civilization,Agriculture,Farming May Have Been a Health Disaster at First,PASS,5,5,4,4,4,5,—
02,agriculture-many-origins,human-civilization,Agriculture,Humans Invented Farming From Scratch Many Times,REVISE,4,3,3,3,3,3,Genuinely surprising convergent-invention idea buried in a list-like recitation…
02,agriculture-settled-societies,human-civilization,Agriculture,We Bred Corn So Much It Cannot Survive Alone,PASS,5,5,4,5,4,5,—
02,calendars-track-cycles,human-civilization,Calendars,Switching Calendars Erased Days From History,PASS,5,5,4,5,4,5,—
02,calendars-not-one-system,human-civilization,Calendars,The Last Four Months Are Named for the Wrong Numbers,PASS,4,4,4,4,4,4,—
02,calendars-reform,human-civilization,Calendars,The French Revolution Tried to Decimalize Time,PASS,4,4,4,4,4,4,—
02,cities-civilization-hubs,human-civilization,Cities,One of the First Cities Had No Streets at All,PASS,5,5,4,5,4,5,—
02,cities-ancient-roots,human-civilization,Cities,"Rome Was So Big No City Matched It for 1,800 Years",PASS,4,4,4,4,4,4,—
02,cities-industrial-growth,human-civilization,Cities,Humans Only Recently Became a City Species,PASS,4,4,4,4,4,4,—
02,coins-historical-data,human-civilization,Coins,The Word 'Money' Comes From a Roman Temple,PASS,4,4,4,4,4,4,—
02,coins-ancient-origins,human-civilization,Coins,The First Coins Came From a King So Rich He's a Byword,PASS,4,4,4,4,4,4,—
02,coins-ruler-portraits,human-civilization,Coins,Brutus Put the Ides of March on a Coin,PASS,4,4,4,4,4,4,—
02,irrigation-water-control,human-civilization,Irrigation,Ancient Persia Moved Water Underground for Miles,PASS,4,4,4,4,4,4,—
02,irrigation-hydraulic-civilization,human-civilization,Irrigation,Egypt Taxed People by Measuring the Nile Flood,BORDERLINE,3,4,3,3,3,3,Vivid line ('government set tax rate by reading the river') but taxation/admini…
02,irrigation-theory-debated,human-civilization,Irrigation,Irrigation Drained One of the World's Biggest Lakes,PASS,5,5,4,5,4,5,—
02,laws-written-codes,human-civilization,Laws,Hammurabi's Famous Code Was Not the First,REJECT,3,3,3,2,3,3,"Hook depends on the reader already knowing who Hammurabi is, violating the no-p…"
02,laws-ancient-codes,human-civilization,Laws,One Lawmaker Was So Harsh He Named a Word,PASS,4,4,4,4,4,4,—
02,laws-national-codification,human-civilization,Laws,Medieval Europe Put Animals on Trial,PASS,5,5,4,5,4,5,—
02,roads-roman-network,human-civilization,Roads,All Roads Really Did Lead to Rome,PASS,4,4,4,4,4,4,—
02,roads-military-first,human-civilization,Roads,Modern Highways Still Follow Roman Roads,PASS,4,4,4,4,4,4,—
02,roads-drainage-engineering,human-civilization,Roads,Rome Ran a Pony Express Two Millennia Ago,PASS,4,4,4,4,4,4,—
02,sewers-wastewater-network,human-civilization,Sewers,"Rome's Great Sewer Still Works After 2,500 Years",PASS,4,4,4,4,4,4,—
02,sewers-two-systems,human-civilization,Sewers,A 'Great Stink' Forced London to Build Sewers,PASS,4,4,4,4,4,4,—
02,sewers-public-health,human-civilization,Sewers,Doctors Voted Sanitation the Greatest Advance,PASS,4,4,4,3,4,4,—
02,timekeeping-mechanical-clocks,human-civilization,Timekeeping,An 'Hour' Used to Change Length With the Seasons,PASS,4,4,4,4,4,4,—
02,timekeeping-escapement,human-civilization,Timekeeping,Railways Are the Reason We Have Time Zones,PASS,4,4,4,4,4,4,—
02,timekeeping-atomic-clocks,human-civilization,Timekeeping,A Clock Problem Kept Sailors Lost at Sea,PASS,4,4,4,4,4,4,—
02,maps-preserve-worldviews,human-civilization,Maps,The World Map You Know Gets Sizes Very Wrong,PASS,5,5,4,5,4,5,—
02,maps-war-and-movement,human-civilization,Maps,North Was Not Always at the Top of Maps,PASS,4,4,4,4,4,4,—
02,maps-city-memory,human-civilization,Maps,The Oldest World Map Is a Babylonian Clay Tablet,PASS,4,4,4,4,4,4,—
02,aerodynamics-pressure-lift,aviation,Aerodynamics,Scientists Still Argue About How Wings Actually Lift,REVISE,4,4,2,3,4,3,"Strong myth-busting hook, but the body ends without a payoff — it never actuall…"
02,airplanes-four-forces,aviation,Airplanes,Airliners Get Struck by Lightning About Once a Year,PASS,4,4,4,5,4,4,—
02,airplanes-wing-airfoils,aviation,Airplanes,Airplane Food Tastes Bland for a Scientific Reason,PASS,4,4,4,5,4,4,—
02,helicopters-sikorsky-vs300,aviation,Helicopters,A Helicopter Can Land Safely Even if Its Engine Dies,PASS,5,5,4,5,4,5,—
02,jet-engines-throw-air-backward,aviation,Jet Engines,Jet Engine Blades Spin in Gas Hotter Than They Can Melt,PASS,5,5,4,4,4,5,—
02,jet-engines-compress-burn-expand,aviation,Jet Engines,One Modern Jet Engine Out-Thrusts an Entire Early 747,PASS,4,4,4,4,4,4,—
02,hot-air-balloons-hot-air-lighter,aviation,Hot-Air Balloons,Humans Flew in Balloons 120 Years Before the Airplane,PASS,4,4,4,5,4,4,—
02,hot-air-balloons-animal-passengers,aviation,Hot-Air Balloons,The First Balloon Passengers Were Animals,PASS,4,4,4,5,4,5,—
02,hot-air-balloons-altitude-control,aviation,Hot-Air Balloons,Pilots Steer Mostly by Changing Altitude,REJECT,3,3,3,4,3,3,Purely explanatory mechanism; third and weakest of three hot-air-balloon facts
02,concorde-mach-two-passengers,aviation,Concorde,Concorde Grew Almost a Foot Longer in Flight,PASS,5,5,5,5,4,5,—
02,air-traffic-control-air-and-ground,aviation,Air Traffic Control,"Right Now, Over 10,000 Planes Are in the Sky",PASS,4,4,4,5,4,4,—
02,gliders-fly-without-engines,aviation,Gliders,"Engineless Gliders Can Soar More Than 1,000 Miles",PASS,4,4,4,4,4,4,—
02,gliders-lilienthal-human-flight,aviation,Gliders,Lilienthal Launched Himself by Running Downhill Into the Wind,REVISE,3,3,2,3,2,2,Reads as a chronological biography ('began studying...in 1867...built his first…
02,gliders-wright-control,aviation,Gliders,The Wright Brothers Solved Control With Gliders First,REJECT,3,3,3,3,3,3,Technical listing of control mechanisms; reads like an engineering summary
02,air-traffic-control-first-controller-flags,aviation,Air Traffic Control,The First Air Traffic Controller Used Flags,PASS,4,4,4,5,4,4,—
02,supersonic-flight-hypersonic-mach-five,aviation,Supersonic Flight,A Cracking Whip Breaks the Sound Barrier,PASS,5,5,5,5,4,5,—
02,flight-recorders-crash-survivable-memory,aviation,Flight Recorders,"A Flight Recorder's Memory Survives 3,400 G and 1,100°C",REVISE,4,4,3,3,3,3,"Impressive numbers (3,400 g, 1,100°C) given with no relatable comparison, so th…"
02,flying-boats-fuselage-hull,aviation,Flying Boats,The Plane With the Longest Wingspan Ever Flew Just Once,PASS,5,5,5,5,4,5,—
02,flying-boats-first-powered-seaplane,aviation,Flying Boats,The First Seaplane Took Off From Water on Plywood Floats,REJECT,3,3,3,3,3,2,Flat chronological 'first X' history note; weaker sibling of the much stronger …
02,winglets-total-wing-design,aviation,Winglets,Those Upturned Wingtips Were Inspired by Birds,PASS,4,4,4,5,4,4,—
02,drones-national-airspace,aviation,Drones,Drone Swarms Now Paint Pictures Across the Night Sky,PASS,4,4,4,5,4,4,—
02,drones-advanced-operations,aviation,Drones,Drones Parachute Blood to Remote Clinics in Rwanda,PASS,4,4,4,4,4,4,—
02,ejection-seats-pilot-safety-origin,aviation,Ejection Seats,A Test Pilot's Death Changed Martin-Baker's Mission,REJECT,3,3,3,3,3,2,Corporate-history narrative (company founder's mission) rather than a vivid wow…
02,ejection-seats-first-live-test,aviation,Ejection Seats,One Man Volunteered to Test the First Ejection Seat Himself,PASS,4,4,4,4,4,4,—
02,autopilot-straight-level-flight,aviation,Autopilot,Pilots Hand-Fly an Airliner Only a Few Minutes per Flight,PASS,4,4,4,5,4,4,—
02,autopilot-complex-flight-plans,aviation,Autopilot,Planes Can Land Themselves in Zero Visibility,PASS,4,4,4,5,4,4,—
02,hibernation-slowed-body,sleep-dreams,Hibernation,Hibernating Bears Never Get Up to Use the Bathroom,PASS,5,5,4,5,4,5,—
02,hibernation-not-all-dormancy,sleep-dreams,Hibernation,Some Frogs Freeze Solid and Come Back to Life,PASS,5,5,4,5,4,5,—
02,hibernation-bears-misleading,sleep-dreams,Hibernation,One Animal Chills Its Blood Below Freezing,PASS,4,4,4,4,4,4,—
02,lucid-dreaming-aware,sleep-dreams,Lucid Dreaming,Sleepers Have Signaled Out of Their Own Dreams,PASS,5,5,4,4,4,5,—
02,lucid-dreaming-rem,sleep-dreams,Lucid Dreaming,Scientists Have Held Conversations With Dreamers,PASS,5,5,4,4,4,5,—
02,lucid-dreaming-common,sleep-dreams,Lucid Dreaming,Time Inside a Dream Ticks at Normal Speed,PASS,4,4,4,4,4,4,—
02,nightmares-common-adults,sleep-dreams,Nightmares,A Nightmare Has Nothing to Do With Horses,PASS,4,4,4,5,4,4,—
02,nightmares-rem-second-half,sleep-dreams,Nightmares,Night Terrors Are Not Actually Nightmares,PASS,4,4,4,4,4,4,—
02,nightmares-stress-link,sleep-dreams,Nightmares,You Can Rewrite a Recurring Nightmare,PASS,4,4,4,4,4,4,—
02,sleepwalking-childhood-common,sleep-dreams,Sleepwalking,Sleepwalkers Move Around With Their Eyes Open,PASS,4,4,4,5,4,4,—
02,sleepwalking-first-hours,sleep-dreams,Sleepwalking,Waking a Sleepwalker Is Not Dangerous,REJECT,3,3,3,4,3,3,"Redundant, weaker sibling of sleepwalking-childhood-common; reads as a health-a…"
02,snoring-airway-vibration,sleep-dreams,Snoring,The Loudest Snores Rival Power Tools,PASS,4,4,4,5,4,4,—
02,snoring-common-risk,sleep-dreams,Snoring,Playing the Didgeridoo Can Cure Snoring,PASS,5,5,4,5,4,5,—
02,rem-sleep-two-phases,sleep-dreams,REM Sleep,Darting Eyes Revealed a Hidden Stage of Sleep,PASS,4,4,4,4,4,4,—
02,rem-sleep-night-cycles,sleep-dreams,REM Sleep,"In REM Sleep, Your Brain Is Awake but Your Body Is Locked",PASS,5,5,5,5,5,5,—
02,rem-sleep-muscle-atonia,sleep-dreams,REM Sleep,"When Dream Paralysis Fails, People Act Out Their Dreams",PASS,5,5,4,4,4,5,—
02,insomnia-sleep-opportunity,sleep-dreams,Insomnia,There Is an Insomnia That Slowly Kills You,PASS,5,5,4,4,4,5,—
02,insomnia-short-chronic,sleep-dreams,Insomnia,A Teenager Once Stayed Awake for 11 Days,PASS,5,5,4,5,4,5,—
02,insomnia-daytime-effects,sleep-dreams,Insomnia,A Rare Gene Lets Some People Thrive on Little Sleep,PASS,4,4,4,4,4,4,—
02,circadian-rhythm-24-hour,sleep-dreams,Circadian Rhythm,A Man Lived in a Cave to Lose Track of Time,PASS,5,5,4,5,4,5,—
02,circadian-rhythm-master-clock,sleep-dreams,Circadian Rhythm,A Plant Proved We Have an Internal Clock,PASS,4,4,4,4,4,4,—
02,circadian-rhythm-melatonin,sleep-dreams,Circadian Rhythm,Your Eyes Have Cells Just for Telling Time,PASS,4,4,4,4,4,4,—
02,naps-twenty-minutes,sleep-dreams,Naps,Dali and Edison Napped Holding a Key,PASS,5,5,4,5,4,5,—
02,naps-performance-boost,sleep-dreams,Naps,The Afternoon Slump Is Built Into Your Clock,PASS,4,4,4,5,4,4,—
02,sleep-paralysis-hallucinations,sleep-dreams,Sleep Paralysis,The Same Terrifying Figure Haunts Sleepers Worldwide,PASS,5,5,4,4,4,5,—
02,sleep-paralysis-brief,sleep-dreams,Sleep Paralysis,Sleeping on Your Back Invites Sleep Paralysis,REJECT,3,3,3,4,3,3,"Redundant, flatter sibling of the much stronger sleep-paralysis-hallucinations …"
02,memory-fading-helps-time,psychology,Memory,A Brain Surgery Left One Man Unable to Form New Memories,PASS,5,5,4,4,4,5,—
02,habits-single-experience,psychology,Habits,"Forming a New Habit Takes About 66 Days, Not 21",PASS,4,4,4,5,4,4,—
02,happiness-social-relationships,psychology,Happiness,Close Relationships Predict a Long Life Better Than Money or Fame,PASS,4,4,4,4,4,4,—
02,happiness-twins-similar-levels,psychology,Happiness,Identical Twins Often Have Similar Happiness Levels,REVISE,4,3,2,3,2,2,"Vague, hedgy language ('seem to,' 'a large chunk') with no concrete number or e…"
02,attention-cannot-focus-everything,psychology,Attention,Half of People Miss a Gorilla in Plain Sight,PASS,5,5,5,5,4,5,—
02,decision-making-environment-shapes,psychology,Decision Making,One Checkbox Decides Who Donates Organs,PASS,5,5,4,4,4,5,—
02,motivation-money-association,psychology,Motivation,Paying Kids to Draw Made Them Enjoy It Less,PASS,4,4,4,5,4,4,—
02,perception-brain-fills-gaps,psychology,Perception,Your Brain Constantly Invents Part of What You See,PASS,4,4,4,4,4,4,—
02,sleep-babies-half-rem,psychology,Sleep,Babies Spend Half Their Sleep Dreaming,REJECT,3,3,2,4,3,3,"Thin, generic body with a filler ending; subject already covered more thoroughl…"
02,sleep-half-brain-awake,psychology,Sleep,Some Animals Sleep With Half Their Brain Awake,REVISE,4,4,3,5,3,4,"Strong core fact undercut by a generic, underdeveloped body that never names a …"
02,optical-illusions-mirror-therapy,psychology,Optical Illusions,A Mirror Illusion Can Help Phantom Limb Pain,PASS,5,5,4,4,4,5,—
02,deja-vu-brain-misfire,psychology,Déjà Vu,Déjà Vu May Come From a Brain Misfire,PASS,4,4,4,4,4,4,—
03,animation-gertie-cartoon-star,movies,Animation,"The First Cartoon Star Was a Dinosaur, in 1914",BORDERLINE,3,3,3,3,3,2,"Historical/niche film trivia, thin memorability"
03,silent-films-kinetoscope-viewer,movies,Silent Films,The First Movies Were Watched by One Person at a Time,BORDERLINE,3,3,3,3,3,3,"Mildly interesting, not a strong ""wow"""
03,special-effects-miniature-physics,movies,Special Effects,"To Film a Giant Model, Filmmakers Have to Fake Physics",PASS,4,4,4,4,4,3,—
03,academy-awards-ceremony-records,movies,Academy Awards,You're Not Allowed to Sell Your Oscar,BORDERLINE,3,3,3,3,3,3,"Institutional/legal trivia, low emotional charge"
03,academy-awards-rules-eligibility,movies,Academy Awards,The Oscars Once Announced the Wrong Best Picture,PASS,4,4,4,4,4,4,—
03,movie-cameras-light-tight-box,movies,Movie Cameras,Old Silent Films Look Sped-Up by Accident,PASS,4,4,4,4,4,4,—
03,imax-sideways-film,movies,IMAX,IMAX Film Runs Sideways Through the Projector,REJECT,2,2,2,2,2,2,"Pure technical spec, no emotional payoff"
03,imax-heavy-reels,movies,IMAX,IMAX Reels Can Weigh Hundreds of Pounds,BORDERLINE,3,3,3,3,3,3,"Redundant with imax-sideways-film, still technical"
03,three-d-movies-television-threat,movies,3D Movies,3D Movies Were Hollywood's Weapon Against Television,BORDERLINE,3,3,3,3,3,3,"Business-strategy framing, moderate wow"
03,film-editing-piece-by-piece,movies,Film Editing,Psycho's Shower Scene Never Shows the Knife Touching Skin,PASS,4,4,4,4,4,4,—
03,documentaries-shape-facts,movies,Documentaries,A Famous Nature Documentary Staged Its Most Famous Scene,PASS,4,4,4,4,4,4,—
03,film-festivals-rashomon-global,movies,Film Festivals,One Golden Lion in 1951 Opened the World to Japanese Film,REJECT,2,2,2,2,2,2,Dry institutional film-history fact
03,pixar-steve-jobs-buyout,movies,Pixar,Steve Jobs Bought Pixar Before It Was Famous,REJECT,2,3,2,2,3,2,"Corporate history, low kid/teen appeal"
03,stop-motion-frame-by-frame,movies,Stop-Motion,It Took a Week to Film a Few Seconds of Coraline,PASS,4,4,4,4,4,4,—
03,stop-motion-king-kong-model,movies,Stop-Motion,King Kong Used an 18-Inch Model to Feel Huge,PASS,4,4,4,4,4,4,—
03,stop-motion-coraline-3d,movies,Stop-Motion,Coraline Was the First Stop-Motion Feature Shot in 3D,REJECT,2,2,2,2,2,2,"""First of its kind"" trivia, redundant w/ Coraline fact above"
03,movie-makeup-corrective-creative,movies,Movie Makeup,Planet of the Apes Actors Ate Lunch by Species,PASS,4,4,4,4,4,4,—
03,movie-trailers-after-movie,movies,Movie Trailers,Trailers Originally Played After the Movie,BORDERLINE,3,3,3,3,3,3,Mild wordplay-level surprise only
03,technicolor-lasting-color,movies,Technicolor,Old Technicolor Outlasts the Color Film That Replaced It,BORDERLINE,3,3,3,2,3,3,"Film-preservation topic, adult/technical"
03,olympic-games-ancient-greek-festival,sports,Olympic Games,Ancient Olympic Athletes Competed Completely Naked,PASS,4,4,4,4,4,4,—
03,olympic-games-first-champion-cook,sports,Olympic Games,The First Recorded Olympic Champion Was a Cook,BORDERLINE,3,3,2,3,3,2,"Thin body, no real payoff beyond the title"
03,soccer-worlds-most-popular-ball-game,sports,Soccer,A Soccer Match Helped Spark a Real War,PASS,4,4,4,4,4,4,—
03,marathons-26-miles-385-yards,sports,Marathons,Women Were Banned From the Olympic Marathon Until 1984,PASS,4,4,4,4,4,4,—
03,tennis-french-palm-game,sports,Tennis,Tennis Started as a French Palm Game,REJECT,2,2,2,3,2,2,"Generic ""history of X"" origin fact"
03,tennis-wimbledon-modern-rules,sports,Tennis,'Love' in Tennis May Come From the French Word for Egg,REVISE,4,4,3,4,4,4,"Hedged etymology (""may"") weakens body certainty"
03,swimming-thousands-of-years,sports,Swimming,Babies Are Born Knowing How to Hold Their Breath Underwater,PASS,5,4,4,5,4,4,—
03,swimming-olympic-obstacle-race,sports,Swimming,Olympic Swimming Once Had an Obstacle Race,REVISE,4,3,3,4,3,3,"Flat hook (""once had""), needs sharper framing"
03,track-and-field-many-events,sports,Track and Field,One Athlete Reinvented the High Jump by Going Backwards,PASS,4,4,4,4,4,4,—
03,golf-scotland-real-golf,sports,Golf,There Are Golf Balls Sitting on the Moon,PASS,5,5,4,5,4,5,—
03,skateboarding-surfing-without-waves,sports,Skateboarding,Surfers Invented Skateboarding by Bolting Roller Skates to Boards,BORDERLINE,3,3,3,4,3,3,"Standard origin-story pattern, moderate wow"
03,skateboarding-olympic-debut,sports,Skateboarding,Skateboarding's Signature Trick Is Named After a Teenager,REVISE,4,4,3,4,4,3,Body doesn't convey what makes the trick amazing
03,surfing-best-two-waves,sports,Surfing,The Biggest Wave Ever Surfed Was as Tall as a Building,PASS,5,5,4,5,4,5,—
03,chess-indian-war-game,sports,Chess,There Are More Chess Games Than Atoms in the Universe,PASS,5,5,4,5,4,5,—
03,chess-queen-power-upgrade,sports,Chess,The Queen Was Not Always the Most Powerful Piece,REJECT,2,2,2,2,2,2,"Dry rules-history, low visceral wow"
03,formula-1-name-rules,sports,Formula 1,An F1 Pit Crew Can Change Four Tires in Under 2 Seconds,PASS,4,4,4,4,4,4,—
03,formula-1-upside-down-airplane,sports,Formula 1,F1 Cars Act Like Upside-Down Airplanes,BORDERLINE,3,3,3,3,3,3,"Technical (downforce/aerodynamics), moderate wow"
03,parkour-yamakasi-movement,sports,Parkour,Parkour Was Born From a Crew Leaping Across Paris,BORDERLINE,3,3,3,4,3,3,Standard origin-story pattern
03,relativity-redefined-space-time,physics,Relativity,Travel Near Light Speed and You'd Age Slower,PASS,5,4,4,4,4,4,—
03,relativity-speed-of-light-limit,physics,Relativity,You Can Never Catch Up to a Beam of Light,PASS,5,5,4,4,4,4,—
03,relativity-gps-everyday-use,physics,Relativity,GPS Needs Relativity to Stay Accurate,BORDERLINE,3,3,3,3,3,3,"Technical/adult framing (satellites, corrections)"
03,gravity-weak-universe-shaping,physics,Gravity,A Fridge Magnet Beats the Entire Planet's Gravity,PASS,5,5,4,5,4,5,—
03,light-exact-speed,physics,Light,Light Could Circle the Earth 7 Times in One Second,PASS,5,4,4,5,4,4,—
03,quantum-mechanics-microscopic-predictions,physics,Quantum Mechanics,A Particle Can Be in Two Places at Once,PASS,4,4,4,3,4,4,—
03,quantum-mechanics-hilbert-space,physics,Quantum Mechanics,Two Particles Can Stay Linked Across the Galaxy,PASS,5,4,4,4,4,4,—
03,quantum-mechanics-measurement-probabilities,physics,Quantum Mechanics,Particles Can Pass Straight Through Solid Walls,PASS,5,5,4,4,4,4,—
03,electricity-electric-charges,physics,Electricity,Lightning Is Five Times Hotter Than the Sun,PASS,5,5,4,5,4,5,—
03,electricity-static-electron-transfer,physics,Electricity,That Doorknob Shock Is a Tiny Lightning Bolt,PASS,4,4,4,4,4,4,—
03,sound-pressure-waves,physics,Sound,"The Loudest Sound Ever Was Heard 3,000 Miles Away",PASS,5,5,4,5,4,5,—
03,sound-human-frequency-range,physics,Sound,Some Sounds Only Teenagers Can Hear,PASS,4,4,4,4,4,4,—
03,energy-capacity-to-work,physics,Energy,The Matter in a Paperclip Could Level a City,PASS,5,5,4,4,4,4,—
03,energy-conservation-law,physics,Energy,The Energy in Your Body Came From the Sun,BORDERLINE,3,3,3,4,3,3,Conceptually neat but no single sharp surprise
03,energy-joule-force-distance,physics,Energy,Your Resting Body Glows Like a Light Bulb,PASS,4,4,3,4,4,4,—
03,magnetism-moving-charges,physics,Magnetism,Earth's Magnetic Poles Have Flipped Many Times,PASS,4,4,4,4,4,4,—
03,magnetism-domains-powerful-magnets,physics,Magnetism,Animals Navigate Using Earth's Magnetism,BORDERLINE,3,3,3,4,3,3,Fairly common knowledge already
03,time-hard-to-define,physics,Time,Time Runs Faster at Your Head Than Your Feet,PASS,5,5,4,4,4,5,—
03,time-relativity-observer-dependent,physics,Time,Days Are Slowly Getting Longer,PASS,4,4,4,4,4,4,—
03,time-atomic-clocks-precision,physics,Time,The Best Clocks Won't Lose a Second in Billions of Years,REVISE,4,4,3,3,3,3,Body drifts into adult/technical (GPS/finance) framing
03,motion-force-changes-motion,physics,Motion,"In Space, a Thrown Object Coasts Forever",PASS,4,4,4,4,4,4,—
03,motion-velocity-has-direction,physics,Motion,You're Hurtling Through Space Right Now,PASS,5,5,4,5,4,5,—
03,motion-acceleration-changing-velocity,physics,Motion,Astronauts Float Because They're Constantly Falling,PASS,5,5,4,5,4,5,—
03,inertia-no-net-force,physics,Inertia,The Tablecloth Trick Works Because of Inertia,PASS,4,4,4,4,4,4,—
03,inertia-mass-resists-acceleration,physics,Inertia,A Supertanker Can Take Miles to Stop,PASS,4,4,4,4,4,4,—
03,friction-tiny-surface-interactions,physics,Friction,"In Space, Metal Parts Can Weld Themselves Together",REVISE,4,4,3,3,3,3,"Cool phenomenon, but body reads dry/engineering-focused"
03,lasers-light-copy-itself,physics,Lasers,We Fire Lasers at the Moon to Measure Its Distance,PASS,4,4,4,4,4,4,—
03,lasers-mirrors-build-beam,physics,Lasers,The Strongest Lasers Briefly Out-Power the Sun,PASS,4,4,4,4,4,4,—
03,waves-disturbance-travels,physics,Waves,Ocean Waves Barely Move the Water Forward,PASS,4,4,4,4,4,4,—
03,waves-matter-or-vacuum,physics,Waves,Ripples in Space Itself Were Detected in 2015,REVISE,4,3,3,3,3,3,Concept stays abstract; hook could be more vivid
03,waves-add-or-cancel,physics,Waves,Noise-Canceling Headphones Fight Sound With Sound,PASS,4,4,4,4,4,4,—
03,superconductivity-zero-resistance,physics,Superconductivity,A Current in a Superconductor Could Flow Forever,PASS,4,4,4,3,4,4,—
03,superconductivity-meissner-effect,physics,Superconductivity,Superconductors Can Make Magnets Float in Midair,PASS,5,5,4,4,4,5,—
03,superconductivity-cooper-pairs,physics,Superconductivity,The Material That Would End Wasted Power Doesn't Exist Yet,REJECT,2,2,2,2,3,2,"Research-aspiration framing, no concrete reveal"
03,accents-not-same-as-dialects,languages,Accents,A Head Injury Can Give You a Foreign Accent,PASS,5,5,4,4,4,5,—
03,accents-trace-migration,languages,Accents,Shakespeare Sounded Nothing Like a Posh Englishman,BORDERLINE,3,3,3,2,3,3,Requires Shakespeare/linguistics context
03,accents-never-one-per-place,languages,Accents,Even the Queen's Accent Changed Over Her Lifetime,REJECT,2,3,2,2,3,2,"Academic linguistics study, low visceral wow"
03,emojis-japanese-name,languages,Emojis,The First Emojis Now Hang in a Museum,BORDERLINE,3,3,3,4,3,3,"Moderate, not a strong reveal"
03,emojis-unicode-shared-code,languages,Emojis,Almost Everyone Quietly Replaced the Gun Emoji,PASS,4,4,4,4,4,4,—
03,emojis-replace-body-language,languages,Emojis,A Thumbs-Up Emoji Counted as a Signed Contract,PASS,5,5,4,4,4,5,—
03,hieroglyphics-always-phonetic,languages,Hieroglyphics,"One Stone Cracked a Language Dead for 1,400 Years",PASS,4,4,4,4,4,4,—
03,hieroglyphics-hieratic-daily-writing,languages,Hieroglyphics,Almost No One in Ancient Egypt Could Read,BORDERLINE,3,3,3,3,3,3,"Statistic-driven, moderate wow"
03,hieroglyphics-ancient-shipping-labels,languages,Hieroglyphics,Sacred-Looking Hieroglyphs Labeled Wine Jars,REVISE,4,4,3,4,4,3,Body stays descriptive/listy after a strong hook
03,loanwords-language-borrowing,languages,Loanwords,"English Doesn't Borrow Words, It Mugs for Them",BORDERLINE,3,4,3,3,4,3,Clever writing masks a fairly common-knowledge core fact
03,loanwords-record-cultural-contact,languages,Loanwords,"Ketchup, Sugar, and Alcohol Are All Loanwords",REVISE,4,3,3,4,3,3,"Hook is a list, not one sharp surprise"
03,loanwords-change-after-borrowing,languages,Loanwords,Some 'English' Words Were Never English at All,PASS,4,4,4,3,4,4,—
03,morse-code-frequency-shortcuts,languages,Morse Code,Morse Code Was Designed Using a Box of Printing Type,BORDERLINE,3,3,3,3,3,3,Mildly clever but niche engineering-of-language feel
03,morse-code-not-a-language,languages,Morse Code,A Prisoner Sent a Secret Message by Blinking on TV,PASS,5,5,5,4,5,5,—
03,morse-code-sos-pattern,languages,Morse Code,SOS Doesn't Actually Stand for Anything,PASS,4,4,4,4,4,4,—
03,palindromes-ancient-wordplay,languages,Palindromes,"A 2,000-Year-Old Word Puzzle No One Can Explain",PASS,4,5,4,4,4,4,—
03,palindromes-constraint-writing,languages,Palindromes,People Have Written Entire Novels as Palindromes,BORDERLINE,3,3,3,3,3,3,Impressive but hard to viscerally picture
03,sign-language-complete-language,languages,Sign Language,Deaf Babies Babble With Their Hands,PASS,5,4,4,5,4,4,—
03,sign-language-not-universal,languages,Sign Language,American Signers Can't Understand British Ones,REVISE,4,4,3,4,3,3,"Body drifts into etymology detail, losing hook's punch"
03,sign-language-face-is-grammar,languages,Sign Language,A Whole Island Once Spoke Sign Language,PASS,5,5,4,4,4,5,—
03,tongue-twisters-sound-collisions,languages,Tongue Twisters,Scientists Found a Twister So Hard People Stopped Talking,PASS,4,4,4,4,4,4,—
03,tongue-twisters-expose-speech-errors,languages,Tongue Twisters,'She Sells Seashells' Was About a Real Fossil Hunter,REVISE,4,4,3,4,3,3,"Hedged (""may,"" ""many believe"") weakens the claim"
03,tongue-twisters-practice-tools,languages,Tongue Twisters,Tongue Twisters Have Been Used to Catch Spies,PASS,4,4,4,4,4,4,—
03,writing-systems-represent-language,languages,Writing Systems,Writing Was Invented From Scratch Only a Few Times,BORDERLINE,3,3,3,3,3,3,Academic framing of an interesting idea
03,writing-systems-sound-or-meaning,languages,Writing Systems,One Man Invented a Whole Writing System Alone,PASS,5,4,4,4,4,4,—
03,writing-systems-defeat-distance-time,languages,Writing Systems,Some Ancient Writing Has Never Been Cracked,BORDERLINE,3,3,3,3,3,3,"Mystery hook decent, body listy (Linear A + rongorongo)"
03,alphabet-name-alpha-beta,languages,Alphabet,The Letter A Is an Upside-Down Ox,PASS,4,4,4,4,4,4,—
03,alphabet-greeks-added-vowels,languages,Alphabet,Many Written Languages Skip the Vowels,BORDERLINE,3,3,3,3,3,3,"Moderate, somewhat abstract for younger readers"
03,alphabet-fewer-symbols,languages,Alphabet,Alphabets Range From 12 Letters to Over 70,REJECT,2,2,2,3,2,2,"Statistic-only hook, no visual/emotional anchor"
03,dictionaries-began-bilingual,languages,Dictionaries,The Oxford Dictionary Was Crowdsourced by Mail,PASS,5,4,5,4,4,5,—
03,dictionaries-not-always-alphabetical,languages,Dictionaries,Dictionaries Hide Fake Words to Catch Copycats,PASS,4,4,4,4,4,4,—
03,dictionaries-never-finished,languages,Dictionaries,An 18th-Century Dictionary Was Full of Sass,PASS,4,4,4,4,4,4,—
03,punctuation-originally-for-reading-aloud,languages,Punctuation,A Librarian Invented Punctuation,BORDERLINE,3,3,3,3,3,3,"Standard ""invented by"" pattern"
03,punctuation-spaces-enabled-silent-reading,languages,Punctuation,Ancient Writing Had No Spaces Between Words,PASS,4,4,4,4,5,4,—
03,punctuation-comma-from-slash,languages,Punctuation,Typewriters Had No Exclamation Point Key,PASS,4,4,4,4,4,4,—
03,translation-more-than-word-swapping,languages,Translation,A Translation Slip Convinced the World Mars Had Canals,PASS,5,4,4,4,4,5,—
03,translation-printing-press-demand,languages,Translation,The Most Translated Document Isn't a Holy Book,REJECT,3,3,2,2,3,2,"Adult/institutional (UN document), low kid/teen appeal"
03,translation-machine-vs-cat,languages,Translation,Early Machine Translation Turned Spirit Into Vodka,REVISE,4,4,3,4,4,4,"Hedged (""famous tale claims... whether true"") undercuts payoff"
03,atlantis-from-plato,myths-legends,Atlantis,A Real Volcanic Disaster May Be Behind Atlantis,REVISE,4,3,4,4,3,3,"Hedged, academic ""leading theories"" framing softens hook"
03,atlantis-sank-in-one-day,myths-legends,Atlantis,A US Congressman Launched the Modern Atlantis Craze,BORDERLINE,3,3,3,3,3,2,Requires knowing Ignatius Donnelly; niche history
03,atlantis-history-debate,myths-legends,Atlantis,The Nazis Went Searching for Atlantis,BORDERLINE,4,4,3,3,3,3,Sensitive/adult subject matter for full age range
03,dragons-appear-worldwide,myths-legends,Dragons,Eastern Dragons Are the Opposite of Western Ones,PASS,4,4,4,4,4,4,—
03,dragons-east-west-difference,myths-legends,Dragons,Old Maps Almost Never Said 'Here Be Dragons',PASS,4,4,4,4,4,4,—
03,dragons-hero-test,myths-legends,Dragons,"There's a Real Dragon, and It's Venomous",PASS,5,5,4,5,4,5,—
03,egyptian-religion-cosmos-order,myths-legends,Egyptian Religion,Egyptian Embalmers Threw the Brain Away,PASS,5,5,4,5,4,5,—
03,egyptian-religion-many-gods,myths-legends,Egyptian Religion,Your Heart Was Weighed Against a Feather After Death,PASS,4,4,4,4,4,4,—
03,egyptian-religion-afterlife,myths-legends,Egyptian Religion,Egypt Made Millions of Animal Mummies,REVISE,4,4,3,4,3,3,"Body list-like (breeders, catacombs) without one sharp payoff"
03,fairies-not-always-sweet,myths-legends,Fairies,Two Girls Faked Fairy Photos and Fooled a Genius,PASS,4,4,4,4,4,4,—
03,fairies-global-analogues,myths-legends,Fairies,People Called Fairies 'the Good Folk' Out of Fear,BORDERLINE,3,3,3,3,3,3,"Moderate, some dark undertones (changelings)"
03,fairies-close-to-humans,myths-legends,Fairies,"Fairy Rings Are Real, Just Not Magic",PASS,4,4,4,4,4,4,—
03,greek-mythology-many-sources,myths-legends,Greek Mythology,The Greek Gods Behaved Like a Bad Soap Opera,REVISE,3,4,3,4,3,3,"Body diffuse — a survey of examples, not one idea"
03,greek-mythology-not-one-kind,myths-legends,Greek Mythology,You Speak Greek Mythology Every Day,PASS,4,5,4,4,4,4,—
03,greek-mythology-art-afterlife,myths-legends,Greek Mythology,Greek Monsters May Have Been Misread Fossils,PASS,5,4,4,4,4,5,—
03,king-arthur-history-uncertain,myths-legends,King Arthur,One Medieval Writer Mostly Invented King Arthur,BORDERLINE,3,3,3,3,3,3,Requires Arthur-legend background context
03,king-arthur-round-table,myths-legends,King Arthur,Lancelot and Camelot Were French Additions,REJECT,2,2,3,2,3,2,Niche literary history (Chretien de Troyes)
03,king-arthur-medieval-expansion,myths-legends,King Arthur,Monks 'Found' King Arthur's Grave for Tourism,PASS,4,4,4,4,4,4,—
03,kraken-scandinavian-sea-monster,myths-legends,Kraken,A Famous Scientist Listed the Kraken as Real,BORDERLINE,3,3,3,3,3,3,Requires knowing Linnaeus for full payoff
03,kraken-may-reflect-squid,myths-legends,Kraken,Sailors Feared the Kraken Was as Big as an Island,PASS,4,4,4,4,4,4,—
03,kraken-ocean-fear,myths-legends,Kraken,'Release the Kraken!' Gave the Monster New Life,BORDERLINE,3,3,3,4,3,3,"Pop-culture reference list, not a single vivid surprise"
03,loch-ness-home,myths-legends,Loch Ness Monster,Nessie's Most Famous Photo Was a Toy Submarine,PASS,4,4,4,4,4,4,—
03,loch-ness-surgeons-photo-hoax,myths-legends,Loch Ness Monster,"The Loch Ness Legend Is 1,400 Years Old",BORDERLINE,3,3,3,3,3,3,Redundant with 3 other Loch Ness facts in batch
03,loch-ness-global-myth,myths-legends,Loch Ness Monster,"A DNA Survey Found No Monster, but Lots of Eels",PASS,4,4,4,4,4,4,—
03,mermaids-half-human-sea,myths-legends,Mermaids,Columbus Saw 'Mermaids' That Were Really Manatees,PASS,4,4,4,4,4,4,—
03,mermaids-sailor-stories,myths-legends,Mermaids,A Famous 'Mermaid' Was a Monkey Sewn to a Fish,PASS,5,5,4,5,4,5,—
03,mermaids-andersen-changed-image,myths-legends,Mermaids,"The Original Sirens Were Bird-Women, Not Fish",BORDERLINE,3,3,3,3,3,3,"Moderate, mythology-nerd appeal mainly"
03,minotaur-man-bull,myths-legends,Minotaur,'Labyrinth' Comes From a Double-Headed Axe,BORDERLINE,3,3,3,3,3,3,"Niche etymology, academic feel"
03,minotaur-labyrinth-prison,myths-legends,Minotaur,Athens Sent Teenagers to Be Eaten by the Minotaur,PASS,4,4,4,4,4,4,—
03,minotaur-theseus-thread,myths-legends,Minotaur,'Ariadne's Thread' Became a Real Problem-Solving Term,BORDERLINE,3,3,3,3,3,3,Abstract payoff (logic/engineering term)
03,phoenix-only-one,myths-legends,Phoenix,Nearly Every Culture Has a Phoenix,BORDERLINE,3,3,3,4,3,3,"Body is a list of cultures, not one sharp idea"
03,phoenix-reborn-from-fire,myths-legends,Phoenix,The Phoenix Builds Its Own Funeral Pyre,PASS,4,4,4,4,4,4,—
03,phoenix-heliopolis-ashes,myths-legends,Phoenix,"Phoenix, Arizona Was Named for Rising From Ruins",BORDERLINE,3,3,3,3,3,3,"US-centric, redundant with 2 other phoenix facts"
03,sasquatch-footprint-legend,myths-legends,Sasquatch,The FBI Once Tested Bigfoot Hair,PASS,4,4,4,4,4,4,—
03,sasquatch-patterson-film,myths-legends,Sasquatch,The Name 'Bigfoot' Came From a Prankster's Wooden Feet,PASS,4,4,4,4,4,4,—
03,sasquatch-pop-culture,myths-legends,Sasquatch,One Shaky 1967 Film Still Divides People,BORDERLINE,3,3,3,3,3,3,"Weakest of 3 Bigfoot facts in batch, more descriptive"
03,unicorn-one-horn,myths-legends,Unicorns,Narwhal Tusks Were Sold as Unicorn Horns,PASS,4,4,4,4,4,4,—
03,unicorns-purity-symbol,myths-legends,Unicorns,Scotland's National Animal Is the Unicorn,REVISE,4,4,3,4,3,4,"Body thin/historical, doesn't match hook's charm"
03,unicorns-tapestry-fame,myths-legends,Unicorns,The Unicorn May Be a Garbled Rhino,BORDERLINE,3,3,3,3,3,3,"Hedged theory (""scholars suspect"")"
03,werewolves-trials-europe,myths-legends,Werewolves,Some People Truly Believe They Turn Into Animals,PASS,4,4,4,4,4,4,—
03,werewolves-medical-theories,myths-legends,Werewolves,Full Moons and Silver Bullets Came From Hollywood,PASS,4,4,4,4,4,4,—
03,yeti-himalayan-snowline,myths-legends,Yeti,Tested 'Yeti' Remains Keep Turning Out to Be Bears,PASS,4,4,4,4,4,4,—
03,yeti-footprints-bears,myths-legends,Yeti,'Abominable Snowman' Is a Translation Mistake,BORDERLINE,3,3,3,3,3,3,"Redundant with 2 other Yeti facts, weaker payoff"
03,yeti-rare-sightings,myths-legends,Yeti,One 1951 Photo Launched the Yeti Craze,BORDERLINE,3,3,3,3,3,3,Redundant with 2 other Yeti facts
03,norse-mythology-world-tree,myths-legends,Norse Mythology,Loki Gave Birth to Odin's Eight-Legged Horse,PASS,5,5,4,4,4,5,—
03,norse-mythology-ragnarok,myths-legends,Norse Mythology,Most Norse Myths Were Written Down by a Christian,REJECT,2,2,3,2,3,2,"Source-criticism/historiography, academic"
03,norse-mythology-fragmentary-sources,myths-legends,Norse Mythology,Valhalla's Warriors Train for a Battle They'll Lose,PASS,4,4,4,4,4,4,—
03,battlements-crenels-merlons,castles-fortresses,Battlements,"In Italy, Battlement Shapes Showed Your Politics",BORDERLINE,3,3,3,3,3,3,Requires Guelph/Ghibelline context
03,battlements-dropped-objects,castles-fortresses,Battlements,Pouring Boiling Oil From Castles Is Mostly a Myth,PASS,4,4,4,4,4,4,—
03,battlements-became-decoration,castles-fortresses,Battlements,You Needed Royal Permission to Add Battlements,BORDERLINE,3,3,3,3,3,2,Administrative/bureaucratic framing
03,drawbridges-controlled-access,castles-fortresses,Drawbridges,"The Castle Gate Became Its Strongest Point, Not Its Weakest",BORDERLINE,3,3,3,3,3,3,"Conceptual but procedural, no vivid single image"
03,drawbridges-could-swing,castles-fortresses,Drawbridges,A Counterweight Let One Person Raise a Drawbridge,BORDERLINE,3,3,3,3,3,3,"Mechanical explanation, moderate wow"
03,japanese-castles-power-display,castles-fortresses,Japanese Castles,Himeji Castle's Path Is a Maze to Trap Attackers,PASS,4,4,4,4,4,4,—
03,japanese-castles-stone-bases,castles-fortresses,Japanese Castles,Japanese Castles Were Built to Ride Out Earthquakes,PASS,4,4,4,4,4,4,—
03,japanese-castles-adapted-over-time,castles-fortresses,Japanese Castles,Some Castle Floors Were Built to Squeak on Purpose,PASS,5,5,4,5,4,5,—
03,medieval-castles-motte-bailey,castles-fortresses,Medieval Castles,Normans Conquered England by Building Castles in Days,BORDERLINE,3,3,3,3,3,3,Requires 1066/Norman conquest context
03,medieval-castles-stone-evolution,castles-fortresses,Medieval Castles,Many Castles Were Deliberately Wrecked After Wars,BORDERLINE,3,3,3,3,3,3,"Moderate myth-correction, not very visual"
03,medieval-castles-defense-layers,castles-fortresses,Medieval Castles,A Legendary Crusader Castle Fell to a Forged Letter,PASS,4,4,4,4,4,4,—
03,siege-towers-moving-platforms,castles-fortresses,Siege Towers,Attackers Had to Fill the Moat Before Rolling the Tower,BORDERLINE,3,3,3,3,3,3,"Procedural, reads like a ""how sieges worked"" step"
03,siege-towers-protected-approach,castles-fortresses,Siege Towers,Siege Towers Were Huge Gambles That Often Burned,BORDERLINE,3,3,3,3,3,3,"Moderate, procedural framing"
03,siege-towers-engineering-scale,castles-fortresses,Siege Towers,A Failed Siege Tower Helped Build the Colossus of Rhodes,PASS,5,4,4,4,4,5,—
03,fortresses-before-castles,castles-fortresses,Fortresses,One Engineer Turned Sieges Into Predictable Math,BORDERLINE,3,3,3,2,3,2,Abstract military-engineering framing
03,fortresses-many-purposes,castles-fortresses,Fortresses,The Age of the Fortress Ended When Armies Drove Around It,BORDERLINE,3,3,3,3,3,3,Requires WWII/Maginot Line context
03,fortresses-artillery-changed-design,castles-fortresses,Fortresses,Cannons Forced Forts Into Strange Star Shapes,PASS,4,4,4,4,4,4,—
03,dungeon-myths-not-always-underground,castles-fortresses,Dungeon Myths,The Word 'Dungeon' Once Meant the Grandest Tower,PASS,4,4,4,4,4,4,—
03,dungeon-myths-prison-not-common,castles-fortresses,Dungeon Myths,"Captured Nobles Were Ransomed, Not Thrown in a Cell",BORDERLINE,3,3,3,3,3,3,Moderate myth-correction
03,dungeon-myths-oubliette,castles-fortresses,Dungeon Myths,Many 'Oubliettes' Were Really Just Storage Pits,BORDERLINE,3,3,3,3,3,2,"Anticlimactic myth-correction, reduces rather than builds wonder"
03,hillforts-ramparts-ditches,castles-fortresses,Hillforts,"Britain and Ireland Have Over 4,000 Hillforts",BORDERLINE,3,3,2,3,2,2,"Statistic-only hook, no vivid image beyond the count"
03,hillforts-not-just-war,castles-fortresses,Hillforts,Some Hillforts May Have Been Built to Show Off,BORDERLINE,3,3,3,3,3,3,Academic archaeological speculation
03,hillforts-earth-house,castles-fortresses,Hillforts,Britain's 'Maiden Castle' Is No Castle at All,BORDERLINE,3,3,3,3,3,3,Decent scale comparison but moderate overall
03,castle-keeps-last-refuge,castles-fortresses,Castle Keeps,Many Castle Keeps Had No Ground-Floor Door,BORDERLINE,3,3,3,3,3,3,Moderate defensive-design fact
03,castle-keeps-three-types,castles-fortresses,Castle Keeps,Round Keeps Were Invented to Defeat Tunnelers,PASS,4,4,4,4,4,4,—
03,castle-keeps-contained-life,castles-fortresses,Castle Keeps,Castle Keeps Had Rooms Built Inside Their Walls,BORDERLINE,3,3,3,3,3,3,Moderate visual concept
03,moats-obstacle-design,castles-fortresses,Moats,Castle Moats Were Often Stinking Sewers,PASS,4,4,4,5,4,4,—
03,moats-stopped-siege-machines,castles-fortresses,Moats,A Moat's Real Job Was Often to Stop Tunneling,BORDERLINE,3,3,3,3,3,3,Moderate conceptual reveal
03,moats-earth-reused,castles-fortresses,Moats,Plenty of Castle Moats Held No Water at All,REJECT,2,2,3,3,2,2,"Weakest of 3 moat facts, low hook strength"
03,smiling-duchenne-muscles,human-behavior,Smiling,The 'Real Smile' Is Named After a Doctor Who Shocked Faces,PASS,4,4,4,4,4,4,—
03,smiling-short-expression,human-behavior,Smiling,Babies Smile Before They Are Even Born,PASS,4,4,4,5,4,4,—
03,smiling-contagious-response,human-behavior,Smiling,A Smile Is Not Friendly Everywhere,BORDERLINE,3,3,3,4,3,3,Moderate cultural-trivia fact
03,eye-contact-cultural-meaning,human-behavior,Eye Contact,Staring Into a Stranger's Eyes Can Spark Love,PASS,4,4,4,4,4,4,—
03,eye-contact-hierarchy,human-behavior,Eye Contact,You Look Away Because Eye Contact Is Hard Work,BORDERLINE,3,3,3,4,3,3,"Useful insight, not a strong shock"
03,eye-contact-engagement,human-behavior,Eye Contact,Your Pupils Give Away What You Like,PASS,4,4,4,4,4,4,—
03,personal-space-invisible-bubble,human-behavior,Personal Space,Your Sense of Personal Space Lives in One Brain Spot,PASS,4,4,4,4,4,4,—
03,personal-space-learned-rules,human-behavior,Personal Space,Conversations Can Turn Into a Slow Dance,PASS,4,4,4,4,4,4,—
03,handshakes-empty-hands,human-behavior,Handshakes,The Handshake May Have Begun as a Weapon Check,BORDERLINE,3,3,3,4,3,3,Hedged origin theory
03,handshakes-ancient-relief,human-behavior,Handshakes,"A Handshake Was Carved in Stone Nearly 3,000 Years Ago",REJECT,3,3,2,3,2,2,"Dry historical footnote, thin body"
03,handshakes-quaker-greeting,human-behavior,Handshakes,The Handshake Is a Germ Superhighway,PASS,4,4,4,4,4,4,—
03,facial-expressions-emotional-signals,human-behavior,Facial Expressions,An Isolated Tribe Proved Some Faces Are Universal,PASS,4,4,4,4,4,4,—
03,facial-expressions-evolution,human-behavior,Facial Expressions,A Blank Face Can Distress a Baby in Minutes,PASS,4,4,4,4,4,4,—
03,facial-expressions-universal,human-behavior,Facial Expressions,Blind Athletes Make Faces They Have Never Seen,PASS,5,5,4,4,4,5,—
03,posture-dynamic-static,human-behavior,Posture,Standing Like a Superhero Sparked a Science War,BORDERLINE,3,3,3,3,3,3,"Meta-science/replication-crisis framing, adult"
03,posture-spine-curves,human-behavior,Posture,Your Phone Puts 60 Pounds on Your Neck,PASS,4,4,4,4,4,4,—
03,posture-health-effects,human-behavior,Posture,Fidgeting Can Quietly Burn Off a Meal,BORDERLINE,3,3,3,4,3,3,"Mild wow, practically interesting only"
03,gestures-co-speech,human-behavior,Gestures,The Same Hand Sign Can Be a Grave Insult Abroad,PASS,4,4,4,4,4,4,—
03,gestures-before-words,human-behavior,Gestures,Even Blind People Gesture With Their Hands While Talking,PASS,4,4,4,4,4,4,—
03,gestures-reveal-thinking,human-behavior,Gestures,Italian Hand Gestures Are Almost a Language,BORDERLINE,3,3,3,4,3,3,Confirms a stereotype rather than surprises
03,laughter-social-signal,human-behavior,Laughter,Most Laughter Has Nothing to Do With Jokes,PASS,4,4,4,4,4,4,—
03,laughter-contagious,human-behavior,Laughter,Rats Giggle When You Tickle Them,PASS,5,5,4,5,4,5,—
03,laughter-not-always-jokes,human-behavior,Laughter,A Laughing Epidemic Once Shut Down Schools,PASS,5,4,4,4,4,5,—
03,microexpressions-fraction-second,human-behavior,Microexpressions,A Hit TV Show Was Built on Microexpressions,REJECT,2,3,2,2,3,2,"Dated pop-culture reference, low universal appeal"
03,microexpressions-macro-difference,human-behavior,Microexpressions,Some Expressions Vanish in a 25th of a Second,BORDERLINE,3,3,3,3,3,3,"Technical framing, redundant w/ other microexpression facts"
03,microexpressions-universal-signals,human-behavior,Microexpressions,A Program to Read Faces Cost Nearly $1 Billion,BORDERLINE,3,3,3,2,3,3,Adult/security-policy context (TSA-style program)
03,crossed-arms-not-always-defensive,human-behavior,Crossed Arms,Crossing Your Arms Can Actually Reduce Pain,PASS,4,4,4,4,4,4,—
03,crossed-arms-negative-default,human-behavior,Crossed Arms,Folded Arms Can Make You More Stubborn,BORDERLINE,3,3,3,4,3,3,"Mild, moderately actionable insight"
03,crossed-arms-context-matters,human-behavior,Crossed Arms,You Always Fold Your Arms the Same Way,PASS,4,4,4,5,4,4,—
04,venus-day-longer-than-year,space,Venus,A Day on Venus Is Longer Than a Year,PASS,4,5,4,5,4,5,—
04,venus-backwards-rotation,space,Venus,Venus Spins Backward,PASS,4,4,4,5,4,4,Minor topical overlap with venus-day-longer
04,mars-planet-of-robots,space,Mars,Mars Is Entirely Inhabited by Robots,REJECT,2,3,3,4,3,2,Wordplay dressing up common knowledge
04,mars-search-for-life,space,Mars,Sunsets on Mars Are Blue,PASS,5,5,4,5,5,5,—
04,mars-ai-driving,space,Mars,A Rover Has Used AI to Drive on Another Planet,REVISE,3,3,3,3,3,2,Tech-trivia framing undersells the drama
04,asteroids-older-than-earth,space,Asteroids,Asteroids Are Older Than Earth,REJECT,2,2,3,3,3,2,Obvious once stated; no real twist
04,asteroids-less-mass-than-moon,space,Asteroids,All the Asteroids Together Weigh Less Than the Moon,PASS,4,4,4,4,4,4,—
04,asteroids-dart-changed-orbit,space,Asteroids,Humans Have Successfully Moved an Asteroid,PASS,4,4,4,4,4,4,—
04,exoplanets-more-than-stars,space,Exoplanets,There Are More Planets Than Stars in Our Galaxy,REVISE,3,3,3,3,3,3,"Abstract number, no visual anchor"
04,exoplanets-rogue-planets,space,Exoplanets,Some Planets Wander Through Space Alone,PASS,4,4,4,4,4,4,—
04,exoplanets-strange-worlds,space,Exoplanets,Scientists Have Found Lava Worlds and Styrofoam Worlds,PASS,5,4,4,4,4,4,—
04,comets-million-mile-tails,space,Comets,A Comet's Tail Always Points Away From the Sun,PASS,4,4,4,4,4,4,—
04,comets-shoemaker-jupiter,space,Comets,A Comet Once Crashed Into Jupiter,REVISE,3,3,3,3,3,3,"Dramatic event, flat under-written body"
04,comets-oumuamua-first,space,Comets,'Oumuamua Was Humanity's First Known Interstellar Visitor,REVISE,3,3,3,3,3,3,Doesn't cash in the object's actual weirdness
04,dwarf-planets-hundreds-more,space,Dwarf Planets,"Only Five Dwarf Planets Are Official, but Many More Are Out There",REVISE,2,2,3,3,3,2,"Listy, bureaucratic framing"
04,dwarf-planets-haumea-fast-spin,space,Dwarf Planets,Haumea Is One of the Fastest-Spinning Worlds Known,PASS,4,4,4,4,4,4,—
04,dwarf-planets-definition-created-2006,space,Dwarf Planets,The Official Planet Definition Didn't Exist Until 2006,REJECT,2,2,2,2,3,2,Bureaucratic/administrative history
04,jupiter-thousand-earths,space,Jupiter,One Thousand Earths Could Fit Inside Jupiter,PASS,4,4,4,5,4,5,—
04,jupiter-shortest-day,space,Jupiter,Jupiter Has the Shortest Day in the Solar System,REVISE,3,3,3,4,3,3,"""X has the most Y"" hook pattern is flat"
04,jupiter-great-red-spot,space,Jupiter,Jupiter's Great Red Spot Is Slowly Disappearing,PASS,4,4,4,4,4,4,—
04,saturn-titan-lakes,space,Saturn,One of Saturn's Moons Has Lakes and Rain,PASS,5,4,4,4,4,4,—
04,saturn-enceladus-ocean,space,Saturn,A Small Moon May Hide an Ocean Beneath Its Ice,PASS,4,4,4,4,4,4,Minor overlap with moon-europa-ocean
04,uranus-sideways-planet,space,Uranus,Uranus Rotates on Its Side,PASS,4,4,4,4,4,4,—
04,uranus-coldest-planet,space,Uranus,"Neptune Sits Farther From the Sun, Yet Uranus Is Colder",REVISE,3,3,4,3,3,3,Overlong hook; repeats tilt fact from sibling
04,uranus-discovered-by-telescope,space,Uranus,The First New Planet in Human History Was Mistaken for a Comet,PASS,4,4,4,4,4,4,—
04,pluto-heart-shape,space,Pluto,Pluto Has a Giant Heart on Its Surface,PASS,4,5,4,5,4,5,—
04,pluto-blue-sky,space,Pluto,Pluto Has a Blue Sky,PASS,4,4,4,4,4,4,—
04,pluto-charon-size,space,Pluto,Pluto and Its Moon Orbit a Point in Empty Space,PASS,4,4,4,4,4,4,—
04,solar-system-galactic-year,space,Solar System,One Trip Around the Galaxy Takes 230 Million Years,PASS,4,4,4,4,4,4,—
04,solar-system-only-24-moonwalkers,space,Solar System,Only 24 Humans Have Ever Traveled to the Moon,PASS,4,4,4,5,4,5,—
04,solar-system-life-only-earth,space,Solar System,A Hidden Ninth Planet May Be Lurking Out There,PASS,4,4,4,4,4,4,"Topic/id mismatch (data hygiene, not a scoring issue)"
04,sun-billions-of-twins,space,Sun,The Sunlight on Your Skin Is Thousands of Years Old,PASS,5,5,4,4,4,5,—
04,sun-creates-auroras,space,Sun,The Northern Lights Are the Sun Crashing Into Our Air,BORDERLINE,3,3,3,4,3,3,Fairly common knowledge already
04,kuiper-belt-neptune-stopped-planet,space,Kuiper Belt,Neptune May Have Stopped a Planet From Forming,BORDERLINE,3,3,3,3,3,2,Concept stays abstract even explained
04,kuiper-belt-pluto-avoids-neptune,space,Kuiper Belt,Pluto Crosses Neptune's Orbit but Avoids Neptune,REVISE,3,3,3,3,3,3,"""Resonance"" mechanic under-dramatized"
04,kuiper-belt-arrokoth-red-snowman,space,Kuiper Belt,A Spacecraft Visited a Red Snowman World,PASS,4,4,4,4,4,4,—
04,oort-cloud-voyager-300-years,space,Oort Cloud,Voyager 1 Still Has 300 Years to Reach the Oort Cloud,BORDERLINE,3,3,3,3,3,3,Redundant w/ comets-before-humans (stronger)
04,oort-cloud-sunlight-takes-days,space,Oort Cloud,Sunlight Takes Days to Reach the Oort Cloud,BORDERLINE,3,3,3,3,3,2,Redundant w/ comets-before-humans (stronger)
04,oort-cloud-comets-before-humans,space,Oort Cloud,Some Comets Last Visited Before Humans Existed,PASS,4,4,4,4,4,4,Strongest of 3 Oort Cloud facts — keep this one
04,meteor-showers-no-meteorites,space,Meteor Showers,Meteor Showers Usually Don't Drop Meteorites,BORDERLINE,3,3,3,3,3,3,"Mild counterintuitive, not a strong ""wow"""
04,meteor-showers-tons-fall-daily,space,Meteor Showers,About 48 Tons of Space Rock Hit Earth Every Day,PASS,4,4,4,4,4,4,—
04,voyager-program-voyager-2-launched-first,space,Voyager Program,Voyager 2 Launched Before Voyager 1,REJECT,2,3,2,3,3,2,"Pure technicality (numbering), no meaningful surprise"
04,voyager-program-giant-planet-tour,space,Voyager Program,Only One Spacecraft Has Ever Visited Uranus or Neptune,PASS,4,4,4,4,4,4,—
04,moon-volcanoes-io,space,Moons,One Moon Has Hundreds of Active Volcanoes,PASS,4,4,4,4,4,4,—
04,moon-europa-ocean,space,Moons,A Moon May Hide More Water Than Earth,PASS,4,4,4,4,4,4,Minor overlap with saturn-enceladus-ocean
04,moon-ganymede-biggest,space,Moons,The Largest Moon Is Bigger Than Mercury,PASS,4,4,4,4,4,4,—
04,artificial-intelligence-wasp-example,artificial-intelligence,Artificial Intelligence,Artificial Intelligence Got Its Name at a 1956 Summer Workshop,BORDERLINE,3,3,3,3,3,3,"Trivia, not wonder; part of a redundant AI-origin-story trio"
04,machine-learning-pattern-learning,artificial-intelligence,Machine Learning,An AI's Move Was So Strange Experts Called It a Mistake,PASS,5,5,4,4,4,5,—
04,neural-networks-weighted-paths,artificial-intelligence,Neural Networks,A 1958 'Thinking Machine' Was Hyped to Soon Walk and Talk,BORDERLINE,3,4,3,3,3,3,AI-winter funding context skews adult/niche
04,robotics-uncanny-valley,artificial-intelligence,Robotics,A Robot That's 99% Human Is Creepier Than One That's 50%,PASS,4,4,4,4,4,4,—
04,computer-vision-machines-see,artificial-intelligence,Computer Vision,Teaching Computers to See Was Once a Summer Homework Project,REVISE,4,4,3,3,3,3,Doesn't reveal *why* it was so hard
04,natural-language-processing-more-than-speech,artificial-intelligence,Natural Language Processing,A Translation AI Seemed to Invent Its Own Language,PASS,5,5,4,3,4,4,—
04,chatbots-eliza-first,artificial-intelligence,Chatbots,People Poured Their Hearts Out to the First Chatbot,PASS,4,5,4,4,4,5,—
04,generative-ai-new-content-prompts,artificial-intelligence,Generative AI,An AI Image Won an Art Contest and Outraged Artists,PASS,4,4,4,4,4,4,—
04,deep-learning-many-layers,artificial-intelligence,Deep Learning,One 2012 Contest Win Kicked Off the AI Boom,REJECT,2,3,2,2,3,2,Only surprising to industry specialists
04,turing-test-chinese-room,artificial-intelligence,Turing Test,A Man in a Room Can Fake Chinese He Doesn't Speak,REJECT,3,3,2,2,3,2,"Philosophical puzzle, no delivered payoff"
04,ai-hallucinations-real-world-harm,artificial-intelligence,AI Hallucinations,A Lawyer Got in Trouble for Citing AI's Made-Up Cases,PASS,4,4,4,4,4,4,—
04,recommendation-systems-guess-next,artificial-intelligence,Recommendation Systems,Netflix Paid $1 Million to Improve Its Recommendations,BORDERLINE,3,3,3,3,3,3,"Business-history trivia, moderate wow"
04,ai-ethics-help-harm,artificial-intelligence,AI Ethics,Microsoft's Chatbot Turned Hateful in Under 24 Hours,PASS,4,4,4,4,4,4,—
04,ai-ethics-biased-data,artificial-intelligence,AI Ethics,Amazon Built a Hiring AI That Taught Itself to Reject Women,PASS,4,4,4,3,4,4,—
04,reinforcement-learning-reward-signal,artificial-intelligence,Reinforcement Learning,An AI Taught Itself Chess in Four Hours and Crushed the Best,PASS,5,5,4,4,4,5,—
04,nintendo-playing-card-origin,video-games,Nintendo,Nintendo Started With Handmade Playing Cards,PASS,4,4,4,4,4,4,—
04,nintendo-ultra-hand-toy,video-games,Nintendo,A Toy Arm Helped Nintendo Break Into Toys,BORDERLINE,3,3,3,3,3,3,"Mild trivia, low stakes"
04,nintendo-nes-revival,video-games,Nintendo,Nintendo Rebuilt Trust by Controlling Every Cartridge,REJECT,2,2,2,2,3,2,Corporate/industry strategy history
04,pac-man-less-violent-design,video-games,Pac-Man,Pac-Man Was Designed to Be Less Violent,BORDERLINE,2,3,2,3,3,2,"Mild design trivia, little payoff"
04,pac-man-food-gameplay,video-games,Pac-Man,Pac-Man Has a Hidden 'Kill Screen',PASS,4,4,4,4,4,4,—
04,pac-man-paku-paku-name,video-games,Pac-Man,Pac-Man's Name Came From Japanese Slang,BORDERLINE,3,3,3,4,3,3,Cute but slight
04,minecraft-virtual-blocks,video-games,Minecraft,A Solo Side Project Outsold Every Game in History,PASS,4,4,4,5,4,4,—
04,playstation-failed-nintendo-deal,video-games,PlayStation,PlayStation Grew Out of a Failed Nintendo Deal,PASS,4,4,4,4,4,4,—
04,atari-cartridge-shift,video-games,Atari,Atari Buried Millions of Bad Games in the Desert,PASS,5,5,4,4,4,5,—
04,pokemon-more-than-game,video-games,Pokémon,"Pokemon Has Out-Earned Star Wars, Marvel, and Mickey Mouse",PASS,4,4,4,5,4,4,—
04,arcade-games-coin-op-design,video-games,Arcade Games,Arcade Games Were Deliberately Built to Swallow Your Coins,PASS,4,4,4,4,4,4,—
04,esports-magazine-prize,video-games,Esports,The First Esports Prize Was a Magazine Subscription,PASS,4,4,4,4,4,4,—
04,esports-space-invaders-high-scores,video-games,Esports,Space Invaders Turned High Scores Into Competition,REJECT,2,2,2,3,3,2,Weaker duplicate of esports-magazine-prize
04,tetris-game-boy-stardom,video-games,Tetris,Tetris Made Millions While Its Soviet Creator Earned Nothing,PASS,4,4,4,4,4,4,—
04,virtual-worlds-being-there,video-games,Virtual Worlds,People Earn Real Wages Inside Video Games,REVISE,4,3,3,3,3,3,Needs a concrete anecdote/number to land
04,virtual-worlds-vr-term-1987,video-games,Virtual Worlds,"One Video-Game Battle Destroyed $300,000 of Real Money",PASS,5,4,4,4,4,4,"Topic/id mismatch (data hygiene, not a scoring issue)"
04,zelda-childhood-exploration,video-games,The Legend of Zelda,Zelda Was Born From Miyamoto's Boyhood Explorations,BORDERLINE,3,3,3,3,3,3,"Gentle, not surprising"
04,zelda-breath-wild-reinvention,video-games,The Legend of Zelda,Breath of the Wild Outsold Every Zelda Before It in 14 Months,REJECT,2,2,2,3,2,2,Reads like marketing copy/sales stats
04,mario-landlord-name,video-games,Mario,Mario Was Named After Nintendo's Landlord,PASS,4,4,4,4,4,4,—
04,easter-eggs-hidden-credit-origin,video-games,Easter Eggs,A Hidden Credit Helped Name Video Game Easter Eggs,BORDERLINE,3,3,3,3,3,3,Niche gamer-culture framing
04,easter-eggs-konami-code-testing,video-games,Easter Eggs,The Konami Code Started as a Testing Shortcut,PASS,4,4,4,4,4,4,—
04,speedrunning-charity-marathons,video-games,Speedrunning,Gamers Speedrunning for Charity Have Raised Tens of Millions,REVISE,4,3,4,4,3,3,Generic newsy hook undersells the number
04,banking-deposits-become-loans,economics,Banking,Banks Create Most Money Out of Thin Air,PASS,5,5,4,3,4,4,—
04,banking-creates-bank-money,economics,Banking,Your Bank Doesn't Actually Have Your Money,PASS,4,4,4,3,4,4,Overlaps w/ banking-deposits-become-loans
04,banking-central-banks-last-resort,economics,Banking,The World's Oldest Bank Has Operated Since 1472,REVISE,3,3,3,3,3,3,Two unrelated ideas stitched together
04,barter-direct-exchange,economics,Barter,The 'Barter Before Money' Story Is Probably a Myth,PASS,4,4,4,3,4,4,—
04,barter-oldest-commerce,economics,Barter,"In POW Camps, Cigarettes Became Real Money",PASS,5,4,4,4,4,5,—
04,barter-gift-exchange-different,economics,Barter,Some Cultures Gained Status by Giving Wealth Away,PASS,4,3,4,3,4,3,—
04,capitalism-growth-not-guaranteed,economics,Capitalism,Two Koreas Look Like Night and Day From Space,PASS,5,5,4,4,4,5,—
04,currency-more-than-cash,economics,Currency,There Are More $100 Bills Than $1 Bills,PASS,4,4,4,4,4,4,—
04,currency-can-be-unusual,economics,Currency,This Island Used Giant Stone Coins Too Heavy to Move,PASS,5,5,5,5,4,5,—
04,economic-bubbles-dot-com-surge,economics,Economic Bubbles,Adding '.com' to Your Name Could Pump Your Stock,BORDERLINE,3,3,3,3,3,3,Requires stock-market context
04,economic-bubbles-name-matters,economics,Economic Bubbles,Isaac Newton Lost a Fortune in a Stock Bubble,PASS,4,4,4,4,4,5,—
04,globalization-world-integration,economics,Globalization,The World Was Already 'Globalized' Over a Century Ago,REJECT,2,2,2,2,3,2,"Abstract macro-economics, adult-oriented"
04,globalization-term-levitt,economics,Globalization,Your Valentine's Roses Probably Flew In From the Equator,PASS,4,4,4,5,4,4,—
04,globalization-industrial-revolution,economics,Globalization,The 'Victorian Internet' Connected Continents in 1866,PASS,4,4,4,4,4,4,—
04,gdp-measures-output,economics,GDP,Disasters and Car Crashes Can Make GDP Go Up,REJECT,4,4,4,2,4,3,Requires understanding an abstract economic statistic
04,gdp-not-whole-story,economics,GDP,One Country Measures Happiness Instead of GDP,PASS,4,4,4,4,4,4,—
04,inflation-weakens-buying-power,economics,Inflation,Germans Once Burned Cash to Stay Warm,PASS,5,5,5,4,4,5,—
04,inflation-has-multiple-causes,economics,Inflation,One Country's Prices Doubled Every 15 Hours,PASS,5,4,4,4,4,4,—
04,interest-rates-price-of-borrowing,economics,Interest Rates,Charging Interest Was Once a Sin,REVISE,4,3,3,3,3,3,Body drifts into modern Islamic-finance mechanics
04,interest-rates-compounding,economics,Interest Rates,That $24 for Manhattan Could've Beaten Owning It,PASS,5,5,4,4,4,5,—
04,interest-rates-risk-priced,economics,Interest Rates,Some Banks Paid People to Borrow Money,BORDERLINE,3,3,3,2,3,3,Adult financial-system context
04,recession-not-depression,economics,Recession,'Depression' Was Picked Because It Sounded Gentle,PASS,4,4,4,3,4,4,—
04,supply-chains-raw-to-retail,economics,Supply Chains,One Stuck Ship Jammed $10 Billion of Trade a Day,PASS,4,4,4,4,4,4,—
04,supply-chains-management-coordination,economics,Supply Chains,A Missing Chip Can Halt an Entire Car Factory,PASS,4,4,4,4,4,4,—
04,supply-chains-ev-complexity,economics,Supply Chains,Why a Small Demand Blip Causes Huge Shortages,REVISE,3,3,3,2,3,2,"Jargon (""bullwhip effect"") buries the relatable anchor"
04,taxes-fund-public-needs,economics,Taxes,England Once Taxed You by Your Windows,PASS,4,4,4,4,4,4,—
04,taxes-direct-indirect,economics,Taxes,The Income Tax Was Sold as Temporary,REJECT,2,2,2,2,3,2,Administrative/tax history
04,opportunity-cost-next-best,economics,Opportunity Cost,College's Biggest Cost Isn't Tuition,BORDERLINE,3,3,3,2,3,3,"Abstract economic concept, adult-skewed"
04,opportunity-cost-better-decisions,economics,Opportunity Cost,Bill Gates Shouldn't Stop to Pick Up a $100 Bill,PASS,4,4,4,4,4,4,—
04,opportunity-cost-not-accounting,economics,Opportunity Cost,Why 'We've Come This Far' Is a Costly Trap,BORDERLINE,3,3,3,3,3,3,Fairly abstract psychological-economics
04,scarcity-limited-resources,economics,Scarcity,Why Useless Diamonds Cost More Than Vital Water,PASS,4,4,4,4,4,4,—
04,scarcity-raises-value,economics,Scarcity,Companies Invent Scarcity on Purpose,PASS,4,4,4,4,4,4,—
04,blood-transfusions-began-before-types,medicine,Blood Transfusions,Early Blood Transfusions Got Banned for 150 Years,PASS,4,3,3,4,3,3,—
04,blood-transfusions-human-blood-breakthrough,medicine,Blood Transfusions,Doctors Once Tried Transfusing Milk Into Patients,PASS,4,4,4,4,4,4,—
04,blood-transfusions-storage-changed-everything,medicine,Blood Transfusions,One Chemical Turned Blood Into Something You Can Bank,BORDERLINE,3,3,3,3,3,3,Weakest/most technical of 3 transfusion facts
04,anesthesia-made-surgery-bearable,medicine,Anesthesia,Nobody Fully Knows How Anesthesia Switches You Off,PASS,5,4,4,4,4,4,—
04,anesthesia-ether-public-demo,medicine,Anesthesia,Surgery's Most Famous Room Is Named After a Gas,PASS,4,4,4,4,4,4,—
04,anesthesia-not-always-unconscious,medicine,Anesthesia,Surgical Anesthesia Started as a Party Trick,PASS,4,4,4,4,4,4,Overlaps w/ anesthesia-ether-public-demo
04,antibiotics-target-bacteria,medicine,Antibiotics,Most Antibiotics Are Stolen Microbial Weapons,PASS,4,4,4,4,4,4,—
04,antibiotics-penicillin-accident,medicine,Antibiotics,The First Penicillin Patient's Medicine Was Recycled From His Urine,PASS,4,4,4,3,4,5,—
04,antibiotics-resistance-evolution,medicine,Antibiotics,Bacteria Trade Resistance Like Swapping Cards,PASS,4,4,4,3,4,4,—
04,blood-types-antigens,medicine,Blood Types,Fewer Than 50 People Have 'Golden Blood',PASS,5,5,4,4,4,5,—
04,blood-types-landsteiner,medicine,Blood Types,He Turned Transfusion From a Deadly Lottery Into Science,BORDERLINE,3,3,3,3,3,3,"Procedural, overlaps blood-transfusion cluster"
04,diagnostic-imaging-sees-inside,medicine,Diagnostic Imaging,The Tech Behind Ultrasound Started by Hunting Submarines,PASS,4,4,4,4,4,4,—
04,diagnostic-imaging-many-tools,medicine,Diagnostic Imaging,Beatles Records Helped Pay for the First CT Scanner,PASS,4,4,4,4,4,4,—
04,diagnostic-imaging-changed-diagnosis,medicine,Diagnostic Imaging,A PET Scan Lights Up Cancer Because Tumors Love Sugar,PASS,4,3,4,4,4,4,—
04,germ-theory-microbes-cause-disease,medicine,Germ Theory,He Proved Handwashing Saved Lives and Was Locked Away,PASS,4,4,4,3,4,5,—
04,germ-theory-changed-cleanliness,medicine,Germ Theory,Surgeons Once Bragged About Their Blood-Caked Coats,PASS,4,4,4,4,4,4,—
04,germ-theory-key-figures,medicine,Germ Theory,Pasteur Tested His Rabies Vaccine on a Dying Boy,PASS,4,4,4,4,4,4,—
04,insulin-blood-sugar-signal,medicine,Insulin,"Without Insulin, You Starve in a Sea of Sugar",REVISE,3,4,3,3,3,3,"Poetic hook, but body stays textbook-explanatory"
04,insulin-pancreas-beta-cells,medicine,Insulin,Insulin Woke Children From Diabetic Comas Overnight,PASS,5,4,5,4,4,5,—
04,insulin-discovery-transformed-diabetes,medicine,Insulin,The Discoverers Sold the Insulin Patent for $1,PASS,4,4,4,4,4,4,—
04,mri-magnets-not-x-rays,medicine,MRI,An MRI Magnet Can Turn a Gas Tank Into a Missile,PASS,5,5,4,4,4,5,—
04,mri-soft-tissue-detail,medicine,MRI,A Dead Salmon 'Lit Up' in a Brain Scanner,PASS,5,5,4,4,4,5,—
04,mri-body-slices,medicine,MRI,An MRI Basically Listens to the Water Inside You,REJECT,3,3,3,3,3,2,Purely explanatory; weakest of 3 MRI facts
04,placebo-effect-expectation,medicine,Placebo Effect,Placebos Can Work Even When You Know They're Fake,PASS,4,4,4,4,4,4,—
04,placebo-effect-clinical-trials,medicine,Placebo Effect,The Placebo Has an Evil Twin: the Nocebo,PASS,4,4,4,4,4,4,—
04,placebo-effect-pill-details,medicine,Placebo Effect,A Pill's Color and Price Change How Well It Works,PASS,4,4,4,4,4,4,—
04,prosthetics-more-than-limbs,medicine,Prosthetics,"The Oldest Known Prosthetic Is a 3,000-Year-Old Toe",PASS,4,4,4,4,4,4,—
04,prosthetics-materials-matter,medicine,Prosthetics,Some Bionic Hands Now Move and Feel by Thought,PASS,4,4,4,4,4,4,—
04,prosthetics-function-and-identity,medicine,Prosthetics,"Running Blades Work Like Springs, Not Legs",BORDERLINE,3,3,3,3,3,3,"Neat design fact, not a strong ""wow"""
04,stethoscope-listening-tool,medicine,Stethoscope,A Skilled Ear Can Hear a Collapsed Lung,REJECT,3,3,3,3,3,2,"Generic, overshadowed by sibling fact"
04,stethoscope-distance-invention,medicine,Stethoscope,Embarrassment Invented the Stethoscope,PASS,4,5,4,4,4,5,—
04,transplant-surgery-rejection,medicine,Transplant Surgery,The First Successful Transplant Was Between Twins,REVISE,4,3,4,4,3,3,"Flat, textbook-statement hook"
04,transplant-surgery-more-than-organs,medicine,Transplant Surgery,Corneas Rarely Reject Because the Body Can't See Them,BORDERLINE,3,3,4,3,3,3,"Mechanism fact, moderate wow"
04,transplant-surgery-donor-shortage,medicine,Transplant Surgery,The First Heart Transplant Made a Surgeon World-Famous Overnight,PASS,4,4,4,4,4,4,—
04,vaccines-train-immune-system,medicine,Vaccines,Smallpox Is the Only Human Disease Wiped From the Wild,PASS,5,4,5,4,4,5,—
04,vaccines-jenner-smallpox,medicine,Vaccines,The Word 'Vaccine' Literally Means 'From a Cow',PASS,4,4,4,4,4,4,—
04,x-rays-invisible-light,medicine,X-rays,Shoe Stores Used to X-Ray Your Feet for Fun,PASS,5,5,4,4,4,5,—
04,x-rays-bones-visible,medicine,X-rays,"An X-Ray Is a Shadow, Not a Photo",BORDERLINE,3,3,3,3,3,3,"Educational reframe, moderate wow"
04,x-rays-accidental-discovery-impact,medicine,X-rays,The First X-Ray Made a Woman Say She'd Seen Her Death,PASS,4,5,4,4,4,5,—
04,medical-robots-surgeon-controlled,medicine,Medical Robots,A Surgical Robot Can Peel and Stitch a Grape,PASS,4,4,4,4,4,4,—
04,medical-robots-minimally-invasive,medicine,Medical Robots,A Surgeon in New York Operated on a Patient in France,PASS,4,4,4,4,4,4,—
04,buttons-buttonholes-changed-clothes,everyday-objects,Buttons,Buttons Waited Thousands of Years for the Buttonhole,REJECT,3,3,3,3,3,2,"Dry design-history, low stakes"
04,buttons-status-symbols,everyday-objects,Buttons,Buttons Were Once Luxuries Restricted by Law,REVISE,3,3,3,3,3,3,Sumptuary-law angle needs sharper framing
04,buttons-shell-to-plastic,everyday-objects,Buttons,Men's and Women's Buttons Are on Opposite Sides,PASS,5,5,4,5,4,5,—
04,forks-single-point,everyday-objects,Forks,The Fork Was Once Condemned as Sinful,PASS,4,4,4,4,4,4,—
04,forks-replaced-table-knives,everyday-objects,Forks,Dinner Knives Are Round-Tipped Because of a Cardinal,PASS,4,4,4,4,4,4,—
04,forks-flatware-name,everyday-objects,Forks,The Victorians Had a Special Fork for Everything,REJECT,3,3,3,3,3,2,"Listy enumeration, no real reveal"
04,mirrors-polished-metal,everyday-objects,Mirrors,Clear Mirrors May Have Changed How We See Ourselves,BORDERLINE,3,3,3,2,3,2,Speculative/soft historical claim
04,mirrors-venice-glass,everyday-objects,Mirrors,Venice's Mirror Makers Were Forbidden to Leave,PASS,5,4,5,4,4,5,—
04,mirrors-telescope-front-coating,everyday-objects,Mirrors,Almost No Animals Recognize Themselves in a Mirror,PASS,4,4,4,5,4,4,—
04,pencils-graphite-not-lead,everyday-objects,Pencils,There Has Never Been Any Lead in a Pencil,BORDERLINE,3,3,3,4,3,3,Widely already known
04,pencils-borrowdale-discovery,everyday-objects,Pencils,England Guarded Its Pencil Graphite Like Treasure,PASS,4,4,4,4,4,4,—
04,pencils-hardness-grades,everyday-objects,Pencils,A Single Pencil Can Draw a Line 35 Miles Long,REVISE,3,3,3,3,3,3,Two facts (line-length stat + Thoreau) glued together
04,umbrellas-started-as-sunshades,everyday-objects,Umbrellas,The Umbrella Began as a Sunshade for Royalty,BORDERLINE,3,3,3,3,3,3,"Moderate wow, some audience limitation"
04,umbrellas-europe-return,everyday-objects,Umbrellas,A Man Was Mocked for 30 Years for Using an Umbrella,PASS,4,4,4,4,4,4,—
04,umbrellas-steel-frame,everyday-objects,Umbrellas,The Umbrella Still Hasn't Been Perfected,BORDERLINE,3,3,3,4,3,3,"Mild, soft ""still imperfect"" framing"
04,zippers-slide-fastener,everyday-objects,Zippers,One Company Makes About Half the World's Zippers,PASS,4,4,4,4,4,4,—
04,zippers-modern-sundback,everyday-objects,Zippers,The Zipper Was a Flop for About 20 Years,REJECT,3,3,3,3,3,2,"Generic ""invention struggled"" trope"
04,zippers-name-from-overshoes,everyday-objects,Zippers,The Zipper Is Named After a Sound on Boots,PASS,4,4,4,4,4,4,—
04,toothbrushes-chew-sticks,everyday-objects,Toothbrushes,An Ancient Chewing Stick Still Cleans Teeth Today,BORDERLINE,3,3,3,4,3,3,Moderate wow
04,toothbrushes-hog-bristles,everyday-objects,Toothbrushes,Toothbrushes Used Hog Hair Until 1938,PASS,4,4,4,4,4,4,—
04,toothbrushes-nylon-1938,everyday-objects,Toothbrushes,People Voted the Toothbrush Their Most Essential Invention,REJECT,3,3,3,3,3,2,"Soft, unverifiable survey claim"
04,shoelaces-ancient-shoes,everyday-objects,Shoelaces,Scientists Studied Why Shoelaces Come Untied,PASS,4,4,4,4,4,4,—
04,shoelaces-areni-one,everyday-objects,Shoelaces,"A Laced Shoe Survived 5,500 Years in a Cave",PASS,4,4,4,4,4,4,—
04,paper-clips-first-patent,everyday-objects,Paper Clips,A Man Traded One Red Paperclip Up to a House,PASS,5,5,4,4,4,5,—
04,paper-clips-gem-design,everyday-objects,Paper Clips,The Most Famous Paper Clip Has No Known Inventor,REJECT,3,3,3,3,3,2,Low-stakes design trivia
04,paper-clips-norway-symbol,everyday-objects,Paper Clips,Norwegians Wore Paper Clips to Defy the Nazis,PASS,4,4,4,4,4,4,—
04,keys-yale-modern-lock,everyday-objects,Keys,An 'Unpickable' Lock Was Picked at an 1851 Fair,PASS,4,4,4,4,4,4,—
04,keys-ancient-pin-tumbler,everyday-objects,Keys,"Your House Key Runs on 4,000-Year-Old Technology",PASS,4,4,4,4,4,4,—
04,keys-serrated-flat-key,everyday-objects,Keys,Your Key Might Open a Stranger's Lock by Accident,PASS,4,5,4,4,4,4,—
04,laundry-detergent-surfactants,household-science,Laundry Detergent,Detergent Beat Soap by Surviving Hard Water,REVISE,3,3,3,3,3,3,"Mundane chemistry explainer, needs vivid framing"
04,laundry-detergent-suspends-dirt,household-science,Laundry Detergent,Detergent Makes Your Clothes Secretly Glow,PASS,4,4,4,4,4,4,—
04,laundry-detergent-not-soap,household-science,Laundry Detergent,Detergent Was Invented Because of a Fat Shortage,BORDERLINE,3,3,3,3,3,3,Overlaps thematically w/ surfactants fact
04,refrigerators-remove-heat,household-science,Refrigerators,Leaving the Fridge Open Actually Warms the Room,PASS,5,5,4,4,4,5,—
04,refrigerators-vapor-cycle,household-science,Refrigerators,Einstein Co-Invented a Refrigerator With No Moving Parts,PASS,5,5,4,4,4,5,—
04,refrigerators-slow-spoilage,household-science,Refrigerators,The Man Who Made Fridges Safe Also Wrecked the Ozone,PASS,5,4,5,4,4,5,—
04,soap-micelles,household-science,Soap,The Lather Is Not What Cleans Your Hands,PASS,4,4,4,4,4,4,—
04,soap-germ-membranes,household-science,Soap,Soap Cleans Viruses by Dissolving Them Like Grease,PASS,4,4,4,4,4,4,—
04,light-switch-1884,household-science,Light Switches,The Light Switch's Genius Was Snapping Fast,REVISE,3,3,3,3,3,2,"Genuinely interesting mechanism, dry execution"
04,light-switch-tactile-design,household-science,Light Switches,Two Switches Can Control One Light by a Wiring Trick,REJECT,2,3,2,2,3,2,Technical electrical-wiring process
04,light-switch-infrastructure,household-science,Light Switches,Light Switches Flip Opposite Ways Around the World,BORDERLINE,3,3,3,3,3,3,"Mild ""huh"" fact, moderate wow"
04,air-conditioning-printing-plant,household-science,Air Conditioning,"Air Conditioning Was Invented to Save Printing, Not People",PASS,4,4,4,4,4,4,—
04,air-conditioning-humidity-control,household-science,Air Conditioning,The Big Idea Behind AC Came on a Foggy Platform,REJECT,3,3,3,3,3,2,Redundant retelling of printing-plant fact
04,air-conditioning-comfort-later,household-science,Air Conditioning,Air Conditioning Built the Sun Belt and the Summer Blockbuster,PASS,4,4,4,4,4,4,—
04,dishwasher-chipped-dishes,household-science,Dishwashers,A Socialite Built the First Real Dishwasher in Her Woodshed,PASS,4,4,4,4,4,4,—
04,dishwasher-patent-name,household-science,Dishwashers,The Dishwasher Was a Hit at Hotels Before Homes,BORDERLINE,3,3,3,3,3,3,"Connective-tissue fact, redundant with siblings"
04,dishwasher-company,household-science,Dishwashers,The Dishwasher Company Grew Into KitchenAid,PASS,4,4,3,4,3,4,Part of serialized 3-fact dishwasher story
04,microwaves-magnetron-roots,household-science,Microwaves,The First Microwave Oven Was a Six-Foot Monster,PASS,4,4,4,4,4,4,—
04,microwaves-accidental-cooking,household-science,Microwaves,A Microwave Oven Was Discovered by a Melting Chocolate Bar,PASS,4,4,4,4,4,5,—
04,smoke-detectors-1970s-change,household-science,Smoke Detectors,Your Smoke Alarm Probably Contains a Radioactive Speck,PASS,4,4,4,4,4,4,—
04,smoke-detectors-mobile-home-test,household-science,Smoke Detectors,"There Are Two Kinds of Smoke Alarm, and They Disagree",BORDERLINE,3,3,3,3,3,2,"Practical/informative, low wow"
04,smoke-detectors-ul-standard,household-science,Smoke Detectors,A Cheap Smoke Alarm Roughly Halves Your Fire Risk,BORDERLINE,3,3,3,3,3,3,"Statistical, moderate wow"
04,vacuum-cleaners-suck-not-blow,household-science,Vacuum Cleaners,An Asthmatic Janitor Gave Us the Word 'Hoover',PASS,4,4,4,4,4,4,—
04,vacuum-cleaners-horse-drawn,household-science,Vacuum Cleaners,The Vacuum's Inventor Tested It by Sucking on a Chair,PASS,5,4,5,4,4,5,—
04,vacuum-cleaners-luxury-first,household-science,Vacuum Cleaners,People Threw 'Vacuum Parties' to Watch the Cleaning,PASS,4,4,4,4,4,4,—
04,nonstick-pans-accidental-teflon,household-science,Nonstick Pans,Teflon Helped Build the Atom Bomb Before the Frying Pan,PASS,4,4,4,4,4,4,—
04,nonstick-pans-ptfe-stability,household-science,Nonstick Pans,Making Nonstick Stick to the Pan Was the Hard Part,BORDERLINE,3,3,3,3,3,3,"Engineering-puzzle framing, moderate wow"
04,nonstick-pans-pfas-concerns,household-science,Nonstick Pans,Nonstick Chemicals Became 'Forever Chemicals',PASS,4,4,4,4,4,4,—
05,memes-cultural-genes,internet-culture,Memes,"A Biologist Coined 'Meme' in 1976, Long Before the Internet",BORDERLINE,3,3,3,3,3,3,Academic/etymology framing; mild wow
05,memes-cultural-power,internet-culture,Memes,A Joke Dog Meme Became a Billion-Dollar Currency,PASS,4,4,4,4,4,4,—
05,hashtags-symbol-older-social-media,internet-culture,Hashtags,The # Symbol Is Older Than Social Media,BORDERLINE,3,3,3,3,3,3,"Etymology trivia, low emotional payoff"
05,hashtags-too-nerdy-twitter,internet-culture,Hashtags,Twitter Was Told Hashtags Were Too Nerdy,REVISE,3,4,3,4,4,3,Fun anecdote but body doesn't escalate
05,viral-content-small-enough-email,internet-culture,Viral Content,Early Viral Videos Had to Be Small Enough to Email,BORDERLINE,3,3,3,3,3,3,"Tech-nostalgia footnote, thin payoff"
05,streaming-data-packets,internet-culture,Streaming,Netflix and YouTube Eat Over Half the World's Bandwidth,BORDERLINE,3,3,3,4,3,3,"Stat-driven, no vivid image"
05,internet-communities-closed-systems,internet-culture,Internet Communities,There's a 'Law' That Online Arguments Always Reach the Nazis,PASS,4,4,4,3,4,4,—
05,social-media-sixdegrees-profiles,internet-culture,Social Media,SixDegrees Had Profiles and Friend Lists in 1997,BORDERLINE,3,3,3,3,3,3,"Niche tech-history, dot-com context"
05,viral-challenges-three-types,internet-culture,Viral Challenges,A Silly Ice-Water Challenge Funded a Real ALS Breakthrough,PASS,4,4,4,4,4,4,—
05,reddit-real-time-news-machine,internet-culture,Reddit,"During Disasters, Reddit Turns Into a Crowd-Built Newsroom",BORDERLINE,3,3,3,3,3,3,"Descriptive, not surprising"
05,livestreaming-real-time-online,internet-culture,Livestreaming,Tens of Thousands of Strangers Beat a Game Together at Once,PASS,4,4,4,4,4,4,—
05,pi-never-repeats,mathematics,Pi,You Only Need 40 Digits of Pi to Measure the Universe,PASS,5,5,5,4,4,5,—
05,pi-ancient-approximations,mathematics,Pi,A US State Once Nearly Made Pi Equal 3.2,PASS,4,4,4,4,4,4,—
05,pi-beyond-circles,mathematics,Pi,You Can Find Pi by Dropping Needles on the Floor,PASS,4,4,4,3,4,4,—
05,prime-numbers-building-blocks,mathematics,Prime Numbers,Cicadas Survive Using Prime Numbers,PASS,5,5,4,5,4,5,—
05,prime-numbers-infinite,mathematics,Prime Numbers,"Euclid's 2,300-Year-Old Proof That Primes Never End",BORDERLINE,3,3,3,2,3,3,Proof-walkthrough is abstract for a lay reader
05,prime-numbers-cryptography,mathematics,Prime Numbers,Your Online Security Rests on Hard-to-Factor Primes,PASS,4,4,4,4,4,4,—
05,infinity-different-sizes,mathematics,Infinity,Some Infinities Are Bigger Than Others,PASS,5,5,4,3,4,4,—
05,infinity-ancient-potential,mathematics,Infinity,A Hotel With Infinite Rooms Is Never Full,PASS,4,4,5,4,5,5,—
05,infinity-twice-still-infinity,mathematics,Infinity,0.999 Repeating Equals Exactly 1,BORDERLINE,3,3,3,3,3,3,"Math-class brain teaser, low shareability"
05,fibonacci-number-pattern,mathematics,Fibonacci Sequence,Fibonacci Numbers Secretly Convert Miles to Kilometers,PASS,4,4,4,4,4,4,—
05,fibonacci-rabbit-origin,mathematics,Fibonacci Sequence,Math's Most Famous Sequence Began With Breeding Rabbits,BORDERLINE,3,3,3,4,3,3,Common knowledge / predictable
05,fibonacci-golden-ratio,mathematics,Fibonacci Sequence,A Male Bee's Family Tree Is Pure Fibonacci,PASS,4,4,4,3,4,4,—
05,probability-gambling-origin,mathematics,Probability,"In a Room of 23 People, Two Probably Share a Birthday",PASS,5,5,4,4,4,5,—
05,probability-unfinished-bet,mathematics,Probability,Switching Doors Doubles Your Odds on a Game Show,PASS,4,4,4,4,4,4,—
05,probability-logic-uncertainty,mathematics,Probability,Roulette Once Hit Black 26 Times in a Row,PASS,4,4,4,4,4,4,—
05,zero-nothing-and-number,mathematics,Zero,Why You Can Never Divide by Zero,REJECT,2,2,3,3,3,2,"Textbook ""why"" explainer, no surprise"
05,zero-placeholder-power,mathematics,Zero,One Small Zero Tells 12 From 120,REJECT,2,2,3,3,3,2,"Explainer, educational not delightful"
05,zero-cultural-journey,mathematics,Zero,Europe Spent Centuries Resisting Zero,BORDERLINE,3,3,3,3,3,3,Mild historical nugget
05,algebra-symbols-generalize-math,mathematics,Algebra,The Words 'Algebra' and 'Algorithm' Come From One Man,BORDERLINE,3,3,3,3,3,3,Etymology trivia
05,algebra-equations-took-centuries,mathematics,Algebra,The Equals Sign Was Invented by a Bored Writer,PASS,4,4,4,4,4,4,—
05,algebra-before-symbols,mathematics,Algebra,"Babylonians Solved Quadratics 3,800 Years Ago",BORDERLINE,3,3,3,3,3,3,"Requires knowing what ""quadratics"" are"
05,geometry-earth-measurement,mathematics,Geometry,He Measured the Whole Earth With a Stick and a Shadow,PASS,5,5,5,5,5,5,—
05,geometry-euclid-proof-system,mathematics,Geometry,"One Geometry Book Was a Bestseller for 2,000 Years",BORDERLINE,3,3,3,3,3,3,"Informative, not astonishing"
05,geometry-beyond-flat-space,mathematics,Geometry,Bending One Rule Gave Einstein the Shape of Gravity,REVISE,4,4,4,3,4,4,"Strong idea, body too abstract for full audience"
05,fractals-repeat-shape,mathematics,Fractals,How Long Is Britain's Coastline? It Depends,PASS,5,5,5,4,5,5,—
05,fractals-fractional-dimensions,mathematics,Fractals,Some Shapes Have 1.26 Dimensions,BORDERLINE,3,3,3,2,3,3,"Abstract concept, hard to visualize"
05,fractals-model-messy-nature,mathematics,Fractals,Sci-Fi Built Its First Fractal World in 1982,BORDERLINE,3,3,3,3,3,3,"Movie trivia, mild wow"
05,calculus-instant-change,mathematics,Calculus,Why Achilles Can Never Catch the Tortoise,BORDERLINE,4,4,3,3,3,4,"Resolution is hand-waved, needs clearer payoff"
05,calculus-tiny-pieces-whole,mathematics,Calculus,The Integral Sign Is a 300-Year-Old Letter S,REJECT,2,2,2,2,3,2,"Symbol-history trivia, dry"
05,calculus-motion-and-geometry,mathematics,Calculus,Two Men Invented Calculus and Then Went to War,PASS,4,4,4,4,4,4,—
05,chaos-theory-rules-unpredictable,mathematics,Chaos Theory,A Double Pendulum Never Swings the Same Way Twice,PASS,4,4,4,4,4,4,—
05,chaos-theory-butterfly-effect,mathematics,Chaos Theory,A Rounding Error Gave Us the Butterfly Effect,PASS,5,5,5,4,5,5,—
05,chaos-theory-strange-attractors,mathematics,Chaos Theory,Three Orbiting Bodies Have No Tidy Solution,BORDERLINE,3,3,3,3,3,3,Abstract orbital mechanics
05,golden-ratio-one-point-six-one-eight,mathematics,Golden Ratio,Sunflowers Use the 'Most Irrational' Number,PASS,4,4,4,4,4,4,—
05,golden-ratio-euclid-origin,mathematics,Golden Ratio,The Golden Ratio in Famous Art Is Mostly a Myth,BORDERLINE,3,3,4,3,4,3,Myth-debunk lacks a vivid payoff
05,golden-ratio-fibonacci-connection,mathematics,Golden Ratio,Divide Neighboring Fibonacci Numbers to Find Phi,REJECT,2,2,3,2,3,2,"Redundant arithmetic demo, duplicates other Fibonacci facts"
05,logarithms-ask-what-power,mathematics,Logarithms,"A Magnitude 7 Quake Is 1,000 Times a Magnitude 4",PASS,4,4,4,4,4,4,—
05,logarithms-multiplication-addition,mathematics,Logarithms,Slide Rules Ran on Logarithms and Helped Fly Apollo,PASS,4,4,4,4,4,4,—
05,logarithms-saved-time,mathematics,Logarithms,The Number e Is Hiding in Your Bank Account,BORDERLINE,3,3,3,3,3,3,Compound-interest framing skews adult/financial
05,game-theory-strategic-choices,mathematics,Game Theory,"Two Prisoners, and Why They Both Lose",PASS,4,4,4,4,4,4,—
05,game-theory-new-math-economics,mathematics,Game Theory,The 'Beautiful Mind' Idea That Won a Nobel,BORDERLINE,3,3,3,3,3,3,"Economics-flavored, abstract equilibrium concept"
05,game-theory-not-winning-alone,mathematics,Game Theory,A Simple 'Be Nice' Strategy Beat All the Sharks,PASS,4,4,4,4,4,4,—
05,topology-rubber-sheet-geometry,mathematics,Topology,A Mobius Strip Has Only One Side,PASS,5,5,5,5,5,5,—
05,topology-doughnut-coffee-cup,mathematics,Topology,"To a Topologist, a Doughnut Is a Coffee Mug",PASS,4,4,4,4,4,4,—
05,topology-loops-cannot-shrink,mathematics,Topology,"Somewhere on Earth, the Wind Is Always Still",PASS,4,4,4,4,4,4,—
05,post-it-notes-weak-adhesive,inventions,Post-it Notes,The Post-it Glue Was a 'Failure' for Five Years,PASS,4,4,4,5,4,4,—
05,post-it-notes-hymnal-bookmark,inventions,Post-it Notes,The Post-it Note Was Born in a Church Choir,PASS,4,4,4,5,4,4,—
05,post-it-notes-internal-messages,inventions,Post-it Notes,Post-it Notes Are Yellow Purely by Accident,BORDERLINE,3,3,3,4,3,3,"Third Post-it fact, thinnest of the trio"
05,safety-pin-debt,inventions,Safety Pin,He Invented the Safety Pin in Hours to Pay a Debt,PASS,4,4,4,4,4,4,—
05,safety-pin-covered-point,inventions,Safety Pin,"A 3,000-Year-Old Idea Became a Punk Symbol",BORDERLINE,3,3,3,3,3,3,"Overlaps with sibling facts, milder payoff"
05,safety-pin-sold-rights,inventions,Safety Pin,The Safety Pin Inventor Also Gave Up a Sewing Machine Fortune,PASS,4,4,4,4,4,4,—
05,ballpoint-pen-rotating-ball,inventions,Ballpoint Pen,A Journalist Invented the Ballpoint by Copying Newspaper Ink,BORDERLINE,3,3,3,4,4,3,Competent but unremarkable origin story
05,ballpoint-pen-ink-problem,inventions,Ballpoint Pen,The Air Force Made the Ballpoint Pen Take Off,BORDERLINE,3,3,3,3,3,3,"Historical footnote, modest wow"
05,ballpoint-pen-air-force,inventions,Ballpoint Pen,People Once Mobbed Stores to Buy a $200 Pen,PASS,4,4,4,4,4,4,—
05,barcode-checkout-problem,inventions,Barcode,The Barcode Was First Drawn in Beach Sand,PASS,4,4,4,4,4,4,—
05,barcode-optical-scanning,inventions,Barcode,The Barcode Was Patented 20 Years Before Anyone Could Use It,BORDERLINE,3,3,3,3,3,3,"Patent-timeline trivia, dry"
05,barcode-upc-adoption,inventions,Barcode,The First Item Ever Scanned Was a Pack of Gum,PASS,3,4,3,4,4,4,—
05,velcro-hook-and-loop,inventions,Velcro,"Velcro Got Famous in Space, but NASA Didn't Invent It",PASS,3,4,4,4,4,3,—
05,velcro-manufacturing-challenge,inventions,Velcro,'Velcro' Is a Brand That Begs You Not to Say It,PASS,4,4,4,4,4,4,—
05,batteries-electrochemical-cells,inventions,Batteries,"A 2,000-Year-Old Jar May Have Been a Battery",PASS,4,4,4,4,4,4,—
05,batteries-primary-vs-storage,inventions,Batteries,One Battery Has Been Ringing a Bell Since 1840,PASS,5,5,5,4,5,5,—
05,batteries-portable-power,inventions,Batteries,The First Battery Settled a Fight About Frog Legs,PASS,4,4,4,4,4,4,—
05,qr-codes-two-dimensional-data,inventions,QR Codes,A Pandemic Rescued the QR Code From Being a Joke,BORDERLINE,3,3,3,4,3,3,"Recent/familiar history, modest surprise"
05,qr-codes-denso-wave,inventions,QR Codes,A QR Code Still Works With a Chunk Missing,PASS,4,4,4,4,4,4,—
05,qr-codes-everyday-bridge,inventions,QR Codes,QR Codes Spread Because the Inventor Gave Them Away,BORDERLINE,3,3,3,3,3,3,"Patent-strategy story, business framing"
05,internet-undersea-cables,inventions,Internet,Almost All the Internet Travels Under the Ocean,PASS,5,5,5,5,5,5,—
05,internet-packets,inventions,Internet,There Are Enough Internet Addresses for Every Grain of Sand,PASS,4,4,4,4,4,4,—
05,internet-commercial-expansion,inventions,Internet,The First Webcam Was Invented to Watch a Coffee Pot,PASS,4,4,4,4,4,4,—
05,gps-satellite-positioning,inventions,GPS,A Shot-Down Airliner Is Why GPS Is Free for Everyone,PASS,4,4,4,3,4,4,—
05,gps-needs-multiple-satellites,inventions,GPS,The Military Used to Blur Civilian GPS on Purpose,BORDERLINE,3,3,3,3,3,3,Selective Availability is technical/political
05,gps-everyday-infrastructure,inventions,GPS,GPS Is Secretly a Clock the World Depends On,PASS,4,4,4,3,4,4,—
05,television-scans-images,inventions,Television,A 14-Year-Old Imagined TV While Plowing a Field,PASS,5,5,5,5,5,5,—
05,television-motion-illusion,inventions,Television,Countless Early TV Shows Are Lost Forever,BORDERLINE,3,3,3,3,3,3,"Melancholic trivia, not shareable wow"
05,television-kept-changing,inventions,Television,"The First Televisions Were Mechanical, With a Spinning Disk",REVISE,3,3,4,3,4,3,Good visual but hook/body undersell the surprise
05,radio-golden-age,inventions,Radio,"The Supreme Court Said Tesla, Not Marconi, Invented Radio",PASS,4,4,4,3,4,4,—
05,radio-sound-effects-art,inventions,Radio,Radio Dramas Faked Horses With Coconut Shells,PASS,4,4,4,5,4,4,—
05,light-bulb-filament,inventions,Light Bulb,"Edison Tested Thousands of Materials, and Bamboo Won",PASS,4,4,4,4,4,4,—
05,light-bulb-not-one-inventor-story,inventions,Light Bulb,One Light Bulb Has Been Glowing Since 1901,PASS,5,4,4,4,4,5,—
05,light-bulb-changed-night,inventions,Light Bulb,Your Home Runs on the Current Edison Fought to Destroy,PASS,4,4,4,4,4,4,—
05,telephone-transmits-speech,inventions,Telephone,Bell Beat a Rival to the Patent Office by Hours,PASS,4,4,4,4,4,4,—
05,telephone-needed-networks,inventions,Telephone,Bell Wanted Us to Answer the Phone With 'Ahoy',PASS,4,4,4,4,4,4,—
05,telephone-long-distance-challenge,inventions,Telephone,A Telegraph Giant Dismissed the Phone as a 'Toy',PASS,4,4,4,4,4,4,—
05,printing-press-mass-copying,inventions,Printing Press,The Printing Press Was Built From a Wine Press,PASS,4,4,4,4,4,4,—
05,printing-press-spread-ideas,inventions,Printing Press,Gutenberg's Real Invention Was a Secret Recipe,BORDERLINE,3,3,3,3,3,3,"Metallurgy/process detail, dry"
05,printing-press-gutenberg-bible,inventions,Printing Press,'Upper Case' and 'Cliché' Come From the Print Shop,BORDERLINE,3,3,4,4,4,3,"Etymology list, mild payoff"
05,wheel-axle-basic,inventions,Wheel,"The Hard Part of the Wheel Was the Axle, Not the Wheel",PASS,4,4,4,4,4,4,—
05,wheel-early-wooden-disks,inventions,Wheel,The Americas Had Wheeled Toys but No Wheeled Carts,PASS,4,4,4,4,4,4,—
05,wheel-spokes-chariots,inventions,Wheel,The One-Wheeled Wheelbarrow Was a Military Secret,PASS,4,4,4,4,4,4,—
05,dunkleosteus-armored-predator,ancient-creatures,Dunkleosteus,Dunkleosteus Belonged to the Fish That Invented Jaws,BORDERLINE,3,3,3,3,3,3,"Classification-heavy (placoderms), abstract"
05,dunkleosteus-jaw-bones,ancient-creatures,Dunkleosteus,"Dunkleosteus Had No Teeth, Just Self-Sharpening Blades",PASS,5,5,5,5,5,5,—
05,dunkleosteus-self-sharpening-jaws,ancient-creatures,Dunkleosteus,Dunkleosteus Could Inhale Prey in a Fraction of a Second,PASS,4,4,4,4,4,4,—
05,trilobites-paleozoic-survivors,ancient-creatures,Trilobites,Trilobites Ruled the Seas Far Longer Than the Dinosaurs,PASS,4,4,4,4,4,4,—
05,trilobites-eyes-complex,ancient-creatures,Trilobites,Trilobites Saw the World Through Eyes Made of Crystal,PASS,5,5,5,4,5,5,—
05,trilobites-declined-before-ending,ancient-creatures,Trilobites,Trilobites Could Curl Into a Ball Like a Pill Bug,REVISE,3,3,3,4,3,3,Cute comparison but thin next to its sibling facts
05,archaeopteryx-bird-dinosaur-mix,ancient-creatures,Archaeopteryx,Archaeopteryx Appeared Right After Darwin Predicted It,PASS,4,4,4,3,4,4,—
05,archaeopteryx-bavaria-fossils,ancient-creatures,Archaeopteryx,Almost Every Archaeopteryx Comes From One German Quarry,BORDERLINE,3,3,3,3,3,3,"Geological trivia, modest wow"
05,archaeopteryx-short-flight,ancient-creatures,Archaeopteryx,Archaeopteryx's Lopsided Feathers Give Away How Flight Began,BORDERLINE,3,3,3,3,3,3,Feather-asymmetry detail is technical
05,dire-wolf-la-brea,ancient-creatures,Dire Wolves,"A California Tar Pit Holds Over 4,000 Dire Wolves",PASS,4,4,4,4,4,4,—
05,dire-wolf-bigger-skull,ancient-creatures,Dire Wolves,Dire Wolves Were Not Really Wolves at All,PASS,4,4,4,4,4,4,—
05,dire-wolf-wide-range,ancient-creatures,Dire Wolves,Dire Wolves Vanished With the Giants They Hunted,BORDERLINE,3,3,3,3,3,3,Standard extinction-lesson framing
05,giant-sloths-elephant-size,ancient-creatures,Giant Sloths,Thomas Jefferson Thought Giant Sloth Bones Were a Lion,PASS,4,4,4,4,4,4,—
05,giant-sloths-claws-leaves,ancient-creatures,Giant Sloths,Avocados May Exist Because Giant Sloths Ate Them,PASS,5,5,5,5,5,5,—
05,giant-sloths-american-migration,ancient-creatures,Giant Sloths,A Ground Sloth Could Rear Up as Tall as a Two-Story House,PASS,4,4,4,4,4,4,—
05,megalodon-largest-fish,ancient-creatures,Megalodon,You Could Stand Inside a Megalodon's Open Jaws,PASS,5,5,5,5,5,5,—
05,megalodon-teeth-tell-story,ancient-creatures,Megalodon,People Once Thought Megalodon Teeth Were Dragon Tongues,PASS,4,4,4,4,4,4,—
05,megalodon-whale-hunter,ancient-creatures,Megalodon,A Smaller Shark May Have Helped Doom Megalodon,BORDERLINE,3,3,3,3,3,3,"Speculative extinction theory, modest wow"
05,mosasaurs-aquatic-lizards,ancient-creatures,Mosasaurs,A Mosasaur Skull Helped Prove Extinction Is Real,BORDERLINE,3,3,3,3,3,3,"History-of-science framing, abstract"
05,mosasaurs-flippers-tail,ancient-creatures,Mosasaurs,Mosasaurs Gave Birth at Sea Like Whales,REVISE,3,4,3,4,3,3,"Solid detail but flat hook/body, needs a stronger visual"
05,mosasaurs-megalodon-comparison,ancient-creatures,Mosasaurs,Mosasaurs Were Lizards That Went Back to the Sea,BORDERLINE,4,3,4,4,4,4,Generic/explanatory hook undersells a strong reveal
05,saber-toothed-cats-not-tigers,ancient-creatures,Saber-Toothed Cats,Nature Invented Saber Teeth Over and Over,PASS,4,4,4,3,4,4,—
05,saber-toothed-cats-blade-teeth,ancient-creatures,Saber-Toothed Cats,A Saber-Tooth's Famous Fangs Were Surprisingly Fragile,PASS,4,4,4,4,4,4,—
05,saber-toothed-cats-tar-trap,ancient-creatures,Saber-Toothed Cats,Healed Wounds Hint Saber-Tooths Cared for Each Other,PASS,4,4,4,4,4,4,—
05,woolly-mammoths-ice-age-coat,ancient-creatures,Woolly Mammoths,Scientists Are Editing Elephant DNA to Rebuild the Mammoth,PASS,4,4,4,4,4,4,—
05,woolly-mammoths-permafrost-preserved,ancient-creatures,Woolly Mammoths,Frozen Baby Mammoths Still Have Their Last Meal Inside,PASS,5,4,5,5,5,5,—
05,woolly-mammoths-late-islands,ancient-creatures,Woolly Mammoths,Woolly Mammoths Were Still Alive When the Pyramids Stood,PASS,5,5,5,5,5,5,—
05,terror-birds-seven-foot-predators,ancient-creatures,Terror Birds,Terror Birds Were Apex Predators With Axe-Like Beaks,PASS,4,4,4,4,4,4,—
05,terror-birds-before-land-bridge,ancient-creatures,Terror Birds,South America Was an Island Ruled by Giant Birds,BORDERLINE,3,3,3,3,3,3,Requires grasping continental biogeography
05,terror-birds-fossil-chemistry,ancient-creatures,Terror Birds,Terror Birds Likely Killed by Striking Like a Pickaxe,PASS,4,4,4,4,4,4,—
05,chernobyl-unit-four-explosion,famous-disasters,Chernobyl,Wildlife Now Thrives in the Chernobyl Exclusion Zone,PASS,4,4,4,4,4,4,—
05,chernobyl-pripyat-evacuation,famous-disasters,Chernobyl,Pripyat's New Ferris Wheel Never Officially Opened,PASS,4,4,4,4,4,4,—
05,chernobyl-sweden-detected-radiation,famous-disasters,Chernobyl,Workers in Sweden Discovered Chernobyl on Their Shoes,PASS,4,4,4,4,4,4,—
05,fukushima-earthquake-tsunami,famous-disasters,Fukushima,Fukushima's Seawall Was Built Too Low,BORDERLINE,3,3,3,3,3,3,"Engineering explainer, dry"
05,fukushima-hydrogen-explosions,famous-disasters,Fukushima,A Nearby Plant Survived the Same Tsunami Safely,PASS,4,4,4,4,4,4,—
05,fukushima-mass-evacuation,famous-disasters,Fukushima,Retirees Volunteered for Fukushima's Most Dangerous Work,PASS,4,4,4,3,4,4,—
05,great-chicago-fire-wooden-city,famous-disasters,Great Chicago Fire,The Chicago Fire Helped Give Birth to the Skyscraper,PASS,4,4,4,4,4,4,—
05,great-chicago-fire-oleary-barn,famous-disasters,Great Chicago Fire,Chicago Cleared Mrs. O'Leary's Cow After 126 Years,PASS,4,4,4,4,4,4,—
05,great-chicago-fire-scale,famous-disasters,Great Chicago Fire,A Deadlier Fire Burned the Same Night and Was Forgotten,PASS,4,4,4,4,4,4,—
05,krakatoa-loudest-sound,famous-disasters,Krakatoa,A 'Child of Krakatoa' Rose From the Sea Decades Later,PASS,4,4,4,4,4,4,—
05,krakatoa-tsunami-deaths,famous-disasters,Krakatoa,Krakatoa's Tsunami Carried a Ship a Mile Inland,PASS,5,5,5,4,5,5,—
05,krakatoa-global-sunsets,famous-disasters,Krakatoa,Krakatoa's Skies May Glow in Munch's 'The Scream',PASS,4,4,4,4,4,4,—
05,pompeii-vesuvius-burial,famous-disasters,Pompeii,About a Third of Pompeii Is Still Buried,PASS,3,3,4,4,4,3,—
05,pompeii-preserved-city,famous-disasters,Pompeii,Pompeii's Ash Preserved Perfect Hollow Molds,PASS,5,4,5,5,5,5,—
05,pompeii-excavation-source,famous-disasters,Pompeii,Pompeii's Walls Are Covered in Ancient Graffiti,PASS,4,4,4,4,4,4,—
05,great-fire-london-pudding-lane,famous-disasters,Great Fire of London,A Man Confessed to the Great Fire — He Wasn't Even in London,PASS,4,4,4,4,4,4,—
05,great-fire-london-four-fifths,famous-disasters,Great Fire of London,The Great Fire of London Officially Killed Only Six People,PASS,4,4,4,4,4,3,—
05,great-fire-london-old-foundations,famous-disasters,Great Fire of London,Londoners Blew Up Houses to Stop the Great Fire,PASS,3,3,4,4,4,3,—
05,challenger-crew-report-uncertainty,famous-disasters,Challenger Disaster,"Challenger Carried a Teacher, So Classrooms Watched It Live",PASS,4,4,4,4,4,4,—
05,challenger-breakup-forces,famous-disasters,Challenger Disaster,A Glass of Ice Water Explained the Challenger Disaster,PASS,5,5,5,4,5,5,—
05,challenger-pressure-loss,famous-disasters,Challenger Disaster,Challenger Showed How Disasters Slowly Become 'Normal',BORDERLINE,3,3,3,2,3,3,"Organizational-behavior concept, abstract for young readers"
05,great-molasses-flood-tank,famous-disasters,Great Molasses Flood,A Wave of Molasses Raced Through Boston at 35 MPH,PASS,5,5,5,5,5,5,—
05,great-molasses-flood-wave,famous-disasters,Great Molasses Flood,Boston Smelled of Molasses for Decades Afterward,BORDERLINE,3,3,3,4,3,3,Redundant follow-on to a stronger sibling fact
05,great-molasses-flood-winter-day,famous-disasters,Great Molasses Flood,A Molasses Tank Was Painted Brown to Hide Its Leaks,PASS,4,4,4,4,4,3,—
05,hindenburg-thirty-four-seconds,famous-disasters,Hindenburg,The Hydrogen-Filled Hindenburg Had a Smoking Room,PASS,5,5,5,5,5,5,—
05,hindenburg-ended-airship-travel,famous-disasters,Hindenburg,Most People Aboard the Hindenburg Actually Survived,PASS,4,4,4,4,4,4,—
05,hindenburg-mail-burned,famous-disasters,Hindenburg,The Hindenburg Burned Because the US Withheld Helium,PASS,4,4,4,3,4,4,—
05,four-leaf-clovers-rare-luck,superstitions,Four-Leaf Clovers,"One Man Found More Than 100,000 Four-Leaf Clovers",PASS,4,4,3,4,3,3,—
05,four-leaf-clovers-not-shamrocks,superstitions,Four-Leaf Clovers,The Famous Shamrock Is Not the Lucky One,BORDERLINE,3,3,3,3,3,3,"Mild clarification, low wow"
05,evil-eye-envy-glance,superstitions,Evil Eye,A Compliment Was Once Considered Dangerous,PASS,4,4,4,4,4,4,—
05,evil-eye-global-belief,superstitions,Evil Eye,The Blue Eye Charm Is Everywhere on Earth,BORDERLINE,3,3,3,4,3,3,"Descriptive prevalence, not surprising"
05,evil-eye-amulets-protection,superstitions,Evil Eye,Blue Eyes May Be Feared Because They Were Rare,BORDERLINE,3,3,3,3,3,3,"Speculative theory, redundant with sibling fact"
05,friday-13-calendar,superstitions,Friday the 13th,Friday the 13th Costs the Economy Real Money,BORDERLINE,3,3,3,3,3,3,"Economics framing, abstract stat"
05,friday-13-fear-name,superstitions,Friday the 13th,A Club Dined 13 to a Table to Mock Bad Luck,BORDERLINE,3,3,3,3,3,3,Mild historical anecdote
05,friday-13-country-variations,superstitions,Friday the 13th,Other Countries Fear Completely Different Days,PASS,4,4,4,4,4,4,—
05,lucky-numbers-symbolism,superstitions,Lucky Numbers,China Loves the Number 8 So Much It Sells for a Fortune,PASS,4,4,4,4,4,4,—
05,lucky-numbers-seven,superstitions,Lucky Numbers,"Ask Anyone to Pick 1 to 10, and Most Say 7",PASS,4,4,4,4,4,4,—
05,lucky-numbers-thirteen,superstitions,Lucky Numbers,"Much of Asia Skips the Number Four, Not Thirteen",PASS,4,4,4,4,4,4,—
05,black-cats-not-always-bad,superstitions,Black Cats,In Some Countries a Black Cat Is Great Luck,BORDERLINE,3,3,3,4,3,3,Mild cultural-contrast trivia
05,black-cats-witch-companions,superstitions,Black Cats,A Medieval Pope Helped Doom the Black Cat,BORDERLINE,3,3,3,3,3,3,"Historical footnote, modest wow"
05,black-cats-control-uncertainty,superstitions,Black Cats,Black Cats Are Still the Least Adopted Pets,PASS,4,4,4,4,4,4,—
05,knocking-wood-avoid-jinx,superstitions,Knocking on Wood,The World Doesn't Always Knock on Wood,BORDERLINE,3,3,3,3,3,3,Mild cultural-variance trivia
05,knocking-wood-playground-origin,superstitions,Knocking on Wood,'Touch Wood' May Come From a Playground Game,BORDERLINE,3,3,3,3,3,3,"Redundant with sibling fact, mild payoff"
05,rabbits-foot-ancient-remedy,superstitions,Rabbit's Foot,A Rabbit's Foot Was Once Prescribed as Medicine,BORDERLINE,3,3,3,3,3,3,"Historical footnote, modest wow"
05,rabbits-foot-us-folklore,superstitions,Rabbit's Foot,Rabbits Seemed Magical Because of How They Live,BORDERLINE,3,3,3,3,3,3,"Explainer, not a standalone wow"
05,rabbits-foot-graveyard-rules,superstitions,Rabbit's Foot,The Luckiest Foot Came With Grim Instructions,PASS,4,4,4,4,4,4,—
05,walking-under-ladders-practical-danger,superstitions,Walking Under Ladders,One Superstition Is Really Just Good Advice,REVISE,3,3,3,4,3,3,"Good twist, underwritten payoff"
05,walking-under-ladders-triangle,superstitions,Walking Under Ladders,A Leaning Ladder Forms a Sacred Triangle,BORDERLINE,3,3,3,3,3,3,"Symbolic explainer, modest wow"
05,horseshoes-st-dunstan,superstitions,Horseshoes,A Saint Nailed a Horseshoe to the Devil Himself,PASS,4,4,4,4,4,4,—
05,horseshoes-iron-seven,superstitions,Horseshoes,The Horseshoe Stacked Three Charms Into One,BORDERLINE,3,3,3,3,3,3,"Listy explainer, no single strong image"
05,broken-mirrors-ancient-reflections,superstitions,Broken Mirrors,Your Reflection Was Once Thought to Be Your Soul,PASS,4,4,4,4,4,4,—
05,broken-mirrors-roman-mirrors,superstitions,Broken Mirrors,People Cover Their Mirrors After a Death,BORDERLINE,3,3,3,3,3,3,Mild cultural-practice trivia
05,broken-mirrors-seven-years,superstitions,Broken Mirrors,The Seven-Year Curse Has a Hidden Logic,BORDERLINE,3,3,3,3,3,3,Explainer with modest payoff
05,shackleton-endurance-survival,explorers,Ernest Shackleton,Shackleton Lost His Ship but Not a Single Man,PASS,5,5,5,5,5,5,—
05,shackleton-nimrod-near-pole,explorers,Ernest Shackleton,Shackleton Quit 97 Miles From Glory to Stay Alive,PASS,4,4,4,4,4,4,—
05,shackleton-endurance-wreck,explorers,Ernest Shackleton,Endurance Was Found Almost Perfectly Preserved,PASS,4,4,4,4,4,4,—
05,ibn-battuta-75000-miles,explorers,Ibn Battuta,Ibn Battuta Out-Traveled Marco Polo Three Times Over,PASS,4,4,4,4,4,4,—
05,ibn-battuta-rihla,explorers,Ibn Battuta,A Judge and Serial Husband Wandered for Decades,BORDERLINE,3,3,3,3,3,3,"Biographical list, no single hook"
05,ibn-battuta-pilgrimage-start,explorers,Ibn Battuta,A Trip to Mecca Became a 24-Year Journey,PASS,4,4,4,4,4,4,—
05,jacques-cousteau-aqualung,explorers,Jacques Cousteau,Cousteau Co-Invented the Gear That Freed Divers,PASS,4,4,4,4,4,4,—
05,jacques-cousteau-calypso,explorers,Jacques Cousteau,Cousteau Had People Live on the Sea Floor,PASS,4,4,4,4,4,4,—
05,jacques-cousteau-filmmaker,explorers,Jacques Cousteau,Cousteau's Ocean Film Won Cannes and an Oscar,BORDERLINE,3,3,3,3,3,3,"Award trivia, modest wow"
05,lewis-clark-corps-discovery,explorers,Lewis and Clark,"Lewis and Clark Crossed 8,000 Miles and Lost Only One Man",PASS,4,4,4,4,4,4,—
05,lewis-clark-pacific-return,explorers,Lewis and Clark,Lewis and Clark Described 300 Species New to Western Science,BORDERLINE,3,3,3,3,3,3,"Educational species list, mild wow"
05,lewis-clark-native-assistance,explorers,Lewis and Clark,An Enslaved Man Made the Journey and Got a Vote,PASS,4,4,4,3,4,4,—
05,magellan-strait,explorers,Ferdinand Magellan,Magellan's Enslaved Interpreter May Have Circled Earth First,PASS,4,4,4,3,4,4,—
05,magellan-pacific-name,explorers,Ferdinand Magellan,Magellan Named the Calm Ocean That Nearly Killed Him,PASS,4,4,4,4,4,4,—
05,magellan-crew-circumnavigation,explorers,Ferdinand Magellan,The Survivors Came Home a Full Day Behind,PASS,5,4,5,4,4,5,—
05,marco-polo-asia-journey,explorers,Marco Polo,Marco Polo Dictated His Book From a Prison Cell,PASS,4,4,4,4,4,4,—
05,marco-polo-kublai-khan,explorers,Marco Polo,Some Doubt Marco Polo Ever Reached China,PASS,4,4,4,4,4,4,—
05,marco-polo-il-milione,explorers,Marco Polo,Marco Polo's Last Words Doubled Down on His Tales,PASS,4,4,4,4,4,4,—
05,nellie-bly-72-days,explorers,Nellie Bly,Nellie Bly Raced Around the World Against a Rival,PASS,5,5,5,5,5,5,—
05,nellie-bly-asylum-reporting,explorers,Nellie Bly,Nellie Bly Faked Madness to Expose an Asylum,PASS,5,5,5,4,5,5,—
05,nellie-bly-pen-name,explorers,Nellie Bly,Nellie Bly Became a Factory Owner and War Reporter,BORDERLINE,3,3,3,3,3,3,"Biographical coda, weaker standalone hook"
05,amundsen-south-pole-first,explorers,Roald Amundsen,"Amundsen Beat His Rival to the Pole, Who Then Died",PASS,5,5,5,4,5,5,—
05,amundsen-northwest-passage,explorers,Roald Amundsen,Amundsen Cracked a Route Sought for 400 Years,PASS,4,4,4,4,4,4,—
05,amundsen-airship-north-pole,explorers,Roald Amundsen,Amundsen Vanished Trying to Rescue a Rival,PASS,4,4,4,4,4,4,—
05,zheng-he-yongle-agent,explorers,Zheng He,China's Greatest Admiral Was an Enslaved Eunuch,PASS,4,4,4,3,4,4,—
05,zheng-he-treasure-fleets,explorers,Zheng He,Zheng He's Fleet Made Columbus Look Tiny,PASS,4,4,4,4,4,4,—
05,zheng-he-maritime-legacy,explorers,Zheng He,A Giraffe Gift Preceded China Abandoning the Seas,PASS,4,4,4,4,4,4,—
05,sacagawea-only-woman,explorers,Sacagawea,Sacagawea Crossed a Continent With a Newborn,PASS,4,4,4,4,4,4,—
05,sacagawea-shoshone-horses,explorers,Sacagawea,Sacagawea's Horse Trade Reunited Her With Her Lost Brother,PASS,5,5,5,5,5,5,—
05,sacagawea-practical-knowledge,explorers,Sacagawea,Sacagawea Was a Walking Signal of Peace,BORDERLINE,3,3,3,3,3,3,"Interpretive/analytical framing, not a vivid fact"
06,black-holes-light-cannot-escape,astronomy,Black Holes,"Near a Black Hole, You'd Watch the Universe Age",PASS,5,5,4,5,5,5,—
06,black-holes-spaghettification,astronomy,Black Holes,Spaghettification Is a Real Scientific Term,PASS,4,4,4,5,4,4,—
06,black-holes-not-vacuum-cleaners,astronomy,Black Holes,Black Holes Aren't Cosmic Vacuum Cleaners,BORDERLINE,3,3,4,4,3,3,Myth-bust is mildly interesting but lacks strong wow; fairly familiar among space-curious readers
06,galaxy-black-hole-centers,astronomy,Galaxies,Our Galaxy Has a Black Hole Weighing Four Million Suns,BORDERLINE,3,3,3,4,3,3,"Statistic-driven, dry, lacks vivid comparison"
06,stars-one-septillion,astronomy,Stars,There May Be One Septillion Stars in the Universe,BORDERLINE,3,3,3,4,3,3,Big number with no real-world comparison; body itself admits it's 'almost impossible to picture'
06,stars-live-trillions-years,astronomy,Stars,Some Stars Can Live for Trillions of Years,PASS,4,4,4,4,4,4,—
06,constellations-stars-not-connected,astronomy,Constellations,The Stars in a Constellation Aren't Actually Connected,BORDERLINE,3,3,4,4,4,3,Fairly common knowledge; hook is a generic myth-bust pattern
06,constellations-astronauts-navigation,astronomy,Constellations,NASA Astronauts Still Train to Navigate by the Stars,BORDERLINE,3,3,3,4,3,3,"Fairly familiar fact, thin body, no vivid new detail"
06,nebulae-eyeball,astronomy,Nebulae,A Nebula Looks Solid but Is Emptier Than Any Vacuum on Earth,PASS,5,4,5,5,5,5,—
06,supernovae-outshine-galaxies,astronomy,Supernovas,Some Supernovas Outshine Entire Galaxies,PASS,4,4,4,4,4,4,—
06,supernovae-create-elements,astronomy,Supernovas,The Gold in Your Jewelry Was Forged in Dying Stars,PASS,5,5,4,5,5,5,—
06,supernovae-visible-daytime,astronomy,Supernovas,Ancient People Saw Supernovas in Daylight,BORDERLINE,3,3,3,4,3,3,"Mild interest, thin body, unremarkable payoff"
06,milky-way-no-photo,astronomy,Milky Way,Nobody Has Ever Photographed the Milky Way From Outside,PASS,5,5,5,5,5,5,—
06,milky-way-andromeda-collision,astronomy,Milky Way,The Milky Way Will Collide With Andromeda,REVISE,4,3,4,4,4,4,Hook states the (already well-known) collision but buries the real twist -- almost no stars will crash -- in the body
06,light-years-early-universe,astronomy,Light Years,Our Best Telescopes Look Back to the Universe's Infancy,BORDERLINE,4,3,4,4,4,3,Hook reads academic ('look back to infancy'); solid but not gripping
06,hubble-repaired-by-astronauts,astronomy,Hubble Space Telescope,Hubble Is the Only Telescope Astronauts Flew Up to Repair,BORDERLINE,3,3,3,4,3,3,"Informative but procedural, no strong emotional payoff"
06,hubble-discovered-dark-energy,astronomy,Hubble Space Telescope,"Hubble Found the Universe Is Speeding Up, Not Slowing Down",BORDERLINE,3,3,3,3,3,3,Dark energy / Nobel Prize context skews adult and abstract
06,webb-origami,astronomy,James Webb Space Telescope,Webb Had to Fold Like Origami,PASS,4,5,4,5,5,5,—
06,webb-spf-million,astronomy,James Webb Space Telescope,Webb's Sunshield Is Like SPF One Million,PASS,4,5,4,5,4,4,—
06,quasars-near-light-speed-jets,astronomy,Quasars,Some Galaxy Jets Move Almost at Light Speed,REVISE,3,3,2,3,2,2,"Reads as a classification list (quasars, blazars, radio galaxies); ends abruptly without payoff"
06,quasars-angle-changes-view,astronomy,Quasars,One Feeding Black Hole Can Outshine Its Whole Galaxy,PASS,4,4,4,4,4,4,—
06,pulsars-sugar-cube-mountain,astronomy,Pulsars,A Sugar Cube of Neutron Star Stuff Weighs Like a Mountain,PASS,5,5,5,5,4,5,—
06,pulsars-magnetar-burst-sunlight,astronomy,Pulsars,"One Magnetar Burst Beat 100,000 Years of Sunlight",PASS,5,5,5,4,5,5,—
06,white-dwarfs-sun-earth-size,astronomy,White Dwarfs,A White Dwarf Packs a Sun Into Earth's Size,PASS,4,4,4,4,4,4,—
06,white-dwarfs-no-black-dwarfs-yet,astronomy,White Dwarfs,The Universe May Be Too Young for Black Dwarfs,BORDERLINE,3,3,2,3,2,2,Redundant 'universe too young for X' mechanism already used in stars-live-trillions-years (row 6); weaker execution
06,white-dwarfs-sirius-hidden-star,astronomy,White Dwarfs,Sirius Wobbled Because of a Hidden Dead Star,BORDERLINE,3,3,3,3,3,3,"Name/date-dense (1844 Bessel, 1863 Clark); reads like an encyclopedia entry"
06,red-giants-sun-future,astronomy,Red Giants,The Sun Will Swallow the Inner Planets,PASS,4,4,4,5,4,4,—
06,red-giants-cooler-when-bigger,astronomy,Red Giants,A Red Giant Is Cooler Because It Gets Bigger,BORDERLINE,3,3,3,3,3,3,Temperature/surface-area explanation is dry and slightly technical
06,cosmic-microwave-background-oldest-light,astronomy,Cosmic Microwave Background,The Oldest Light in the Universe Is Still Around,BORDERLINE,3,3,3,2,3,3,WMAP/CMB terminology is abstract and jargon-heavy for younger readers
06,cosmic-microwave-background-tiny-temperature-differences,astronomy,Cosmic Microwave Background,Tiny Temperature Differences Grew Into Galaxies,REJECT,2,2,2,2,2,2,Built entirely around a numeric statistic (2.7251 vs 2.7249 Kelvin) with no visual or emotional hook
06,cosmic-microwave-background-atoms-five-percent,astronomy,Cosmic Microwave Background,Ordinary Atoms Are Only About 5% of the Universe,REVISE,3,3,2,3,2,3,Strong underlying idea (ordinary matter is only 5% of the universe) buried in a dry percentage dump
06,caffeine-naturally-bitter,coffee,Caffeine,Caffeine Is a Natural Pesticide,PASS,5,5,4,5,5,5,—
06,coffee-plant-arabica-delicate,coffee,Coffee Plant,The World's Priciest Coffee Is Made From Animal Poop,PASS,4,5,4,4,4,5,—
06,instant-coffee-crystals-rehydrate,coffee,Instant Coffee,World War II Made Instant Coffee Huge,BORDERLINE,3,3,3,3,3,3,"Fairly dry WWII-procurement history, no vivid image"
06,espresso-crema-traps-aroma,coffee,Espresso,A Shot of Espresso Has Less Caffeine Than Drip Coffee,PASS,4,4,4,4,4,4,—
06,coffee-roasting-dark-not-more-caffeine,coffee,Coffee Roasting,Light Roast Coffee Has More Caffeine Than Dark,PASS,4,4,4,4,4,4,—
06,decaf-caffeine-reused,coffee,Decaf Coffee,The Caffeine Stripped From Decaf Is Sold to Soda and Drug Makers,PASS,5,4,5,5,5,5,—
06,cappuccino-morning-italy,coffee,Cappuccino,"In Italy, Ordering a Cappuccino After Lunch Is a Faux Pas",BORDERLINE,3,3,3,4,3,3,"Mild cultural-rule trivia, a common 'don't order X after Y' trope"
06,latte-popular-espresso-drink,coffee,Latte,Order a 'Latte' in Italy and You Get a Glass of Milk,PASS,4,4,4,4,4,4,—
06,turkish-coffee-fortune-grounds,coffee,Turkish Coffee,Apps Now Read Your Coffee Grounds Like a Fortune-Teller,PASS,4,4,4,4,4,4,—
06,turkish-coffee-salty-groom,coffee,Turkish Coffee,Some Grooms Drink Salty Coffee as a Test,PASS,4,4,4,4,4,4,—
06,coffeehouses-london-news-hubs,coffee,Coffeehouses,"For 200 Years, Coffeehouses Were England's Internet",REVISE,4,3,4,3,4,4,Whig/Tory political jargon adds unneeded adult-history friction to an otherwise strong hook
06,coffee-origins-one-seedling-americas,coffee,Coffee Origins,One Coffee Seedling Changed the Americas,REVISE,4,3,4,4,4,4,"Hook is a broad, vague claim ('changed the Americas') when the pirate-attack/saboteur detail is far more vivid"
06,coffee-origins-boston-tea-party,coffee,Coffee Origins,The Boston Tea Party Helped Push Coffee in America,BORDERLINE,3,3,3,3,3,3,Requires background on colonial tax policy and the Boston Tea Party to land
06,advertising-persuades-public,business,Advertising,Listerine Invented a Disease to Sell Mouthwash,PASS,5,5,5,5,5,5,—
06,advertising-funds-media,business,Advertising,One Ad Campaign Convinced the World to Buy Diamond Rings,PASS,5,4,5,5,5,5,—
06,advertising-modern-printing,business,Advertising,The First Web Banner Ad Got Almost Half Its Viewers to Click,PASS,4,4,4,4,4,4,—
06,brands-identity-not-logo,business,Brands,Coca-Cola Could Burn Down and Rebuild on Its Name Alone,BORDERLINE,3,3,3,3,3,3,Requires grasping corporate finance/brand-value as an abstraction
06,brands-shape-perception,business,Brands,People Prefer Pepsi in Blind Tests but Coke on the Shelf,PASS,4,4,4,4,4,4,—
06,corporations-exist-legally,business,Corporations,The Most Valuable Company Ever Existed 400 Years Ago,REVISE,4,3,3,3,3,3,Hook leads with an abstract inflation-adjusted dollar figure instead of the vivid detail (a company with its own army)
06,corporations-owned-by-shareholders,business,Corporations,One Share of This Company Costs Over Half a Million Dollars,BORDERLINE,3,3,3,3,3,3,"Stock-market/finance context, narrow appeal"
06,corporations-limit-owner-risk,business,Corporations,"The World's Oldest Company Ran for Over 1,400 Years",PASS,4,4,4,4,4,4,—
06,entrepreneurship-risk-profit,business,Entrepreneurship,"He Built 5,127 Vacuums Before One Worked",PASS,4,5,4,5,4,5,—
06,entrepreneurship-combines-resources,business,Entrepreneurship,Why So Many Giant Companies Started in a Garage,BORDERLINE,3,3,3,4,3,3,Reasoning is hand-wavy rationalization rather than a real revealed truth
06,monopolies-one-seller-power,business,Monopolies,The Game Monopoly Was Invented to Attack Monopolies,PASS,4,4,4,4,4,4,—
06,monopolies-entry-barriers,business,Monopolies,Breaking Up His Monopoly Made Rockefeller Richer,PASS,5,4,5,4,5,5,—
06,monopolies-competition-spectrum,business,Monopolies,You Used to Have to Rent Your Telephone,PASS,4,3,4,4,4,4,—
06,supply-demand-price-signal,business,Supply and Demand,"In 2020, Oil Was Worth Less Than Nothing",PASS,5,5,5,4,5,5,—
06,supply-demand-demand-curve,business,Supply and Demand,Some Products Sell Better When You Raise the Price,BORDERLINE,3,3,3,3,3,3,'Veblen goods' is an economics term; abstract for younger readers
06,supply-demand-equilibrium,business,Supply and Demand,Capping Prices Can Empty the Shelves,BORDERLINE,3,3,3,3,3,3,Price-control economics -- the exact 'too abstract' pattern the brief warns about
06,trade-crosses-borders,business,Trade,Not a Single Person on Earth Can Make a Pencil,PASS,5,5,5,5,5,5,—
06,trade-not-just-nations,business,Trade,A Simple Steel Box Built the Modern World,PASS,4,4,4,4,4,4,—
06,branding-memory-tool,business,Branding,The Word 'Brand' Comes From Burning Cattle,PASS,4,4,4,5,4,4,—
06,branding-protected-by-trademarks,business,Branding,Why So Many Fast-Food Logos Are Red and Yellow,PASS,4,4,4,5,4,4,—
06,branding-consistency-builds-trust,business,Branding,A New Logo Lasted Just Six Days,BORDERLINE,3,3,3,3,3,3,Corporate rebranding/sales-figures framing skews adult and abstract
06,franchises-license-a-business,business,Franchises,McDonald's Makes More From Real Estate Than Burgers,PASS,5,5,4,5,5,5,—
06,franchises-fees-and-royalties,business,Franchises,The McDonald's You Know Was Taken From Two Brothers,PASS,4,4,4,4,4,4,—
06,franchises-support-control-tradeoff,business,Franchises,The World's Biggest Chain Is Japanese-Owned 7-Eleven,PASS,4,4,4,4,4,4,—
06,startups-early-risk,business,Startups,Most Startups Fail Because Nobody Wanted the Product,BORDERLINE,3,3,3,3,3,3,Startup-failure statistics are adult/business-context heavy
06,startups-need-capital,business,Startups,A 'Unicorn' Startup Was Named for Being Rare,BORDERLINE,3,3,3,3,3,3,"Venture-capital jargon ('unicorn,' 'decacorn') is a narrow, adult finance topic"
06,startups-first-years-matter,business,Startups,"Instagram Started as a Check-In App, YouTube as a Dating Site",PASS,4,4,4,4,4,4,—
06,stock-market-company-ownership,business,Stock Market,Wall Street Began Under a Tree in 1792,BORDERLINE,3,3,3,3,3,3,Financial-institution history; dry despite the 'under a tree' detail
06,stock-market-primary-secondary,business,Stock Market,Machines Now Trade Stocks in Millionths of a Second,REVISE,4,3,4,3,3,3,Hook undersells the standout detail ($1 trillion wiped out in minutes); heavy in stock-market jargon
06,stock-market-fuels-growth,business,Stock Market,A Single Tulip Bulb Once Cost More Than a House,PASS,5,5,4,5,5,5,—
06,business-cards-calling-card-origin,business,Business Cards,Business Cards Are Over 500 Years Old,BORDERLINE,3,3,3,4,3,2,"Plain historical trivia, no strong payoff"
06,business-cards-first-impression,business,Business Cards,Folding a Calling Card's Corner Sent a Secret Message,PASS,4,4,4,4,4,4,—
06,business-cards-networking-before-digital,business,Business Cards,"In Japan, You Receive a Business Card With Both Hands",BORDERLINE,3,3,3,4,3,3,Pleasant but familiar 'fun fact about Japan' territory
06,patents-right-to-exclude,business,Patents,Abraham Lincoln Is the Only US President With a Patent,PASS,4,4,4,4,4,4,—
06,patents-three-main-types,business,Patents,Someone Patented Swinging Sideways on a Swing,PASS,4,4,4,5,4,4,—
06,patents-protect-innovation-cycle,business,Patents,A Patent War Nearly Grounded American Aviation,BORDERLINE,3,3,3,3,3,3,Patent-law and industry history is technical/adult
06,trade-secrets-valuable-because-secret,business,Trade Secrets,Coca-Cola's Recipe Sits in a Bank Vault,PASS,4,4,4,5,4,5,—
06,trade-secrets-require-effort,business,Trade Secrets,WD-40 Was Never Patented on Purpose,PASS,4,4,4,4,4,4,—
06,trade-secrets-can-last-indefinitely,business,Trade Secrets,KFC Splits Its Secret Recipe Between Two Companies,PASS,4,4,4,5,4,4,—
06,trademarks-identify-source,business,Trademarks,"You Can Trademark a Sound, a Color, or Even a Smell",PASS,4,4,4,4,4,4,—
06,trademarks-protect-brands,business,Trademarks,Aspirin and Escalator Were Once Brand Names,PASS,4,4,4,4,4,4,—
06,trademarks-not-own-word,business,Trademarks,Nestle Spent Years Failing to Trademark the KitKat Shape,BORDERLINE,3,3,3,3,3,3,"Trademark-law nuance is a legal technicality, not a universal wow"
06,ancient-temples-sacred-design,architecture,Ancient Temples,The Oldest Temple Is Older Than Farming,PASS,5,5,5,5,5,5,—
06,ancient-temples-cella-inner-room,architecture,Ancient Temples,"Ancient Temples Were Garishly Painted, Not White",PASS,5,5,5,5,5,5,—
06,ancient-temples-oriented-space,architecture,Ancient Temples,This Temple Lights Up Inside Just Twice a Year,PASS,5,5,5,4,5,5,—
06,arches-work-by-compression,architecture,Arches,An Arch Can Get Stronger the More You Load It,REVISE,4,4,3,3,3,3,Compression/wedge-stone physics explanation is moderately technical for the youngest readers
06,arches-voussoir-wedges,architecture,Arches,The Whole Arch Hangs on the Last Stone,PASS,4,4,4,4,4,4,—
06,arches-led-to-vaults,architecture,Arches,Gaudi Designed Arches by Hanging Chains Upside Down,PASS,4,4,5,4,5,5,—
06,bauhaus-house-of-building,architecture,Bauhaus,"The Nazis Shut Down the Bauhaus, and It Conquered America",PASS,4,4,4,4,4,4,—
06,bauhaus-merged-art-and-craft,architecture,Bauhaus,A Famous Chair Was Inspired by Bicycle Handlebars,PASS,4,4,4,5,4,4,—
06,bauhaus-short-life-long-shadow,architecture,Bauhaus,The World's Bauhaus Capital Is Tel Aviv,BORDERLINE,3,3,3,4,3,3,"Mildly interesting geographic trivia, not a strong core surprise"
06,bridges-five-basic-forms,architecture,Bridges,Some Bridges Are Grown From Living Tree Roots,PASS,5,5,5,5,5,5,—
06,bridges-live-dead-loads,architecture,Bridges,Soldiers Break Step When Crossing a Bridge,PASS,5,4,5,4,5,5,—
06,bridges-materials-changed-spans,architecture,Bridges,The Golden Gate Was Almost Painted With Stripes,PASS,4,4,4,4,4,4,—
06,brutalism-raw-concrete,architecture,Brutalism,Brutalism Has Nothing to Do With Being Brutal,PASS,4,4,4,4,4,4,—
06,brutalism-postwar-function,architecture,Brutalism,The Most Hated Buildings Became Instagram Stars,PASS,4,4,4,4,4,4,—
06,brutalism-global-style,architecture,Brutalism,Britain's 'Ugliest Building' Is Now Legally Protected,BORDERLINE,3,3,3,4,3,3,Redundant with row 100 (Brutalism reputation-flip); weaker execution of the same idea
06,columns-support-and-symbol,architecture,Columns,The Parthenon Has Almost No Straight Lines,PASS,5,5,5,5,5,5,—
06,columns-three-greek-orders,architecture,Columns,A Tombside Plant Inspired the Fanciest Column,PASS,4,3,4,4,4,4,—
06,columns-capitals-show-style,architecture,Columns,Some Columns Are Carved as Women Holding Up Roofs,PASS,4,4,4,4,4,4,—
06,concrete-aggregate-cement-water,architecture,Concrete,Making Concrete Emits More Carbon Than Every Airplane Combined,PASS,4,4,4,4,4,4,—
06,concrete-ancient-material,architecture,Concrete,"The Recipe for Good Concrete Was Lost for 1,000 Years",PASS,4,4,4,4,4,4,—
06,concrete-reinforcement-strength,architecture,Concrete,Modern Concrete Is Rotting From the Inside,PASS,5,5,5,4,5,5,—
06,courtyards-open-space-inside,architecture,Courtyards,Courtyards Were Air-Conditioning Before Electricity,PASS,4,4,4,4,4,4,—
06,courtyards-ancient-and-global,architecture,Courtyards,Roman Houses Turned Their Backs to the Street,BORDERLINE,3,3,3,3,3,3,"Reads like a definitions entry (atrium, impluvium) rather than a story"
06,courtyards-alhambra-complex,architecture,Courtyards,A Writer Squatting in a Ruin Saved the Alhambra,REVISE,3,3,4,3,4,3,Charming story but the payoff hinges on a niche historical figure (Washington Irving) unfamiliar to most readers
06,domes-arch-turned-space,architecture,Domes,"A 1,900-Year-Old Dome Still Holds a World Record",PASS,5,4,5,5,5,5,—
06,domes-push-outward,architecture,Domes,This Dome Looked So Light People Thought It Floated,PASS,5,4,5,4,5,5,—
06,domes-romans-scaled-up,architecture,Domes,Some Domes Let You Hear a Whisper Across the Room,PASS,5,4,5,5,5,5,—
06,glass-buildings-curtain-wall,architecture,Glass Buildings,A Glass Skyscraper Melted a Parked Car,PASS,5,5,5,5,5,5,—
06,glass-buildings-postwar-energy,architecture,Glass Buildings,Glass Towers Kill Up to a Billion Birds a Year,PASS,4,4,4,4,4,4,—
06,glass-buildings-seagram-icon,architecture,Glass Buildings,An Architect Controlled Even the Building's Blinds,PASS,4,4,4,4,4,4,—
06,gothic-architecture-walls-of-light,architecture,Gothic Architecture,Flying Buttresses Let Cathedral Walls Become Glass,PASS,4,4,4,4,4,4,—
06,gothic-architecture-pointed-up,architecture,Gothic Architecture,A Cathedral Could Take Six Centuries to Finish,PASS,4,4,4,4,4,4,—
06,gothic-architecture-not-gothic-tribes,architecture,Gothic Architecture,'Gothic' Started as an Insult,PASS,4,4,4,4,4,4,—
06,pyramids-global-form,architecture,Pyramids,"The Great Pyramid Was the Tallest Building for 3,800 Years",PASS,5,5,4,5,5,5,—
06,pyramids-sloping-sides,architecture,Pyramids,The Great Pyramid Points Almost Perfectly North,PASS,4,4,4,4,4,4,—
06,pyramids-giza-fame,architecture,Pyramids,The World's Largest Pyramid Is Hidden Under a Hill,PASS,5,4,5,5,5,5,—
06,skyscrapers-name-1880s,architecture,Skyscrapers,'Skyscraper' Meant a Tall Hat Before a Tall Building,PASS,4,4,4,4,4,4,—
06,skyscrapers-technology-coincidence,architecture,Skyscrapers,The Chrysler Building Hid a Spire to Win a Race,PASS,5,5,5,5,5,5,—
06,skyscrapers-elevators-made-height-usable,architecture,Skyscrapers,Elevators Made the Top Floor the Best Address,PASS,4,4,4,4,4,4,—
06,urban-planning-city-shaping,architecture,Urban Planning,Paris's Grand Boulevards Were Designed to Stop Revolts,PASS,4,4,4,4,4,4,—
06,urban-planning-industrial-pressure,architecture,Urban Planning,Car Companies Invented the Crime of Jaywalking,PASS,5,5,5,5,5,5,—
06,urban-planning-technical-political,architecture,Urban Planning,Brazil Built a Capital From Scratch in Under 4 Years,PASS,4,4,4,4,4,4,—
06,castles-not-palaces,architecture,Castles,Castle Staircases Spiral Clockwise for a Reason,PASS,5,5,5,5,5,5,—
06,castles-motte-bailey-fast,architecture,Castles,Castle Toilets Just Dropped Waste Down the Wall,PASS,5,4,5,5,5,5,—
06,castles-keeps-replaced-donjons,architecture,Castles,The Classic Fairy-Tale Castle Is a Victorian Fake,PASS,5,5,5,5,5,5,—
06,pearl-divers-dangerous-work,strange-jobs,Pearl Divers,Japan's 'Ama' Are Women Who Dive Into Old Age,PASS,4,4,4,4,4,4,—
06,pearl-divers-skin-diving,strange-jobs,Pearl Divers,One Invention Nearly Wiped Out the Pearl-Diving Job,BORDERLINE,3,3,3,4,3,3,Business/history angle (Mikimoto's invention) rather than the 'strange job' itself
06,pearl-divers-broome-world-capital,strange-jobs,Pearl Divers,A Pearling Town's Cemetery Holds Hundreds of Divers,PASS,5,4,5,4,5,5,—
06,snake-milkers-venom-collection,strange-jobs,Snake Milkers,Antivenom Is Basically Purified Horse Blood,PASS,4,4,4,4,4,4,—
06,snake-milkers-face-shields,strange-jobs,Snake Milkers,Snake Venom Can Be Worth More Than Gold,PASS,4,4,4,4,4,4,—
06,snake-milkers-research-venom,strange-jobs,Snake Milkers,One Snake Milker Survived 170 Bites and Lived to 100,PASS,5,5,5,5,5,5,—
06,foley-artists-live-sounds,strange-jobs,Foley Artists,Almost Every Sound in a Movie Is Faked Later,PASS,4,4,4,5,4,4,—
06,foley-artists-become-actor,strange-jobs,Foley Artists,"Jack Foley Never Won an Oscar, but the Whole Job Bears His Name",BORDERLINE,3,3,3,4,3,3,"Biographical/etymology trivia, milder payoff than its Foley-artist siblings"
06,foley-artists-junk-stages,strange-jobs,Foley Artists,Foley Artists Snap Celery to Fake Breaking Bones,PASS,5,5,5,5,5,5,—
06,odor-judges-trained-panel,strange-jobs,Odor Judges,Companies Pay People to Sniff Armpits All Day,PASS,5,5,4,5,5,5,—
06,odor-judges-symptom-timing,strange-jobs,Odor Judges,NASA Smells Everything Before It Flies to Space,PASS,5,5,4,5,5,5,—
06,odor-judges-nose-plus-chemistry,strange-jobs,Odor Judges,A Trained Nose Can Smell a Flaw in Parts Per Trillion,REVISE,4,3,4,4,4,4,Hook leans on 'parts per trillion' jargon instead of the far more vivid pool-drops comparison already in the body
06,professional-sleepers-head-down,strange-jobs,Professional Sleepers,NASA Pays People to Lie in Bed for 70 Days,PASS,5,5,5,5,5,5,—
06,professional-sleepers-space-body,strange-jobs,Professional Sleepers,Weeks in Bed Age the Body Shockingly Fast,BORDERLINE,3,3,3,4,3,3,Redundant with row 144 (same NASA bed-rest study); reads more like a body-science fact than a job fact
06,professional-sleepers-boredom-data,strange-jobs,Professional Sleepers,Hotels and Bed Brands Hire Professional Sleepers,PASS,4,4,4,5,4,4,—
06,food-tasters-five-senses,strange-jobs,Food Tasters,The Original Food Taster's Job Was to Risk Poisoning,PASS,5,4,5,5,5,5,—
06,food-tasters-trained-panels,strange-jobs,Food Tasters,Professional Tasters Live by Strict Palate Rules,BORDERLINE,3,3,3,4,3,2,"Procedural list of dietary restrictions, low memorability"
06,food-tasters-ice-cream-texture,strange-jobs,Food Tasters,Ice Cream Tasters Use a Gold Spoon and Insured Taste Buds,PASS,5,5,5,5,5,5,—
06,lighthouse-keepers-large-workforce,strange-jobs,Lighthouse Keepers,The Lighthouse Keeper Is Now an Almost Extinct Job,BORDERLINE,3,3,3,4,3,3,"Informative automation trivia, no strong emotional hook"
06,lighthouse-keepers-supplies,strange-jobs,Lighthouse Keepers,A Lighthouse Keeper Became a Famous Lifesaver,PASS,4,4,4,4,4,4,—
06,lighthouse-keepers-aids-navigation,strange-jobs,Lighthouse Keepers,Three Lighthouse Keepers Vanished Without a Trace,PASS,5,5,5,5,5,5,—
06,tea-tasters-federal-job,strange-jobs,Tea Tasters,Tea Tasters Slurp Loudly and Spit It Out,PASS,4,4,4,4,4,4,—
06,tea-tasters-every-lot,strange-jobs,Tea Tasters,The US Had Official Tea Tasters for 99 Years,PASS,5,4,5,4,5,5,—
06,tea-tasters-repealed,strange-jobs,Tea Tasters,Tea Experts Read the 'Agony of the Leaves',PASS,4,4,4,4,4,4,—
06,falconers-ancient-art,strange-jobs,Falconers,A Medieval Emperor Wrote a Science Book on Falconry,BORDERLINE,3,3,3,3,3,3,Academic/historical framing (medieval treatise) is dry for younger readers
06,falconers-master-apprentice,strange-jobs,Falconers,Trained Falcons Still Work at Airports and Wimbledon,PASS,5,5,4,5,5,5,—
06,falconers-elite-books,strange-jobs,Falconers,Falconry Gave English Some of Its Common Phrases,PASS,4,4,5,5,5,5,—
06,bamboo-giant-grass,famous-trees-plants,Bamboo,This Grass Is Strong Enough to Build Skyscrapers,PASS,4,4,4,5,4,4,—
06,bamboo-fast-growth,famous-trees-plants,Bamboo,Some Bamboo Grows More Than an Inch an Hour,PASS,5,5,4,5,4,5,—
06,bamboo-rare-flowering,famous-trees-plants,Bamboo,"Bamboo Flowers Worldwide at Once, Then Famine Follows",PASS,5,4,5,4,5,5,—
06,baobab-water-trunk,famous-trees-plants,Baobab Trees,People Have Turned Baobabs Into Pubs and Jails,PASS,5,5,5,5,5,5,—
06,baobab-nine-species,famous-trees-plants,Baobab Trees,Some of Africa's Oldest Baobabs Suddenly Died,REVISE,4,3,4,4,4,4,Hook reads as somber news ('suddenly died') rather than a curiosity-driven hook
06,baobab-tree-of-life,famous-trees-plants,Baobab Trees,Legend Says the Baobab Was Planted Upside Down,PASS,4,5,4,5,5,5,—
06,cacti-areoles,famous-trees-plants,Cacti,Almost Every Cactus on Earth Is From the Americas,PASS,4,4,4,4,4,4,—
06,cacti-spines-leaves,famous-trees-plants,Cacti,A Cactus Spine Is Really a Modified Leaf,PASS,4,4,4,4,4,4,—
06,cacti-living-fences,famous-trees-plants,Cacti,A Saguaro Grows So Slowly It Can Get Revenge,PASS,5,5,5,5,5,5,—
06,poison-ivy-urushiol,famous-trees-plants,Poison Ivy,A Pinhead of Poison Ivy Oil Could Rash Hundreds,PASS,5,5,5,5,5,5,—
06,poison-ivy-three-leaflets,famous-trees-plants,Poison Ivy,"Whatever You Do, Never Burn Poison Ivy",PASS,4,4,4,4,4,4,—
06,poison-ivy-bird-food,famous-trees-plants,Poison Ivy,Climate Change Is Making Poison Ivy Worse,BORDERLINE,3,3,3,4,3,3,Weakest and most redundant of three poison-ivy facts in this batch; reads like a climate-news brief
06,venus-flytrap-carolina-native,famous-trees-plants,Venus Flytraps,Wild Venus Flytraps Grow in Only One Small Area,PASS,4,4,4,4,4,4,—
06,venus-flytrap-nitrogen,famous-trees-plants,Venus Flytraps,A Venus Flytrap Doesn't Eat Bugs for Food,PASS,4,4,4,4,4,4,—
06,venus-flytrap-snap-trap,famous-trees-plants,Venus Flytraps,A Venus Flytrap Can Actually Count,PASS,5,5,5,5,5,5,—
06,cherry-blossoms-1912-gift,famous-trees-plants,Cherry Blossoms,Washington's First Cherry Trees Had to Be Burned,PASS,4,4,4,4,4,4,—
06,cherry-blossoms-scidmore,famous-trees-plants,Cherry Blossoms,"Cherry Records Span 1,200 Years and Reveal Warming",BORDERLINE,3,3,3,4,3,3,Climate-dataset framing is more scientific-report than wow
06,cherry-blossoms-fairchild-test,famous-trees-plants,Cherry Blossoms,Cherry Blossoms Are Loved Because They Barely Last,PASS,4,4,4,4,4,4,—
06,giant-sequoias-largest-trees,famous-trees-plants,Giant Sequoias,The Biggest Living Thing Grew From an Oat-Sized Seed,PASS,5,5,5,5,5,5,—
06,giant-sequoias-fire-bark,famous-trees-plants,Giant Sequoias,Giant Sequoias Actually Need Fire to Survive,PASS,4,4,4,4,4,4,—
06,giant-sequoias-tiny-seeds,famous-trees-plants,Giant Sequoias,People Once Drove Cars Through a Living Sequoia,PASS,5,4,5,5,5,5,—
06,corpse-flower-giant-inflorescence,famous-trees-plants,Corpse Flower,The 'World's Biggest Flower' Is Not Really a Flower,PASS,4,4,4,4,4,4,—
06,corpse-flower-one-evening-stink,famous-trees-plants,Corpse Flower,The Corpse Flower Heats Itself to Spread Its Stink,PASS,5,4,5,5,5,5,—
06,corpse-flower-not-carnivorous,famous-trees-plants,Corpse Flower,A Corpse Flower Bloom Draws Crowds and Livestreams,BORDERLINE,3,3,3,4,3,3,Weakest of three corpse-flower facts; about the crowd phenomenon rather than the plant's own biology
06,mangroves-salt-filter,famous-trees-plants,Mangroves,Mangroves Give Birth to Live Seedlings,PASS,5,4,5,5,5,5,—
06,mangroves-snorkel-roots,famous-trees-plants,Mangroves,Some Mangroves Breathe Through Snorkel Roots,PASS,4,4,4,5,4,4,—
06,mangroves-storm-barriers,famous-trees-plants,Mangroves,A Wall of Mangroves Can Blunt a Tsunami,PASS,4,4,4,4,4,4,—
06,bonsai-living-sculptures,famous-trees-plants,Bonsai,A Bonsai Is Not a Special Dwarf Tree,PASS,4,4,4,4,4,4,—
06,bonsai-constant-care,famous-trees-plants,Bonsai,Some Bonsai Are Centuries Old and Worth Millions,BORDERLINE,3,3,3,4,3,3,Pleasant but expected once bonsai's premise is known; no fresh surprise
06,bonsai-bicentennial-gift,famous-trees-plants,Bonsai,A Bonsai in Washington Survived Hiroshima,PASS,5,4,5,5,5,5,—
06,vacuum-of-space-suffocate-not-freeze,survival-body-limits,The Vacuum of Space,Space Would Suffocate You Long Before It Froze You,PASS,5,5,5,5,5,5,—
06,vacuum-of-space-leblanc-saliva-boiled,survival-body-limits,The Vacuum of Space,"A NASA Technician Felt His Saliva Boil in a Vacuum, and Survived",PASS,5,5,5,5,5,5,—
06,vacuum-of-space-swell-not-explode,survival-body-limits,The Vacuum of Space,"Your Body Would Not Explode in Space, It Would Puff Up",PASS,5,5,5,5,5,5,—
06,heatstroke-sweat-only-defense,survival-body-limits,Heatstroke,Your Body Has Just One Real Weapon Against Heat: Sweat,PASS,4,4,4,4,4,4,—
06,heatstroke-fan-useless-above-99,survival-body-limits,Heatstroke,"Once It Passes 99 Degrees, a Fan Stops Cooling You Down",PASS,5,5,4,5,5,5,—
06,heatstroke-brain-confusion-sign,survival-body-limits,Heatstroke,"The Scariest Sign of Heat Stroke Is Confusion, Not Sweating",PASS,4,4,4,4,4,4,—
06,hypothermia-shivering-stops,survival-body-limits,Hypothermia,"When Hypothermia Turns Deadly, the Shivering Stops",PASS,5,5,4,5,5,5,—
06,hypothermia-clouds-judgment,survival-body-limits,Hypothermia,The Cold Fogs Your Thinking Before You Realize You Are in Danger,PASS,4,4,4,4,4,4,—
06,hypothermia-babies-lose-heat-fastest,survival-body-limits,Hypothermia,A Baby Can Get Dangerously Cold Just Sleeping in a Chilly Room,PASS,4,4,4,4,4,4,—
06,hysterical-strength-switches-off-pain,survival-body-limits,Hysterical Strength,"In a Real Emergency, Your Body Can Switch Off Pain",PASS,4,4,4,4,4,4,—
06,hysterical-strength-reroutes-blood,survival-body-limits,Hysterical Strength,Fear Reroutes Your Blood in a Split Second,PASS,4,4,4,4,4,4,—
06,hysterical-strength-senses-max-alert,survival-body-limits,Hysterical Strength,Adrenaline Rewires Your Whole Body in a Heartbeat,BORDERLINE,3,3,3,4,3,3,Generic restatement of fight-or-flight already covered more specifically in rows 198-199
06,g-force-stapp-632-mph-sled,survival-body-limits,G-Force,"A Doctor Rode a Rocket Sled Faster Than a Bullet, on Purpose",PASS,5,5,5,5,5,5,—
06,g-force-stapp-stop-broke-ribs,survival-body-limits,G-Force,Stopping From 632 MPH in 1.4 Seconds Nearly Tore Him Apart,PASS,5,5,5,5,5,5,—
06,g-force-stapp-seatbelt-legacy,survival-body-limits,G-Force,Your Car's Seatbelt Exists Thanks to One Man's Brutal Rides,BORDERLINE,3,3,3,4,3,3,Weakest/most abstract of three Stapp facts; 'legacy' framing lacks the visceral detail of rows 201-202
06,wilderness-survival-day-hikers-most-rescued,survival-body-limits,Wilderness Survival,Day Hikers Need Rescuing Far More Than Deep-Woods Backpackers,PASS,4,4,4,4,4,4,—
06,wilderness-survival-getting-lost-top-cause,survival-body-limits,Wilderness Survival,"The Top Reason Hikers Get Rescued Is Not Injury, It Is a Wrong Turn",PASS,4,4,4,4,4,4,—
06,wilderness-survival-cold-not-starvation,survival-body-limits,Wilderness Survival,"If You Are Lost in the Woods, Cold Gets You Long Before Hunger",PASS,4,4,4,4,4,4,—
06,surviving-a-fall-vulovic-33000-feet,survival-body-limits,Surviving a Fall,"A Flight Attendant Fell 33,000 Feet and Lived to Walk Again",PASS,5,5,5,5,5,5,—
06,freediving-urge-is-co2-not-oxygen,survival-body-limits,Freediving,The Urge to Breathe Has Nothing to Do With Running Out of Oxygen,PASS,5,5,4,5,5,5,—
06,freediving-hyperventilation-blackout,survival-body-limits,Freediving,The Breath-Holding Trick That Can Make You Black Out Underwater,PASS,5,4,5,4,5,5,—
06,mammalian-dive-reflex-cold-water-slows-heart,survival-body-limits,The Mammalian Dive Reflex,Dunk Your Face in Cold Water and Your Heart Automatically Slows,PASS,4,4,4,4,4,4,—
06,mammalian-dive-reflex-calms-racing-heart,survival-body-limits,The Mammalian Dive Reflex,The Same Reflex That Helps Seals Dive Can Calm a Racing Heart,PASS,4,4,4,4,4,4,—
06,surviving-without-food-gandhi-21-days,survival-body-limits,Surviving Without Food,"At Age 74, Gandhi Went 21 Days With No Food but Sips of Water",PASS,4,4,4,4,4,4,—
06,surviving-without-food-metabolism-downshift,survival-body-limits,Surviving Without Food,"Starve, and Your Body Quietly Turns Down Its Own Engine",BORDERLINE,3,3,3,3,3,3,"Thyroid/metabolism explanation is abstract and mechanistic, thinner payoff than its neighbors"
07,roman-empire-gladiators-etruscan,history,Roman Empire,Gladiator Battles Came From Etruscan Traditions,BORDERLINE,3,3,3,4,3,3,"Mildly interesting, not a ""wait really"" reaction"
07,vikings-women-rights,history,Vikings,Viking Women Could Own Property and Divorce,BORDERLINE,3,2,3,3,3,3,Now common pop-culture knowledge; flat hook
07,ancient-greece-democracy,history,Ancient Greece,Ancient Athens Picked Officials by Lottery,PASS,4,4,4,4,4,4,—
07,ancient-greece-olympics,history,Ancient Greece,Wars Were Paused for the Ancient Olympics,PASS,4,4,4,5,4,4,—
07,middle-ages-no-one-knew,history,Middle Ages,Nobody Knew They Were Living in the Middle Ages,BORDERLINE,3,3,3,3,3,3,"Conceptual/philosophical, not visceral"
07,middle-ages-universities,history,Middle Ages,The Lecture and the Degree Were Invented in the Middle Ages,REJECT,2,2,2,2,2,2,"Textbook-heading hook, educational not delightful"
07,middle-ages-beans-population-boom,history,Middle Ages,Beans Helped Trigger a Population Boom,REVISE,4,4,3,4,4,4,Body goes flat/technical after fun premise
07,age-of-exploration-new-world,history,Age of Exploration,It Took Years to Realize America Even Existed,BORDERLINE,3,3,3,3,3,3,Requires Columbus/Vespucci background
07,renaissance-constantinople,history,Renaissance,The Fall of Constantinople Helped Spark the Renaissance,REJECT,2,2,3,2,3,2,"Abstract cause-and-effect history, dense context"
07,renaissance-perspective,history,Renaissance,Artists Invented Mathematical Perspective,BORDERLINE,3,3,3,3,3,3,Academic-sounding hook
07,american-revolution-civil-war,history,American Revolution,The American Revolution Began as a Civil War,BORDERLINE,3,3,3,3,3,3,Needs Revolution background to land
07,american-revolution-french-navy,history,American Revolution,A French Fleet Sealed Britain's Defeat at Yorktown,REJECT,2,2,2,2,2,2,"Niche military-history, textbook feel"
07,american-revolution-paul-revere,history,American Revolution,Paul Revere Didn't Ride Alone,PASS,4,4,4,4,4,4,—
07,industrial-revolution-illegal-export,history,Industrial Revolution,Exporting Industrial Know-How Was Illegal,REJECT,3,2,3,2,3,3,"IP-law/industrial context, adult-oriented"
07,industrial-revolution-child-labor,history,Industrial Revolution,The Word 'Luddite' Comes From Machine-Smashers,PASS,4,4,4,4,4,4,—
07,ancient-china-terracotta-army,history,Ancient China,China's First Emperor Was Buried With an Army,PASS,5,4,4,5,4,5,—
07,ancient-china-gunpowder,history,Ancient China,Gunpowder Began as a Chinese Discovery,PASS,4,4,4,4,4,4,—
07,ancient-china-wu-zetian,history,Ancient China,China Had One Female Emperor,REVISE,3,3,4,4,3,3,"Hook is a flat statement, not the surprise"
07,ancient-india-chess,history,Ancient India,Chess Pieces Started as an Indian Army's Four Divisions,PASS,4,4,4,4,4,4,—
07,mongol-empire-largest-contiguous,history,Mongol Empire,Steppe Nomads Built History's Biggest Land Empire in a Few Generations,REVISE,4,3,4,4,4,4,Hook is long/wordy
07,mongol-empire-small-armies,history,Mongol Empire,The Mongols Didn't Need Huge Armies,BORDERLINE,3,3,3,3,3,3,Standard military trivia; redundant w/ cluster
07,mongol-empire-messenger-network,history,Mongol Empire,The Mongols Had a Massive Messenger Network,BORDERLINE,3,3,3,3,3,3,"Redundant w/ Mongol cluster, mid-tier wow"
07,silk-road-not-one-road,history,Silk Road,Nobody Who Traveled the Silk Road Ever Called It That,PASS,4,4,4,4,4,4,—
07,silk-road-buddhism,history,Silk Road,Buddhism Reached China Along the Silk Road,REJECT,2,2,2,3,2,2,"Predictable, bland ""trade route"" framing"
07,silk-road-black-death,history,Silk Road,The Black Death May Have Traveled the Silk Road,REVISE,4,3,3,4,3,4,"Hedged hook (""may have"") undercuts punch"
07,french-revolution-american-war,history,French Revolution,"France Bankrupted Itself Helping America, Then Revolted",REJECT,3,3,3,2,3,3,Requires debt/tax/politics context
07,french-revolution-bastille,history,French Revolution,France Stormed the Bastille to Free Just a Handful of Prisoners,PASS,4,4,4,4,4,4,—
07,printing-press-korea-first,history,Printing Press,Movable Type Existed Before Gutenberg,REVISE,4,3,3,4,3,3,"Solid myth-bust, needs punchier hook/body"
07,printing-press-lawsuit,history,Printing Press,Gutenberg's Press First Appeared in a Lawsuit,REJECT,2,2,2,2,2,2,"Legal/archival trivia, dry"
07,printing-press-surviving-bibles,history,Printing Press,Only About 40 Gutenberg Bibles Survive,REJECT,3,2,2,3,3,3,"Generic rare-book stat, redundant w/ cluster"
07,cold-war-orwell,history,Cold War,George Orwell Coined 'Cold War',REVISE,4,4,3,4,4,4,"Body too thin, doesn't expand the reveal"
07,space-race-sputnik,history,Space Race,America's First Satellite Blew Up on Live TV,PASS,5,5,4,5,5,5,—
07,space-race-armstrong-aldrin,history,Space Race,One Apollo 11 Astronaut Never Walked on the Moon,PASS,4,4,4,4,4,4,—
07,salem-witch-trials-accusations-spread,history,Salem Witch Trials,Salem's Witch Hunt Turned on Its Own Respected Neighbors,REJECT,2,2,2,3,2,2,"Ends flat, reads like a source summary"
07,salem-witch-trials-spectral-evidence-banned,history,Salem Witch Trials,"Salem Ended When ""Ghost Evidence"" Was Banned",REJECT,2,3,2,2,2,2,Courts/legal-procedure framing
07,salem-witch-trials-apology-centuries-later,history,Salem Witch Trials,Massachusetts Apologized Centuries Later,REJECT,2,2,2,2,2,2,"Overloaded with dates, no vivid image"
07,titanic-four-compartments,history,Titanic,Titanic Could Float With Four Compartments Flooded,REVISE,4,3,4,4,4,4,Hook is technical/confusing on first read
07,titanic-warning-never-reached-bridge,history,Titanic,A Key Ice Warning Never Reached the Bridge,BORDERLINE,3,3,3,3,3,3,"Standard ""if only"" trivia, weakest of Titanic cluster"
07,titanic-lifeboat-capacity-gap,history,Titanic,Titanic's First Lifeboat Left With 27 People in a Boat Built for 65,PASS,5,5,4,5,5,5,—
07,samurai-ran-japan,history,Samurai,Samurai Became Powerful Enough to Run Japan,REJECT,2,2,2,3,2,2,"Generic survey-fact, textbook tone"
07,samurai-bureaucrats-during-peace,history,Samurai,Many Samurai Became Bureaucrats During Peace,BORDERLINE,3,3,2,3,3,3,"Good irony, underdeveloped body"
07,golden-age-of-piracy-exaggerated-news,history,Golden Age of Piracy,Pirate Stories Were Already Exaggerated News,REJECT,2,2,2,3,2,2,"Media-criticism angle, abstract"
07,golden-age-of-piracy-black-bart-400-ships,history,Golden Age of Piracy,Black Bart Captured More Than 400 Vessels,REVISE,3,3,3,4,3,3,"Hook is a plain stat, not a hook"
07,knights-training-age-seven,history,Knights,Knights Started Training Around Age 7,REVISE,4,4,3,5,3,4,Body needs more vivid concrete detail
07,internet-arpanet-first-connection,technology,Internet,The First Internet Message Was 'Lo',PASS,5,5,4,5,5,5,—
07,world-wide-web-cern-1989,technology,World Wide Web,No One Owns the World Wide Web,BORDERLINE,3,3,3,3,3,3,"Patent/business framing, semi-abstract"
07,wi-fi-signals-bounce,technology,Wi-Fi,Wi-Fi Came From a Hunt for Exploding Black Holes,PASS,5,5,4,4,4,5,—
07,email-more-than-text,technology,E-mail,Email Is Older Than the World Wide Web,BORDERLINE,3,3,3,4,3,3,"Mild surprise, thin payoff"
07,smartphones-first-1993,technology,Smartphones,IBM Sold a Touchscreen Smartphone in 1993,REVISE,4,4,3,4,3,4,Body reads like a spec list
07,qr-codes-car-parts,technology,QR Codes,QR Codes Were Invented to Track Parts in a Toyota Factory,PASS,4,4,4,4,4,4,—
07,virtual-reality-heavy-headset,technology,Virtual Reality,An Early VR Headset Was Too Heavy to Wear Normally,BORDERLINE,3,3,2,3,2,3,Body too thin to satisfy the hook
07,cloud-computing-name-diagrams,technology,Cloud Computing,The 'Cloud' Is Named After a Doodle on Network Diagrams,PASS,4,4,4,4,4,4,—
07,blockchain-public-private-keys,technology,Blockchain,No One Knows Who Invented Bitcoin,PASS,5,4,5,4,4,5,—
07,usb-imac-mainstream,technology,USB,USB Was Stuck Until One Computer Dropped Every Other Port,BORDERLINE,3,3,3,3,3,3,"Standards-adoption story, semi-abstract"
07,bluetooth-direct-device-talk,technology,Bluetooth,The Bluetooth Logo Is Written in Viking Runes,PASS,5,5,4,5,5,5,—
07,search-engines-google-backrub,technology,Search Engines,"Google's First Name, BackRub, Came From a Page's 'Back Links'",REVISE,4,4,3,4,3,4,Body drifts into PageRank explanation
07,captcha-checkbox-movement,technology,CAPTCHA,The 'I'm Not a Robot' Box Is Really Watching Your Mouse,PASS,5,5,4,4,5,4,—
07,data-centers-avoid-downtime,technology,Data Centers,Microsoft Sank a Data Center to the Ocean Floor,PASS,5,5,4,4,4,5,—
07,automobiles-thousands-of-parts,cars,Automobiles,The First Speeding Ticket Was for Going 8 MPH,REVISE,4,4,3,4,3,4,"Body too short, doesn't build on the hook"
07,automobiles-early-electric-cars,cars,Automobiles,That 'New Car Smell' Is Off-Gassing Chemicals,BORDERLINE,3,3,3,4,3,3,Fairly common knowledge already
07,internal-combustion-engines-combustion-inside,cars,Internal-Combustion Engines,Only a Quarter of Your Gas Actually Moves the Car,REVISE,4,4,3,4,3,4,Body doesn't build past the stat
07,internal-combustion-engines-hot-gas-work,cars,Internal-Combustion Engines,Your Engine Sets Off Thousands of Explosions a Minute,PASS,4,5,4,5,4,4,—
07,automobile-racing-first-true-race,cars,Automobile Racing,The First True Auto Race Was Over 700 Miles,REJECT,2,2,2,3,2,2,Generic historical-record stat
07,electric-cars-early-competitive,cars,Electric Cars,Electric Cars Were Competitive Before 1920,REJECT,2,2,2,3,2,2,"Informative, not surprising; redundant w/ cluster"
07,electric-cars-self-starter-shift,cars,Electric Cars,The Self-Starter Helped Gas Cars Beat Electrics,REJECT,2,2,2,2,2,2,"Industrial-adoption history, dry"
07,hybrid-cars-two-power-sources,cars,Hybrid Cars,The First Hybrid Car Was Built in 1900,REVISE,4,4,3,4,3,4,Body doesn't add texture beyond the date
07,seat-belts-prevent-ejection,cars,Seat Belts,Volvo Gave Away the Seat Belt That Saved Millions,PASS,4,4,4,4,4,4,—
07,seat-belts-webbing-strength,cars,Seat Belts,"Your Seat Belt Is Built to Hold 6,000 Pounds",BORDERLINE,3,3,2,3,2,3,Dry engineering-spec fact
07,tires-compressed-air-load,cars,Tires,Tires Are Black Because of a Hidden Ingredient,PASS,4,4,4,4,4,4,—
07,cruise-control-set-speed,cars,Cruise Control,Cruise Control Was Invented by a Blind Engineer,PASS,5,5,4,5,5,5,—
07,brakes-hydraulic-balance,cars,Brakes,Formula 1 Brakes Glow Red-Hot While Stopping,PASS,5,5,4,4,4,5,—
07,transmission-torque-converter,cars,Transmission,Some Transmissions Have No Gears at All,BORDERLINE,3,3,3,3,3,3,"Mildly technical, moderate payoff"
07,windshield-wipers-snowy-trolley,cars,Windshield Wipers,Windshield Wipers Came From a Snowy Trolley Ride,BORDERLINE,3,3,3,4,3,3,Pleasant but modest wow
07,windshield-wipers-inside-lever,cars,Windshield Wipers,A Wiper Inventor Took on Ford and Won,REVISE,4,4,3,4,3,4,Body summarizes rather than dramatizes fight
07,air-bags-supplement-seat-belts,cars,Air Bags,Air Bags Inflate Using a Tiny Explosion,PASS,4,5,4,4,4,4,—
07,crumple-zones-mercedes-1959,cars,Crumple Zones,Cars Were Built Rigid Until Mercedes Made Them Fold in 1959,BORDERLINE,3,3,3,3,3,3,"Engineering-history framing, moderate wow"
07,car-horns-klaxon-ahooga,cars,Car Horns,"The Klaxon Made the Famous ""Ahooga"" Sound",REJECT,2,3,2,3,2,3,"Thin body, niche trivia"
07,car-horns-vibrating-diaphragm,cars,Car Horns,Car Horns Are Tuned to a Musical Note,REVISE,4,4,3,4,3,4,"Redundant w/ Klaxon fact, needs sharper body"
07,crash-test-dummies-different-bodies,cars,Crash Test Dummies,Crash Test Dummies Were Built Mostly for Men,PASS,4,4,4,4,4,4,—
07,crash-test-dummies-measure-crashes,cars,Crash Test Dummies,Crash Test Dummies Were Invented to Replace Something Worse,REJECT,3,3,2,3,2,2,"Body never reveals what ""worse"" means — breaks the hook's promise"
07,crash-test-dummies-vince-larry,cars,Crash Test Dummies,Two Crash Dummies Got Into the Smithsonian,BORDERLINE,3,3,3,3,3,3,Nostalgic but mild; redundant w/ cluster
07,coral-islands-built-from-skeletons,geography,Coral Islands,Much of That White Sand Is Parrotfish Poop,PASS,5,5,4,5,5,5,—
07,coral-islands-low-lying,geography,Coral Islands,The Lowest-Lying Country Peaks at About a Tabletop's Height,PASS,4,4,4,4,4,4,—
07,coral-islands-two-formation-paths,geography,Coral Islands,Darwin Figured Out Ring-Shaped Islands Before Anyone Could Drill,BORDERLINE,3,3,3,3,3,3,"Science-history framing, moderate wow"
07,deserts-defined-by-dryness,geography,Deserts,The Largest Desert on Earth Is Frozen,PASS,5,5,4,5,4,5,—
07,deserts-have-specialized-life,geography,Deserts,Some Desert Spots Have Never Recorded a Drop of Rain,PASS,4,4,4,4,4,4,—
07,deserts-surfaces-tell-stories,geography,Deserts,Saharan Dust Secretly Fertilizes the Amazon,PASS,5,4,4,4,4,5,—
07,glaciers-snow-becomes-ice,geography,Glaciers,Antarctica's Ice Is So Heavy It Pushes the Ground Below Sea Level,REVISE,4,3,3,4,3,3,"Hook/body mismatch, unfocused structure"
07,glaciers-flow-slowly,geography,Glaciers,Glacier Ice Glows Blue Because It Is So Crushed,PASS,4,4,4,4,4,4,—
07,glaciers-climate-archives,geography,Glaciers,Deep Ice Holds Breathable Air Hundreds of Thousands of Years Old,REVISE,4,4,3,4,3,4,"""Breathable"" overstates; body could be tighter"
07,islands-surrounded-by-water,geography,Islands,The 'Largest Island' Is a Third the Size of Australia,BORDERLINE,3,3,3,4,3,3,"Technicality-driven, familiar trivia"
07,islands-form-many-ways,geography,Islands,Scientists Watched a Brand-New Island Rise From the Sea,PASS,4,4,4,4,4,4,—
07,islands-isolation-shapes-life,geography,Islands,Islands Shrink Elephants and Supersize Rodents,PASS,5,5,4,5,4,5,—
07,lakes-basins-hold-water,geography,Lakes,One Lake Holds a Fifth of Earth's Fresh Water,BORDERLINE,3,3,3,3,3,3,"Statistic-driven, low visual impact"
07,lakes-can-mix-vertically,geography,Lakes,A Lake Once Belched a Cloud of Gas That Killed Thousands,PASS,5,5,4,4,4,5,—
07,mountains-made-by-tectonics,geography,Mountains,Mountains Float on Hidden Roots Like Icebergs,PASS,4,4,4,4,4,4,—
07,mountains-erode-while-rising,geography,Mountains,There Are Seashells on Top of Mount Everest,PASS,5,5,4,5,4,5,—
07,mountains-come-in-belts,geography,Mountains,The 'Tallest Mountain' Depends on How You Measure,BORDERLINE,3,3,3,3,3,3,Technicality-driven definitional fact
07,oceans-cover-most-earth,geography,Oceans,We've Mapped Mars Better Than Our Own Seafloor,PASS,5,5,4,5,4,5,—
07,oceans-have-hidden-landscapes,geography,Oceans,Earth's Longest Mountain Range Is Underwater,PASS,4,4,4,4,4,4,—
07,oceans-drive-water-cycle,geography,Oceans,Almost All of Earth's Water Is Undrinkable Ocean,BORDERLINE,3,3,3,3,3,3,Widely taught in school already
07,plate-tectonics-moving-shell,geography,Plate Tectonics,The Atlantic Is Wider Now Than in Columbus's Day,PASS,4,4,4,4,4,4,—
07,plate-tectonics-boundaries-matter,geography,Plate Tectonics,Africa Is Splitting Apart to Make a New Ocean,PASS,5,5,4,4,4,5,—
07,plate-tectonics-wegener-was-early,geography,Plate Tectonics,He Was Mocked for Drifting Continents and Proven Right Too Late,BORDERLINE,3,4,3,3,3,3,"Science-history, needs continental-drift context"
07,rivers-shaped-settlements,geography,Rivers,One of the World's Great Rivers Flows 'Up' the Map,BORDERLINE,3,4,3,4,3,3,"Common trivia, moderate wow"
07,rivers-drainage-networks,geography,Rivers,The Amazon Pushes Fresh Water 100 Miles Out to Sea,PASS,4,4,4,4,4,4,—
07,rivers-change-channel-shapes,geography,Rivers,Rivers Wander So Much They Leave Loops Behind,BORDERLINE,3,3,3,3,3,3,Geography-class content
07,valleys-carved-by-processes,geography,Valleys,A Valley's Shape Reveals Whether Ice or Water Made It,REJECT,2,2,3,3,3,2,"Reads as a geology lesson, not a surprise"
07,valleys-v-or-u-shapes,geography,Valleys,The Grand Canyon's Walls Stack Up Two Billion Years,PASS,4,4,4,4,4,4,—
07,valleys-climate-influence,geography,Valleys,"In One Valley, Rocks Slide Across the Ground by Themselves",PASS,5,5,4,5,4,5,—
07,volcanoes-not-just-lava,geography,Volcanoes,"At Pompeii, the Real Killer Wasn't the Lava",PASS,4,4,4,4,4,4,—
07,volcanoes-shape-varies,geography,Volcanoes,A Volcano Caused a 'Year Without a Summer' and Inspired Frankenstein,PASS,5,5,5,4,5,5,—
07,volcanoes-tectonic-links,geography,Volcanoes,Hawaii's Islands Ride a Volcanic Conveyor Belt,PASS,4,4,4,4,4,4,—
07,fjords-glacier-carved,geography,Fjords,Some Fjords Are Deeper Than the Sea They Open Into,REVISE,4,4,3,4,3,4,"Body could sharpen the ""how"""
07,fjords-deepest-inland,geography,Fjords,Trace Every Fjord and Norway's Coast Wraps Earth Twice,PASS,5,5,4,4,4,5,—
07,fjords-cold-water-reefs,geography,Fjords,Norway's Fjords Hide Coral Reefs in the Cold and Dark,PASS,4,4,4,4,4,4,—
07,rainforests-small-area-huge-life,geography,Rainforests,The Amazon Makes Much of Its Own Rain,PASS,4,4,4,4,4,4,—
07,rainforests-four-layers,geography,Rainforests,One Rainforest Tree Can Hold More Ant Species Than All of Britain,PASS,5,5,4,4,4,5,—
07,rainforests-climate-regulators,geography,Rainforests,The Amazon Is Not Really the Planet's Lungs,PASS,4,4,4,4,4,4,—
07,waterfalls-erosion-builds-and-breaks,geography,Waterfalls,Niagara Falls Is Slowly Marching Upstream,PASS,4,4,4,4,4,4,—
07,waterfalls-recede-upstream,geography,Waterfalls,The Tallest Waterfall Turns to Mist Before It Lands,PASS,4,4,4,4,4,4,—
07,waterfalls-many-causes,geography,Waterfalls,The Biggest Waterfall on Earth Is Underwater,PASS,5,5,4,4,4,5,—
07,caves-acidic-water,geography,Caves,The World's Biggest Cave Has Its Own Jungle and Clouds,PASS,5,5,4,5,4,5,—
07,caves-speleothems-redeposited,geography,Caves,A Cave in Mexico Grew Crystals Bigger Than Trees,PASS,5,5,4,4,4,5,—
07,caves-start-in-cracks,geography,Caves,Some Caves Are Eaten Upward by Acid From Below,BORDERLINE,3,3,3,3,3,3,"Geology-class framing, moderate wow"
07,gold-metal-as-pigment,colors,Gold,Gold Leaf Is Thin Enough to See Through,PASS,4,4,4,4,4,4,—
07,gold-sacred-glow,colors,Gold,"A Roman Cup Changes Color, Thanks to Gold",PASS,5,4,5,4,5,5,—
07,gold-status-signal,colors,Gold,Gold Is Yellow Because of Einstein's Physics,REVISE,5,4,4,3,4,4,Relativity explanation is genuinely hard for younger readers
07,black-absence-of-light,colors,Black,The Blackest Black Started an Artists' War,PASS,5,5,4,4,5,5,—
07,black-basic-word,colors,Black,A True Black Was Once a Sign of Wealth,BORDERLINE,3,3,3,3,3,3,"Dye-economics/status framing, adult-leaning"
07,black-carbon-pigment,colors,Black,The Ink of History Slowly Eats Its Own Pages,PASS,4,4,4,4,4,4,—
07,blue-short-wavelength,colors,Blue,Blue Is the Rarest Color in Nature,PASS,5,5,5,5,5,5,—
07,blue-late-color-word,colors,Blue,Ancient People May Not Have Noticed Blue,REVISE,4,4,3,4,3,4,"Body hedges (""perhaps"") and undercuts payoff"
07,blue-pigment-history,colors,Blue,The Best Blue Was Ground-Up Gemstone,PASS,4,4,4,4,4,4,—
07,green-middle-spectrum,colors,Green,A Beautiful Green Quietly Poisoned the Victorians,PASS,5,5,4,4,4,5,—
07,green-between-yellow-blue,colors,Green,Your Eyes Are Tuned to See Green Best,BORDERLINE,3,3,3,4,3,3,Scientific but modest payoff
07,green-before-blue,colors,Green,Green Screens Are Green for a Real Reason,REVISE,4,4,3,4,3,4,Body could be punchier/more visual
07,indigo-ancient-dye,colors,Indigo,Indigo Is the Rainbow Color Nobody Needed,PASS,4,4,4,4,4,4,—
07,indigo-air-oxidation,colors,Indigo,Your Jeans Are Blue Thanks to Air,PASS,4,4,4,4,4,4,—
07,indigo-synthetic-breakthrough,colors,Indigo,Fake Indigo Wiped Out a Global Crop,BORDERLINE,3,3,3,2,3,3,Agricultural-economics framing
07,orange-long-wavelength,colors,Orange,Orange the Color Was Named After Orange the Fruit,PASS,4,4,4,4,4,4,—
07,orange-named-late,colors,Orange,Carrots Used to Be Purple,PASS,4,4,4,5,4,4,—
07,orange-pigment-sources,colors,Orange,The Most Expensive Orange Is a Spice,REVISE,4,3,4,4,4,4,"Hook is vague, doesn't name saffron"
07,pink-not-always-girly,colors,Pink,Pink Does Not Exist in the Rainbow,PASS,5,5,5,4,5,5,—
07,pink-once-for-boys,colors,Pink,Pink Was Once a Color for Boys,PASS,4,4,4,4,4,4,—
07,pink-1980s-comeback,colors,Pink,A Certain Pink May Calm You Down,BORDERLINE,3,3,3,4,3,3,"Hedged (""debated,"" ""may fade"") softens payoff"
07,purple-shellfish-origin,colors,Purple,One Robe's Worth of Purple Cost a Fortune in Snails,PASS,5,4,5,4,5,5,—
07,purple-royal-rank,colors,Purple,The First Synthetic Dye Was a Teenage Blunder,PASS,4,4,4,4,4,4,—
07,purple-fixed-dye,colors,Purple,Cardinals Wear Red Because Purple Ran Out,BORDERLINE,3,4,3,3,3,3,Needs religious/historical context
07,red-longest-visible,colors,Red,The Red in Your Food Is Made of Bugs,PASS,5,5,4,4,4,5,—
07,red-early-color-word,colors,Red,Red Was Humanity's First True Color,BORDERLINE,3,3,3,3,3,3,"Anthropological framing, abstract"
07,red-opposite-green,colors,Red,Bulls Cannot Actually See Red,PASS,4,4,4,5,4,5,—
07,white-all-wavelengths,colors,White,Fashionable White Makeup Slowly Poisoned People,PASS,4,4,4,4,4,4,—
07,white-newton-prism,colors,White,The Whitest White Is Hiding in Your Food,REVISE,4,4,3,4,3,4,Body reads as a list of products
07,white-lead-pigment,colors,White,"In Much of the World, White Means Death",PASS,4,4,4,4,4,4,—
07,bees-royal-jelly,insects,Bees,Bees Can Create a New Queen,BORDERLINE,3,3,3,4,3,3,Fairly well-known already
07,ants-social-colonies,insects,Ants,There Are About 20 Quadrillion Ants on Earth,PASS,5,5,4,5,4,5,—
07,ants-queen-role,insects,Ants,Some Ants Have Farmed Fungus for 50 Million Years,PASS,5,5,4,4,4,5,—
07,ants-chemical-communication,insects,Ants,Some Ants Build Rafts and Bridges From Their Bodies,PASS,5,5,4,5,4,5,—
07,bees-pollination,insects,Bees,Bees Give Each Other Directions by Dancing,PASS,5,4,4,4,4,5,—
07,bees-honey-from-nectar,insects,Bees,Bees Can Recognize Human Faces,PASS,5,5,4,5,4,5,—
07,butterflies-complete-metamorphosis,insects,Butterflies,A Caterpillar Dissolves Into Goo Inside Its Cocoon,PASS,5,5,5,5,5,5,—
07,butterflies-conservation-decline,insects,Butterflies,No Single Monarch Finishes the Famous Migration,PASS,5,4,4,4,4,5,—
07,cicadas-loud-songs,insects,Cicadas,A Cicada Swarm Is as Loud as a Lawnmower,PASS,4,4,4,4,4,4,—
07,cicadas-underground-years,insects,Cicadas,Cicadas Spend 17 Years Underground for One Summer,PASS,4,4,4,4,4,4,—
07,cicadas-shed-skins,insects,Cicadas,A Fungus Turns Cicadas Into Zombies,PASS,5,5,5,4,5,5,—
07,dragonflies-nearly-360-vision,insects,Dragonflies,Dragonflies Are the Deadliest Hunters on Earth,PASS,5,5,4,5,4,5,—
07,dragonflies-aquatic-nymphs,insects,Dragonflies,One Dragonfly Migrates Across an Ocean,PASS,4,4,4,4,4,4,—
07,dragonflies-flight-hunters,insects,Dragonflies,Ancient Dragonflies Had Two-Foot Wingspans,PASS,5,5,4,5,4,5,—
07,fireflies-are-beetles,insects,Fireflies,Fireflies Are Not Flies at All,BORDERLINE,3,3,3,4,3,3,"Minor classification fact, low stakes"
07,fireflies-bioluminescence,insects,Fireflies,Whole Forests of Fireflies Flash in Unison,PASS,5,4,4,5,4,5,—
07,fireflies-mating-flashes,insects,Fireflies,Some Fireflies Fake Their Flashes to Kill,PASS,5,5,4,4,4,5,—
07,praying-mantis-keen-vision,insects,Praying Mantises,Scientists Gave Mantises Tiny 3D Glasses,PASS,5,5,4,5,4,5,—
07,praying-mantis-camouflage,insects,Praying Mantises,A Mantis Has One Ear and It Hunts Bats,PASS,4,4,4,4,4,4,—
07,termites-social-castes,insects,Termites,Termites Are Actually Social Cockroaches,PASS,4,4,4,4,4,4,—
07,termites-cellulose-digesters,insects,Termites,A Termite Queen Can Live for Decades,REVISE,4,3,3,4,3,4,"Hook undersells the number (""decades"" vs ""30-50 years"")"
07,termites-mound-engineers,insects,Termites,Termite Mounds Inspired a Building With No AC,REVISE,4,3,3,3,3,3,Crams two separate facts into one body
07,mosquitoes-females-bite,insects,Mosquitoes,Female Mosquitoes Drink Blood Only for Their Eggs,BORDERLINE,3,3,3,4,3,3,Fairly well-known already
07,mosquitoes-sense-breath,insects,Mosquitoes,Mosquitoes Track You by Your Breath and Sweat,REVISE,4,3,3,4,3,4,Hook is descriptive rather than surprising
07,beetles-most-diverse,insects,Beetles,One in Every Four Animal Species Is a Beetle,PASS,4,4,4,4,4,4,—
07,beetles-eat-everything,insects,Beetles,Dung Beetles Steer by the Milky Way,PASS,5,5,5,5,5,5,—
07,beetles-help-and-harm,insects,Beetles,One Beetle Fires a Boiling Chemical Spray,PASS,5,5,4,5,4,5,—
07,dead-sea-lowest-water,strange-places,Dead Sea,The Shrinking Dead Sea Is Swallowing the Land,PASS,4,4,4,4,4,4,—
07,dead-sea-too-salty-for-fish,strange-places,Dead Sea,The Dead Sea Was One of History's First Spas,BORDERLINE,3,3,3,3,3,3,"Historical/celebrity trivia, modest wow"
07,dead-sea-buoyancy,strange-places,Dead Sea,The Dead Sea Coughs Up Its Own Asphalt,PASS,5,5,4,4,4,5,—
07,salar-de-uyuni-largest-salt-flat,strange-places,Salar de Uyuni,This Salt Flat Becomes the World's Largest Mirror,PASS,5,5,4,5,4,5,—
07,salar-de-uyuni-high-altitude,strange-places,Salar de Uyuni,This Salt Flat Stays Level to Within a Meter for Miles,BORDERLINE,3,3,3,3,3,3,Redundant with the mirror fact on the same place
07,salar-de-uyuni-lithium,strange-places,Salar de Uyuni,The Salt Flat's Photos Hide the World's Battery Supply,BORDERLINE,3,3,3,3,3,3,Resource-economics framing; 3rd fact on same place
07,fly-geyser-guided-access,strange-places,Fly Geyser,Nevada's Most Surreal Geyser Was an Accident,PASS,4,4,4,4,4,4,—
07,fly-geyser-art-landscape,strange-places,Fly Geyser,Fly Geyser's Wild Colors Are Actually Alive,PASS,4,4,4,4,4,4,—
07,fly-geyser-conservation,strange-places,Fly Geyser,"Fly Geyser Keeps Growing, and Burning Man Owns It",BORDERLINE,3,3,3,3,3,3,Two facts awkwardly combined; weakest of cluster
07,door-to-hell-burning-crater,strange-places,Door to Hell,A Fire Meant to Last Weeks Has Burned 50 Years,PASS,5,5,4,5,4,5,—
07,door-to-hell-first-descent,strange-places,Door to Hell,Turkmenistan Keeps Trying to Put the Fire Out,BORDERLINE,3,3,3,3,3,3,Political/administrative framing; redundant w/ cluster
07,door-to-hell-extremophiles,strange-places,Door to Hell,An Explorer Rappelled Into the Burning Crater,PASS,5,5,5,5,5,5,—
07,giants-causeway-basalt-columns,strange-places,Giant's Causeway,"40,000 Stone Columns Cracked Into Perfect Hexagons",PASS,4,4,4,4,4,4,—
07,giants-causeway-sixty-million,strange-places,Giant's Causeway,The Giant's Bridge to Scotland Is Partly Real,PASS,4,4,4,4,4,4,—
07,giants-causeway-finn-mccool,strange-places,Giant's Causeway,A Giant Disguised as a Baby Won the Day,PASS,4,4,4,4,4,4,—
07,paris-catacombs-cemetery-crisis,strange-places,Paris Catacombs,The Paris Catacombs Hold Around Six Million People,PASS,4,4,4,4,4,4,—
07,paris-catacombs-night-transfers,strange-places,Paris Catacombs,A Secret Cinema Was Found in the Catacomb Maze,PASS,5,5,4,4,4,5,—
07,paris-catacombs-public-visits,strange-places,Paris Catacombs,The Catacomb Bones Were Arranged Into Walls,PASS,4,4,4,4,4,4,—
07,blood-falls-rust-red,strange-places,Blood Falls,"For a Century, No One Could Explain the Bleeding Glacier",PASS,5,5,4,5,4,5,—
07,blood-falls-hidden-lake,strange-places,Blood Falls,Blood Falls Flows From a 2-Million-Year-Old Lake,PASS,4,4,4,4,4,4,—
07,blood-falls-microbes,strange-places,Blood Falls,Life Thrives Where There Is No Sun or Oxygen,REVISE,4,3,4,4,4,4,"Hook is generic, doesn't reference Blood Falls"
07,pamukkale-cotton-palace,strange-places,Pamukkale,This 'Cotton Castle' Is Actually Solid Rock,PASS,4,4,4,4,4,4,—
07,pamukkale-thermal-spa,strange-places,Pamukkale,Next to Pamukkale Sits an Ancient 'Gate to Hell',PASS,5,5,4,4,4,5,—
07,pamukkale-natural-cultural,strange-places,Pamukkale,You Can Swim Among Sunken Roman Columns,PASS,4,4,4,4,4,4,—
07,socotra-endemic-plants,strange-places,Socotra,Socotra's Dragon's Blood Trees Look Alien,PASS,5,5,4,5,4,5,—
07,socotra-reptiles-snails,strange-places,Socotra,Socotra Is a Galapagos Marooned in the Ocean,PASS,4,4,4,4,4,4,—
07,socotra-marine-diversity,strange-places,Socotra,Monsoon Winds Seal Socotra Off for Months,BORDERLINE,3,3,3,3,3,3,"Supporting/footnote fact, weakest of Socotra cluster"
07,lake-hillier-bubblegum-pink,strange-places,Lake Hillier,Lake Hillier Stays Pink Even in a Glass,PASS,5,4,4,5,4,5,—
07,lake-hillier-color-can-change,strange-places,Lake Hillier,Flamingo Pigment Is Why the Lake Is Pink,PASS,4,4,4,4,4,4,—
07,lake-hillier-pink-conditions,strange-places,Lake Hillier,A Pink Lake Sits Right Beside a Deep-Blue Sea,PASS,5,5,4,5,4,5,—
08,synthesizers-beyond-instruments,music,Synthesizers,The Album That Made Synths Famous Was Built One Note at a Time,REJECT,2,3,2,2,3,2,"Niche music-production history, low visceral wow"
08,synthesizers-punched-paper-tape,music,Synthesizers,The First Synthesizer Read Punched Paper Tape,REJECT,1,2,2,2,2,1,"Dry equipment-history trivia, no hook"
08,vinyl-turntable-speed-control,music,Vinyl Records,A Record's Groove Is a Quarter-Mile-Long Spiral,PASS,4,5,4,5,4,5,-
08,electronic-music-musique-concrete,music,Electronic Music,"In 1948, Composers Started Making Music From Noise and Voices",REJECT,2,2,2,2,3,2,"Niche avant-garde art history, textbook framing"
08,hip-hop-kool-herc-breakbeat,music,Hip-Hop,Hip-Hop Began by Stretching the Drum Break for Dancers,BORDERLINE,3,3,3,4,3,3,Informative but not surprising; reads like a history caption
08,jazz-african-european-roots,music,Jazz,Scat Singing May Have Started With Dropped Lyrics,REVISE,4,3,4,4,4,4,"Hedged ""may have"" softens the payoff; hook could foreground the accident harder"
08,jazz-armstrong-invented-swing,music,Jazz,Louis Armstrong Taught Jazz How to Swing,REJECT,2,2,2,3,3,2,"Abstract music-theory concept (""swing"") with no concrete image"
08,rock-global-mainstream,music,Rock Music,The Man Who Built Rock's Guitars Couldn't Play Guitar,PASS,5,5,4,5,5,5,-
08,musical-instruments-human-universal,music,Musical Instruments,"The Oldest Instrument Is a 40,000-Year-Old Bone Flute",PASS,5,5,4,5,4,5,-
08,musical-instruments-sound-families,music,Musical Instruments,No One Fully Knows Why a Stradivarius Sounds So Good,PASS,4,4,4,4,4,4,-
08,classical-music-ancient-mediterranean-roots,music,Classical Music,Beethoven Was Going Deaf as He Wrote His Greatest Music,REJECT,2,3,3,3,3,2,"Common knowledge, taught in nearly every school"
08,sound-recording-stores-vibrations,music,Sound Recording,The First Recorded Sound Couldn't Be Heard for 148 Years,PASS,5,5,4,5,4,5,-
08,streaming-music-before-full-file,music,Streaming Music,The MP3 Was Perfected Using One A Cappella Song,PASS,4,4,4,4,4,4,-
08,streaming-music-spotify-piracy,music,Streaming Music,Spotify Was Built as a Legal Alternative to Piracy,REJECT,2,2,2,2,3,2,"Corporate/business history, adult context, low wow"
08,auto-tune-oil-technology,music,Auto-Tune,Auto-Tune Grew From Oil-Finding Technology,PASS,5,5,4,5,4,5,-
08,auto-tune-cher-effect,music,Auto-Tune,Cher Turned Auto-Tune Into an Effect,BORDERLINE,3,3,3,3,3,3,Music-trivia footnote to the stronger Auto-Tune fact
08,drum-machines-808-failure-success,music,Drum Machines,The 808 Became Popular After It Failed Commercially,BORDERLINE,3,3,3,3,3,3,Resale-price economics dulls the payoff
08,drum-machines-rhythmicon-wheels,music,Drum Machines,The First Electronic Drum Machine Used Rotating Wheels,REJECT,2,2,2,2,3,2,Dry equipment-history trivia
08,dj-culture-scratching-accident,music,DJ Culture,Scratching Was Discovered by Accident,PASS,4,4,4,5,4,4,-
08,sampling-citizen-dj-free,music,Sampling,A 6-Second Drum Loop Built Entire Music Genres,PASS,5,5,5,5,5,5,-
08,music-festivals-woodstock-blueprint,music,Music Festivals,"Woodstock Wasn't the First Festival, Just the Unforgettable One",REJECT,2,2,2,3,3,2,"""Well, actually"" corrective framing, dry cultural history"
08,levers-multiply-force-distance,engineering,Levers,Archimedes Said He Could Move the Earth With a Lever,PASS,5,5,4,5,4,5,-
08,wheels-pottery-turntable,engineering,Wheels,The Wheel Was Invented Surprisingly Late,PASS,4,4,4,5,4,4,-
08,gears-speed-torque-tradeoff,engineering,Gears,"A 2,000-Year-Old Greek Device Was an Analog Computer",PASS,5,5,4,4,4,5,Redundant with 3 Antikythera facts in mysteries; keep as strongest core version
08,concrete-steel-reinforcement,engineering,Concrete,Ancient Roman Concrete Can Heal Its Own Cracks,PASS,5,5,4,5,5,5,-
08,hydraulics-pressure-everywhere,engineering,Hydraulics,Your Foot Stops Two Tons of Car With a Gentle Push,PASS,5,5,5,5,4,5,-
08,dams-many-purposes,engineering,Dams,A Dam Holds So Much Water It Slowed the Earth's Spin,PASS,5,5,4,5,4,5,-
08,steel-iron-carbon-alloy,engineering,Steel,Stainless Steel Was Discovered by Accident,PASS,4,4,4,5,4,4,-
08,steel-builds-almost-everything,engineering,Steel,The Steel in Your Car May Have Once Been a Ship or a Bridge,REVISE,3,3,3,4,3,3,Reads as an eco/sustainability stat rather than a jaw-dropper; needs a more vivid single image
08,hydroelectric-power-head-height,engineering,Hydroelectric Power,Water Makes More Clean Power Than Solar and Wind Combined,REJECT,2,2,2,2,2,2,Energy-policy statistic with no visual anchor
08,hydroelectric-power-water-battery,engineering,Hydroelectric Power,The World's Biggest Batteries Are Made of Water and Gravity,REVISE,3,4,3,3,3,3,"Strong hook, but body requires grasping grid energy-storage concepts"
08,tunnels-under-euphrates,engineering,Tunnels,Ancient Engineers Built a Tunnel Under the Euphrates,REVISE,3,3,3,4,3,3,Dates/names slow the pacing; underlying feat (dry-season river diversion) is strong
08,tunnels-boring-machines-speed,engineering,Tunnels,The Channel Tunnel Was Dug From Both Sides at Once,PASS,5,5,5,5,5,5,-
08,suspension-bridges-tacoma-narrows,engineering,Suspension Bridges,A Bridge Collapsed in 1940 Because Nobody Thought About Wind,PASS,5,4,5,5,5,5,-
08,cranes-lift-and-shift-sideways,engineering,Cranes,Skyscraper Cranes Climb Themselves Up the Building,PASS,5,5,4,5,4,5,-
08,elevators-otis-safety-brake,engineering,Elevators,An Inventor Cut His Own Elevator's Rope to Prove It Was Safe,PASS,5,5,5,5,5,5,-
08,earthquake-engineering-strong-joints,engineering,Earthquake Engineering,A Skyscraper Hangs a 660-Ton Golden Ball to Stay Steady,PASS,5,5,4,5,4,5,-
08,amelia-earhart-final-flight,mysteries,Amelia Earhart,Amelia Earhart Vanished Almost Within Reach of Land,PASS,5,5,5,5,4,5,-
08,amelia-earhart-howland-island,mysteries,Amelia Earhart,Earhart May Have Died a Castaway on a Desert Island,PASS,4,4,4,4,4,4,-
08,amelia-earhart-mystery-survives,mysteries,Amelia Earhart,People May Have Heard Earhart's Calls for Days,BORDERLINE,3,3,3,3,3,3,"Third Earhart fact in batch; heavily hedged (""dismissed as hoaxes,"" ""argued plausible"")"
08,antikythera-ancient-computer,mysteries,Antikythera Mechanism,Sponge Divers Found an Ancient Marvel by Accident,PASS,5,5,4,5,4,5,-
08,antikythera-predicted-eclipses,mysteries,Antikythera Mechanism,The Ancient Device Came With an Instruction Manual,PASS,4,5,4,4,4,4,-
08,antikythera-gears-hidden-inside,mysteries,Antikythera Mechanism,"The Antikythera Mechanism Had No Equal for 1,000 Years",REJECT,2,2,3,3,3,2,"4th Antikythera fact in batch (with engineering's); abstract ""lost knowledge"" framing, redundant"
08,area-51-real-base,mysteries,Area 51,Many 'UFOs' Over Area 51 Were Secret Spy Planes,PASS,4,4,4,4,4,4,-
08,area-51-u2-sightings,mysteries,Area 51,The US Denied Area 51 Existed Until 2013,BORDERLINE,3,3,3,3,3,3,"Bureaucratic/declassification framing, low visceral wow"
08,area-51-acknowledged-late,mysteries,Area 51,Two Million People Joked About Storming Area 51,PASS,4,5,4,5,4,4,-
08,bermuda-triangle-disputed-map,mysteries,Bermuda Triangle,"Five Bombers Vanished, Then So Did Their Rescue Plane",PASS,5,5,5,5,4,5,-
08,bermuda-triangle-cyclops,mysteries,Bermuda Triangle,The Triangle's Spookiness May Be Gas and Waves,REVISE,3,2,3,3,3,3,"Hook reads like a summary heading, not a hook; body is abstract (methane density)"
08,bermuda-triangle-ordinary-dangers,mysteries,Bermuda Triangle,The Bermuda Triangle Isn't Actually More Dangerous,BORDERLINE,2,3,3,3,3,2,"Deflating ""well, actually"" statistical debunk"
08,crop-circles-field-art,mysteries,Crop Circles,Two Friends Faked Crop Circles for Years With a Plank,PASS,5,5,5,5,5,5,-
08,crop-circles-human-hoaxes,mysteries,Crop Circles,Crop Circles Got Fancier After the Hoax Was Exposed,BORDERLINE,3,3,3,3,3,3,Redundant follow-up to the stronger hoax-reveal fact
08,crop-circles-mystery-culture,mysteries,Crop Circles,Every 'Mysterious' Crop Circle Trait Traces to a Prank,REJECT,2,2,2,3,2,2,"Third fact restating the same reveal as an argumentative essay, not a fact"
08,easter-island-remote-statues,mysteries,Easter Island,Easter Island's Statues May Have 'Walked' Into Place,PASS,5,5,5,5,5,5,-
08,easter-island-moai-not-just-heads,mysteries,Easter Island,Easter Island's 'Heads' Have Hidden Bodies,PASS,5,5,4,5,4,5,-
08,easter-island-environment-debate,mysteries,Easter Island,Easter Island May Not Have Destroyed Itself,REVISE,3,2,3,3,3,3,"Requires knowing the original ""self-destruction"" myth first; hook is abstract/academic"
08,nazca-lines-desert-drawings,mysteries,Nazca Lines,The Nazca Lines Were Hidden Until Planes Flew Over,PASS,5,5,4,5,4,5,-
08,nazca-lines-best-from-air,mysteries,Nazca Lines,The Nazca Lines Survived Because It Almost Never Rains,BORDERLINE,3,3,3,4,3,3,"Preservation-science explainer, weaker than the sibling facts"
08,nazca-lines-dry-preserved,mysteries,Nazca Lines,We're Still Discovering New Nazca Lines,PASS,4,4,4,4,4,4,-
08,roanoke-croatoan-clue,mysteries,Roanoke Colony,"An Entire Colony Vanished, Leaving One Carved Word",PASS,5,5,5,5,5,5,-
08,roanoke-supply-delay,mysteries,Roanoke Colony,The First English Baby in America Vanished With the Colony,PASS,4,4,4,4,4,4,-
08,roanoke-not-just-vanished,mysteries,Roanoke Colony,The 'Lost' Colonists Probably Weren't Lost at All,BORDERLINE,3,3,3,3,3,3,Deflates the mystery rather than delivering new wonder
08,stonehenge-built-in-stages,mysteries,Stonehenge,Stonehenge's Altar Stone Came From 700 Kilometers Away,PASS,5,5,4,5,4,5,-
08,stonehenge-solstice-alignment,mysteries,Stonehenge,Stonehenge Was Also a Giant Graveyard,PASS,4,4,4,5,4,4,-
08,ufos-unidentified-not-alien,mysteries,UFOs,The Roswell 'UFO' Was a Secret Spy Balloon,PASS,4,4,4,5,4,4,-
08,ufos-flying-saucers-phrase,mysteries,UFOs,'Flying Saucer' Was Based on a Misunderstanding,BORDERLINE,3,3,3,3,3,3,"Media-etymology trivia, milder wow than sibling facts"
08,ufos-project-blue-book,mysteries,UFOs,The Government Now Calls UFOs 'UAP' and Takes Them Seriously,REJECT,2,2,2,2,2,2,"Political/bureaucratic framing (Pentagon, Congress hearings), adult context"
08,voynich-unreadable-script,mysteries,Voynich Manuscript,The Unreadable Book Is Genuinely 600 Years Old,PASS,4,4,4,4,4,4,-
08,voynich-strange-illustrations,mysteries,Voynich Manuscript,The Voynich Book Is Full of Plants That Don't Exist,PASS,5,5,4,4,4,5,-
08,voynich-yale-library,mysteries,Voynich Manuscript,The World's Best Codebreakers All Failed on This Book,PASS,5,5,5,4,4,5,-
08,dyatlov-tent-cut-open,mysteries,Dyatlov Pass,Nine Hikers Fled Their Tent Into Lethal Cold,PASS,5,5,5,4,5,5,-
08,dyatlov-avalanche-model,mysteries,Dyatlov Pass,Soviet Investigators Blamed a 'Compelling Natural Force',REVISE,3,4,3,3,3,3,Connective-tissue fact between the two stronger Dyatlov facts
08,dyatlov-conspiracy-fuel,mysteries,Dyatlov Pass,Disney's 'Frozen' Helped Solve a Real Death Mystery,PASS,5,5,5,4,5,5,-
08,oak-island-money-pit,mysteries,Oak Island,The Treasure Pit That Floods Whenever You Dig,PASS,5,5,4,5,4,5,-
08,oak-island-flooded-shaft,mysteries,Oak Island,Legend Says Seven Must Die Before the Treasure Is Found,PASS,5,5,4,4,4,5,-
08,oak-island-treasure-never-found,mysteries,Oak Island,225 Years of Digging Has Found No Treasure,BORDERLINE,3,3,3,4,3,3,"Anticlimactic ending, weakest of the three Oak Island facts"
08,taos-hum-low-frequency,mysteries,Taos Hum,A Mysterious Hum Only Some People Can Hear,PASS,4,4,4,4,4,4,-
08,taos-hum-investigation-found-nothing,mysteries,Taos Hum,Mysterious Hums Haunt Cities Around the World,BORDERLINE,3,3,3,3,3,3,Redundant geographic-list follow-up
08,taos-hum-worldwide-pattern,mysteries,Taos Hum,The Hum May Come From Inside Your Own Head,PASS,4,4,4,4,4,4,-
08,wow-signal-1977-detection,mysteries,Wow! Signal,The 'Wow! Signal' Was Named by a Note in the Margin,PASS,4,5,4,4,4,5,-
08,wow-signal-never-repeated,mysteries,Wow! Signal,The Wow! Signal Lasted 72 Seconds and Never Returned,PASS,4,4,4,4,4,4,-
08,wow-signal-natural-explanation,mysteries,Wow! Signal,The Wow! Signal May Have a Natural Source After All,BORDERLINE,3,3,3,3,3,3,"Deflating/technical explainer, weakest of the three"
08,el-nino-trade-winds-weaken,weather,El Niño,Fishermen Named El Nino After the Christ Child,PASS,4,5,4,5,4,5,-
08,el-nino-global-weather,weather,El Niño,One Patch of Warm Sea Can Flood Peru and Parch Australia at Once,PASS,5,5,4,5,4,5,-
08,el-nino-irregular-cycle,weather,El Niño,El Nino Has a Cold Twin Named 'the Girl',BORDERLINE,3,3,3,4,3,3,"Third El Nino fact, more statistical/cyclical explainer than wow"
08,monsoons-seasonal-wind-shift,weather,Monsoons,Whole Trade Empires Were Built on Monsoon Winds,BORDERLINE,3,3,3,3,3,3,Leans on trade-history/economic context
08,monsoons-agriculture-lifeline,weather,Monsoons,More Than a Billion People Live on the Monsoon's Schedule,REJECT,2,2,2,2,3,2,"Abstract economics: harvests, food prices, global commodity markets"
08,monsoons-winter-can-be-dry,weather,Monsoons,The Monsoon Makes the Wettest Places on Earth,PASS,5,5,4,5,4,5,-
08,hail-growing-ice,weather,Hail,Cut a Hailstone Open and You'll See Tree-Like Rings,PASS,5,5,5,5,5,5,-
08,hail-different-from-sleet,weather,Hail,The Ice That Dents Your Car Falls on Hot Summer Days,PASS,5,5,4,5,4,5,-
08,hail-minimum-size,weather,Hail,Record Hailstones Are Bigger Than Softballs,PASS,5,5,4,5,4,5,-
08,fog-air-saturation,weather,Fog,The Foggiest Places Are Where Warm and Cold Water Meet,BORDERLINE,3,3,3,4,3,3,Pleasant but more geography-trivia than wow
08,fog-many-types,weather,Fog,Some Towns Harvest Drinking Water From Fog,PASS,5,5,4,5,4,5,-
08,fog-radiation-cooling,weather,Fog,London's Killer Fog of 1952 Took Thousands of Lives,PASS,4,4,4,4,4,4,-
08,rainbows-water-droplet-prism,weather,Rainbows,Rainbows Can Glow at Night by Moonlight,PASS,5,5,4,5,4,5,-
08,rainbows-viewer-position,weather,Rainbows,No Two People Ever See the Same Rainbow,PASS,5,5,5,5,5,5,-
08,rainbows-full-circle,weather,Rainbows,"From an Airplane, a Rainbow Becomes a Full Circle",PASS,5,5,4,5,4,5,-
08,aurora-charged-particles,weather,Aurora,A Solar Storm Once Made Telegraphs Spark and Skies Glow at the Equator,PASS,5,5,5,4,5,5,-
08,aurora-polar-ovals,weather,Aurora,Every Northern Aurora Has a Secret Twin in the South,REVISE,3,3,3,3,3,3,"Abstract magnetic-field mechanism, milder than sibling facts"
08,aurora-other-planets,weather,Aurora,The Aurora's Colors Are a Map of Which Gas Is Glowing,PASS,4,4,4,4,4,4,-
08,seasons-earth-tilt,weather,Seasons,Earth Is Closest to the Sun in the Dead of Northern Winter,PASS,5,5,4,5,4,5,-
08,seasons-sunlight-angle,weather,Seasons,"Near the Poles, the Sun Doesn't Set for Months",PASS,5,5,4,5,4,5,-
08,climate-long-term-pattern,weather,Climate,London Once Held Winter Fairs on the Frozen Thames,PASS,4,4,5,5,5,5,-
08,climate-solar-energy-budget,weather,Climate,Ice Ages Come and Go With a Wobble in Earth's Orbit,REVISE,3,3,3,3,3,3,"Abstract orbital mechanics, named-scientist framing dampens accessibility"
08,climate-humidity-precipitation,weather,Climate,Earth Has Been a Frozen Snowball and a Crocodile Arctic,PASS,5,5,4,5,5,5,-
08,thunder-lightning-sound,weather,Thunder,Thunder Is the Sound of Air Being Blown Apart,PASS,4,4,4,5,4,4,-
08,thunder-rumble-path,weather,Thunder,'Heat Lightning' Is Just a Storm Too Far Away to Hear,PASS,4,4,4,5,4,4,-
08,snow-deposition,weather,Snow,Snow Isn't Actually White,PASS,5,5,4,5,4,5,-
08,snowflakes-aggregates,weather,Snow,"It Can Be Too Cold to Snow, and Snow Can Turn Pink",PASS,4,4,4,5,4,4,-
08,snow-to-ice,weather,Snow,A Man Spent His Life Proving No Two Snowflakes Match,BORDERLINE,2,3,3,4,3,3,"Central claim (""no two snowflakes alike"") is common knowledge"
08,clouds-condensation,weather,Clouds,Every Cloud Droplet Forms on a Speck of Something,PASS,4,4,4,4,4,4,-
08,clouds-classified-by-height,weather,Clouds,An Amateur Forecaster Gave Clouds Their Latin Names,BORDERLINE,2,3,3,3,3,2,"Naming/history trivia, low visceral wow"
08,clouds-cumulonimbus-storms,weather,Clouds,Storm Clouds Can Grow Taller Than Mount Everest,PASS,5,5,4,5,4,5,-
08,atmosphere-layered,weather,Atmosphere,"There's a Layer of Air That Is 2,000 Degrees but Feels Freezing",PASS,5,5,5,4,5,5,-
08,atmosphere-weather-engine,weather,Atmosphere,All of Earth's Weather Fits in a Layer Thinner Than Apple Skin,PASS,5,5,4,5,4,5,-
08,atmosphere-circulation-deflection,weather,Atmosphere,Earth's Spin Is Why Deserts Ring the Globe,REVISE,3,3,3,3,3,3,Requires grasping Coriolis/wind-belt mechanics; dense for target audience
08,lightning-charge-discharge,weather,Lightning,One Lake Has Lightning Almost Every Night,PASS,5,5,4,5,4,5,-
08,lightning-heats-air,weather,Lightning,"Lightning Fuses Sand Into Glass, and One Man Survived Seven Strikes",PASS,5,5,5,5,5,5,-
08,lightning-rods-protection,weather,Lightning,Lightning Really Does Strike the Same Place Twice,PASS,4,5,4,5,4,4,-
08,hurricanes-tropical-cyclones,weather,Hurricanes,A Single Hurricane Out-Powers Every Power Plant on Earth,PASS,5,5,4,5,4,5,-
08,hurricanes-eye-eyewall-rainbands,weather,Hurricanes,"Inside a Hurricane's Eye, the Sky Turns Calm and Blue",PASS,5,5,5,5,5,5,-
08,hurricanes-storm-surge,weather,Hurricanes,A Hurricane's Surge Caused America's Deadliest Disaster,PASS,4,4,4,4,4,4,-
08,tornado-rotating-column,weather,Tornadoes,Most of the World's Tornadoes Hit One Country,PASS,4,4,4,5,4,4,-
08,tornadoes-mesocyclone,weather,Tornadoes,Storms Have Literally Rained Fish and Frogs,PASS,5,5,5,5,5,5,-
08,tornadoes-ef-scale,weather,Tornadoes,The Worst Tornadoes Can Drive Straw Into Wood,PASS,5,5,4,5,4,5,-
08,dinosaur-eggs-all-dinosaurs-hatched,dinosaurs,Dinosaur Eggs,The Biggest Dinosaurs Hatched From Surprisingly Small Eggs,PASS,5,5,4,5,4,5,-
08,dinosaur-eggs-embryos-rare,dinosaurs,Dinosaur Eggs,A Dinosaur Named 'Egg Thief' Was Actually a Caring Parent,PASS,5,5,5,5,5,5,-
08,dinosaur-eggs-nesting-colonies,dinosaurs,Dinosaur Eggs,One Dinosaur's Name Means 'Good Mother Lizard',REVISE,3,3,3,4,3,3,"Redundant ""good parent"" theme already delivered better by the Oviraptor fact"
08,ankylosaurus-armored-tank,dinosaurs,Ankylosaurus,Ankylosaurus Swung a Tail Club That Could Break Bone,PASS,5,5,4,5,4,5,-
08,ankylosaurus-tail-club,dinosaurs,Ankylosaurus,An Armored Dinosaur Was Found With Its Camouflage Intact,PASS,5,5,5,5,5,5,-
08,ankylosaurus-leaf-teeth,dinosaurs,Ankylosaurus,Even Ankylosaurus's Eyelids Were Armored,PASS,4,5,4,5,4,5,-
08,brachiosaurus-giraffe-build,dinosaurs,Brachiosaurus,Brachiosaurus Needed Blood Pressure No Animal Alive Can Match,PASS,5,5,4,4,4,5,-
08,brachiosaurus-treetop-browser,dinosaurs,Brachiosaurus,Brachiosaurus Swallowed Its Food Without Chewing,PASS,4,4,4,5,4,4,-
08,brachiosaurus-not-a-swimmer,dinosaurs,Brachiosaurus,"Brachiosaurus Had Hollow, Air-Filled Bones Like a Bird",PASS,4,4,4,5,4,4,-
08,dinosaur-extinction-asteroid-theory,dinosaurs,Dinosaur Extinction,A Thin Layer of Rare Metal Cracked the Dinosaur Mystery,PASS,4,4,4,4,4,4,-
08,dinosaur-extinction-sunlight-collapse,dinosaurs,Dinosaur Extinction,The Dinosaurs Died Because the Asteroid Hit the Worst Spot,PASS,5,5,4,4,4,5,-
08,dinosaur-extinction-kpg-scale,dinosaurs,Dinosaur Extinction,One Fossil Site May Record the Very Day the Asteroid Hit,PASS,5,5,5,4,5,5,-
08,fossils-rare-preservation,dinosaurs,Fossils,We've Probably Found Only a Fraction of All Dinosaurs,BORDERLINE,3,3,3,4,3,3,"Meta/background fact about paleontology itself, not a vivid dinosaur reveal"
08,fossils-permineralization,dinosaurs,Fossils,Scientists Found Soft Tissue Inside a T. rex Bone,PASS,5,5,4,4,4,5,-
08,fossils-careful-excavation,dinosaurs,Fossils,Two Rivals Waged a Dynamite-Fueled 'Bone War',PASS,5,5,5,5,5,5,-
08,iguanodon-iguana-tooth-name,dinosaurs,Iguanodon,Scientists Held a Dinner Party Inside a Dinosaur,PASS,5,5,5,5,5,5,-
08,iguanodon-thumb-spike,dinosaurs,Iguanodon,Iguanodon's Thumb Spike Spent Decades on Its Nose,PASS,5,5,4,5,4,5,-
08,iguanodon-helped-define-dinosaurs,dinosaurs,Iguanodon,Iguanodon Was Named for a Lizard It Wasn't Related To,REVISE,3,3,3,3,3,3,"Etymology/taxonomy trivia, weaker of the three Iguanodon facts"
08,stegosaurus-plates-not-simple-armor,dinosaurs,Stegosaurus,Stegosaurus Ran a Bus-Sized Body on a Walnut-Sized Brain,PASS,5,5,4,5,4,5,-
08,stegosaurus-tail-spikes,dinosaurs,Stegosaurus,Stegosaurus's Tail Spikes Are Named After a Cartoon,PASS,5,5,5,5,5,5,-
08,stegosaurus-ankylosaur-relatives,dinosaurs,Stegosaurus,Nobody Is Sure What Those Stegosaurus Plates Were For,PASS,4,4,4,5,4,4,-
08,triceratops-three-horns,dinosaurs,Triceratops,A Triceratops Skull Was Nearly a Third of Its Whole Body,PASS,5,5,4,5,4,5,-
08,triceratops-late-and-numerous,dinosaurs,Triceratops,Fossils Prove T. rex and Triceratops Really Fought,PASS,5,5,5,5,5,5,-
08,triceratops-skull-story,dinosaurs,Triceratops,A Triceratops May Have Just Been a Young 'Torosaurus',BORDERLINE,3,3,3,3,3,3,"Contested taxonomic debate, hedged, needs background to land"
08,tyrannosaurus-king-name,dinosaurs,Tyrannosaurus rex,T. rex Lived Closer to Us Than to Stegosaurus,PASS,5,5,4,5,4,5,-
08,tyrannosaurus-sixty-teeth,dinosaurs,Tyrannosaurus rex,T. rex Bit So Hard It Crushed and Digested Bone,PASS,5,5,5,5,5,5,-
08,tyrannosaurus-predator-scavenger,dinosaurs,Tyrannosaurus rex,The 'King' of Dinosaurs May Have Been Fluffy as a Baby,PASS,5,5,4,5,4,5,-
08,velociraptor-not-movie-sized,dinosaurs,Velociraptor,The Real Velociraptor Was a Feathered Turkey-Sized Hunter,PASS,5,5,5,5,5,5,-
08,velociraptor-sickle-claw,dinosaurs,Velociraptor,A Fossil Forearm Proved Velociraptor Had Feathers,PASS,4,4,4,4,4,4,-
08,velociraptor-asian-dromaeosaur,dinosaurs,Velociraptor,One Fossil Caught a Velociraptor and Its Prey Mid-Fight,PASS,5,5,5,5,5,5,-
08,depth-perception-two-eyes,illusions-perceptions,Depth Perception,A Flat Pattern Can Hide a Hidden 3D Image,PASS,5,5,4,5,4,5,-
08,depth-perception-motion-parallax,illusions-perceptions,Depth Perception,Some People Cannot See in 3D at All,PASS,5,5,5,5,5,5,-
08,depth-perception-learned-cues,illusions-perceptions,Depth Perception,The Moon Looks Huge on the Horizon for No Real Reason,PASS,5,5,4,5,4,5,-
08,mirage-bending-light,illusions-perceptions,Mirage,A Mirage Can Conjure Floating Cities and Ghost Ships,PASS,5,5,5,5,5,5,-
08,mirage-fake-water,illusions-perceptions,Mirage,That Desert Oasis Is Really a Piece of the Sky,PASS,5,5,4,5,5,5,-
08,mirage-looming,illusions-perceptions,Mirage,A Mirage Can Show You a Sun That Has Already Set,PASS,5,5,5,4,5,5,-
08,pareidolia-faces-randomness,illusions-perceptions,Pareidolia,A Face on Mars Turned Out to Be a Hill,PASS,4,4,4,5,4,4,-
08,pareidolia-apophenia,illusions-perceptions,Pareidolia,"A Grilled Cheese Sold for $28,000 Because of a Face",PASS,5,5,5,5,5,5,-
08,pareidolia-survival-skill,illusions-perceptions,Pareidolia,Cars and Outlets Look Like Faces on Purpose,PASS,5,5,4,5,4,5,-
08,afterimages-retina-desensitized,illusions-perceptions,Afterimages,Stare at the Wrong Colors and a Hidden Flag Appears,PASS,4,5,4,5,4,4,-
08,afterimages-not-on-wall,illusions-perceptions,Afterimages,An Afterimage Is Your Own Worn-Out Eye Cells,REVISE,3,3,3,4,3,3,Mechanistic companion to the flag-trick fact; weak standalone hook
08,afterimages-one-eye,illusions-perceptions,Afterimages,Hold Your Eyes Still and Things Start to Vanish,PASS,5,5,4,5,4,5,-
08,blind-spots-optic-nerve,illusions-perceptions,Blind Spots,Your Blind Spot Could Swallow Nine Full Moons,PASS,5,5,4,5,4,5,-
08,blind-spots-brain-fills-in,illusions-perceptions,Blind Spots,You Go Blind Every Time Your Eyes Move,PASS,5,5,5,5,5,5,-
08,blind-spots-sharp-fovea,illusions-perceptions,Blind Spots,Astronomers See Faint Stars by Looking Away From Them,PASS,4,4,4,4,4,4,-
08,color-illusions-rgb-white,illusions-perceptions,Color Illusions,Two Squares Can Be Identical Yet Look Totally Different,PASS,5,5,4,5,4,5,-
08,color-illusions-three-cones,illusions-perceptions,Color Illusions,A Photo With No Red Can Still Look Full of Red,PASS,5,5,4,5,4,5,-
08,color-illusions-colored-shadows,illusions-perceptions,Color Illusions,The Same Gray Looks Different Depending on Its Neighbors,REVISE,3,3,3,4,3,3,Conceptually overlaps with the checker-shadow fact; weaker hook
08,impossible-shapes-three-two-prongs,illusions-perceptions,Impossible Shapes,The Impossible Trident Cheats at the Joints,PASS,4,4,4,5,4,4,-
08,impossible-shapes-geometry-break,illusions-perceptions,Impossible Shapes,An Artist and a Physicist Traded Impossible Ideas,PASS,4,4,4,4,4,4,-
08,impossible-shapes-persistent,illusions-perceptions,Impossible Shapes,You Can Actually Build a Penrose Triangle,PASS,5,5,4,5,4,5,-
08,motion-illusions-rotating-snakes,illusions-perceptions,Motion Illusions,Stare at a Waterfall and the Rocks Drift Upward,PASS,4,4,4,5,4,4,-
08,motion-illusions-peripheral-drift,illusions-perceptions,Motion Illusions,This Still Image Only Moves When You Don't Look at It,PASS,5,5,4,5,4,5,-
08,motion-illusions-clockwise-counter,illusions-perceptions,Motion Illusions,Spinning Wheels Can Appear to Turn Backward on Film,PASS,4,4,4,5,4,4,-
08,forced-perspective-size-trick,illusions-perceptions,Forced Perspective,Hobbits Were Shrunk Mostly Without Special Effects,PASS,5,5,4,5,4,5,-
08,forced-perspective-camera-distance,illusions-perceptions,Forced Perspective,A Room Can Make People Grow and Shrink,PASS,5,5,4,5,4,5,-
08,forced-perspective-focus-planning,illusions-perceptions,Forced Perspective,Disney Castles Are Shorter Than They Look,PASS,4,4,4,5,4,4,-
08,the-dress-split-perception,illusions-perceptions,The Dress,The Dress That Broke the Internet Was Really Blue and Black,PASS,5,5,5,5,5,5,-
08,the-dress-color-constancy,illusions-perceptions,The Dress,Whether You Saw Gold May Depend on When You Wake Up,REVISE,3,4,3,4,3,3,Correlational claim reads more like a fun stat than a payoff; redundant with the stronger dress fact
08,the-dress-blue-processing,illusions-perceptions,The Dress,The Dress Had a Sound-Based Twin,PASS,4,4,4,5,4,4,-
08,caesar-cipher-letter-shift,secret-codes,Caesar Cipher,A Cereal Ad Hid a Caesar Cipher in Every Box,PASS,5,5,5,5,5,5,-
08,caesar-cipher-julius-caesar,secret-codes,Caesar Cipher,Rome's Greatest General Used a Laughably Weak Code,PASS,4,4,4,5,4,4,-
08,caesar-cipher-rot13,secret-codes,Caesar Cipher,One Cipher Conveniently Unlocks Itself,REVISE,3,3,3,3,3,3,Clever math trick but skews toward internet-savvy/geek audience
08,cryptography-secret-communication,secret-codes,Cryptography,A Good Code Should Work Even If the Enemy Has It,REJECT,2,2,2,2,2,2,"Abstract security-policy principle, professional/adult framing"
08,cryptography-includes-codebreaking,secret-codes,Cryptography,Codebreaking Was Invented in a Baghdad Library,PASS,4,4,4,4,4,4,-
08,cryptography-modern-networks,secret-codes,Cryptography,Two Strangers Can Agree on a Secret in Public,REVISE,3,4,3,3,3,3,"Genuinely mind-bending core idea, but explained via browsers/eavesdroppers rather than a concrete image"
08,enigma-rotors-plugboard,secret-codes,Enigma Machine,Enigma's Fatal Flaw Was What It Could Not Do,PASS,5,5,5,4,5,5,-
08,enigma-polish-breakthrough,secret-codes,Enigma Machine,Poland Cracked Enigma Years Before Bletchley,BORDERLINE,3,3,3,3,3,3,"Historical-correction trivia, dry, no vivid image"
08,enigma-turing-bletchley,secret-codes,Enigma Machine,The Enigma Secret Was Kept for Almost 30 Years,PASS,4,4,4,4,4,4,-
08,semaphore-visual-signaling,secret-codes,Semaphore,France Had a Working Internet in the 1790s,PASS,5,5,4,5,5,5,-
08,semaphore-tower-network,secret-codes,Semaphore,The First Data Hack Used a Telegraph Network,PASS,5,5,5,4,5,5,-
08,semaphore-flag-letters,secret-codes,Semaphore,Nelson Rallied His Fleet With a Line of Flags,BORDERLINE,3,3,3,3,3,3,Naval-history trivia needing Trafalgar context
08,steganography-hidden-message,secret-codes,Steganography,An Ancient Secret Was Tattooed on a Slave's Head,PASS,5,5,5,4,5,5,-
08,steganography-lemon-juice,secret-codes,Steganography,Spies Shrank Whole Documents to a Tiny Dot,PASS,5,5,4,5,4,5,-
08,steganography-digital-files,secret-codes,Steganography,Your Printer Hides Secret Dots on Every Page,PASS,5,5,5,5,5,5,-
08,pigpen-symbol-substitution,secret-codes,Pigpen Cipher,The Pigpen Cipher Looks Secret but Barely Is,PASS,4,4,4,5,4,4,-
08,pigpen-freemason-cipher,secret-codes,Pigpen Cipher,Freemasons Carved This Cipher on Their Graves,PASS,5,5,4,4,4,5,-
08,pigpen-civil-war-prisoners,secret-codes,Pigpen Cipher,Civil War Prisoners Passed Notes in Pigpen,BORDERLINE,3,3,3,3,3,3,"Third Pigpen fact, dry supplementary historical note"
08,one-time-pad-unbreakable-rules,secret-codes,One-Time Pad,One Cipher Is Mathematically Proven Unbreakable,PASS,4,4,4,4,4,4,-
08,one-time-pad-spy-booklets,secret-codes,One-Time Pad,Eerie Radio Voices Still Read Numbers to Spies,PASS,5,5,5,5,5,5,-
08,one-time-pad-hard-distribution,secret-codes,One-Time Pad,The Soviets Got Lazy and America Read Their Mail,PASS,4,4,4,4,4,4,-
08,book-cipher-book-as-key,secret-codes,Book Cipher,A Coded Message Promises Buried Treasure No One Can Find,PASS,5,5,4,5,4,5,-
08,book-cipher-coordinates,secret-codes,Book Cipher,Benedict Arnold Betrayed America With a Book Code,PASS,4,4,4,4,4,4,-
08,book-cipher-key-weakness,secret-codes,Book Cipher,A Book Cipher's Power Is an Ordinary Book,REVISE,3,3,3,4,3,3,Explanatory continuation of the two stronger Book Cipher facts
08,scytale-ancient-greek-cipher,secret-codes,Scytale,A Wooden Stick Was One of the First Codes,PASS,4,4,4,5,4,4,-
08,scytale-transposition,secret-codes,Scytale,Historians Doubt the Famous Stick Cipher Worked,BORDERLINE,2,3,3,3,3,2,"Deflating ""actually it probably didn't work"" follow-up"
08,navajo-code-talkers-indigenous-languages,secret-codes,Navajo Code Talkers,The Navajo Code Was Never Broken,PASS,5,5,4,5,4,5,-
08,navajo-code-talkers-largest-program,secret-codes,Navajo Code Talkers,The Army Once Punished the Language That Won Battles,PASS,5,5,5,5,5,5,-
08,navajo-code-talkers-coded-vocabulary,secret-codes,Navajo Code Talkers,Code Talkers Invented Words for Tanks and Subs,PASS,5,5,5,5,5,5,-
