id,categoryId,topic,headline,body,summary,tags,readTimeSeconds,featured,relatedFactIds,themes,socialHook
venus-day-longer-than-year,space,Venus,A Day on Venus Is Longer Than a Year,Venus spins incredibly slowly. One full turn takes about 243 Earth days. But Venus circles the Sun in just 225 Earth days. That means a single day on Venus lasts longer than its entire year. No other planet has this strange mismatch between its day and its year.,It spins so slowly that sunrise to sunrise outlasts a full lap around the Sun.,"space,venus,rotation,orbit,astronomy",38,false,"venus-backwards-rotation,jupiter-shortest-day,uranus-sideways-planet,motion-acceleration-changing-velocity,dams-many-purposes","gravity-and-orbits,stars-and-cosmos","On Venus, next year would arrive before tomorrow does."
venus-backwards-rotation,space,Venus,Venus Spins Backward,"Most planets spin the same way, but Venus turns the opposite direction. If you stood on its surface, the Sun would rise in the west and set in the east. Scientists aren't sure why. One idea is that a giant crash long ago flipped the planet's spin. It's one of the strangest motions in the solar system.","If you stood on Venus, the Sun would rise in the west.","space,venus,rotation,planets,astronomy",38,false,"venus-day-longer-than-year,uranus-sideways-planet,jupiter-shortest-day,motion-velocity-has-direction,jupiter-thousand-earths","gravity-and-orbits,stars-and-cosmos,disaster-and-catastrophe",
mars-search-for-life,space,Mars,Sunsets on Mars Are Blue,"On Earth, daytime skies are blue and sunsets blaze red. Mars flips it. Its fine red dust scatters light the opposite way, so the Martian sky looks butterscotch by day — then glows a soft blue around the setting Sun. NASA rovers have photographed these eerie blue sunsets. It's a beautiful reminder that the color of the sky depends entirely on the air you're standing under.","On the red planet the daytime sky is butterscotch, and the Sun sets in cool blue.","space,mars,sunset,atmosphere",41,false,"pluto-blue-sky,exoplanets-rogue-planets,glaciers-flow-slowly,afterimages-retina-desensitized,solar-system-galactic-year,translation-more-than-word-swapping","stars-and-cosmos,color-and-light,bioluminescence-and-glow",
asteroids-less-mass-than-moon,space,Asteroids,All the Asteroids Together Weigh Less Than the Moon,"There are millions of asteroids in the solar system, but together they don't add up to much. If you squished every known asteroid into one ball, it would still weigh less than our Moon. Most of that weight sits in just a few big ones, like Ceres and Vesta. It shows just how empty space really is.","Millions of space rocks, and together they still can't outweigh the Moon.","space,asteroids,moon,mass,solar-system",40,false,"asteroids-dart-changed-orbit,solar-system-galactic-year,moon-volcanoes-io,lasers-light-copy-itself,red-giants-sun-future,exoplanets-rogue-planets",stars-and-cosmos,
asteroids-dart-changed-orbit,space,Asteroids,Humans Have Successfully Moved an Asteroid,"In 2022, NASA crashed a spacecraft into a small asteroid called Dimorphos on purpose. It worked: the asteroid's path actually changed. It was the first time humans ever moved an object in space. The mission, called DART, was a test of how we might protect Earth from a dangerous asteroid one day. It was a huge milestone.","In 2022, we crashed a spacecraft into one on purpose — and it worked.","space,asteroids,dart,planetary-defense,nasa",42,false,"asteroids-less-mass-than-moon,moon-volcanoes-io,apollo13-earth-horizon-navigation,vacuum-of-space-leblanc-saliva-boiled,space-race-sputnik","stars-and-cosmos,transformation-metamorphosis,disaster-and-catastrophe",
exoplanets-rogue-planets,space,Exoplanets,"Somewhere Out There, a Planet Is Drifting Through Eternal Darkness — Alone","Not every planet circles a star. Some, called rogue planets, drift alone through space with no sun at all. Many were likely flung out of their original solar systems long ago. With no nearby star, these worlds get no warmth or light. They're among the strangest, darkest places we can imagine.","No star, no sunrise, no warmth — just an orphaned world drifting forever in the black.","space,exoplanets,rogue-planets,astronomy",37,false,"exoplanets-strange-worlds,asteroids-less-mass-than-moon,solar-system-galactic-year,supernovae-create-elements,white-dwarfs-sun-earth-size,pluto-heart-shape",stars-and-cosmos,
exoplanets-strange-worlds,space,Exoplanets,Scientists Have Found Lava Worlds and Styrofoam Worlds,"Alien planets are far stranger than anyone guessed. Known exoplanets include worlds with oceans of molten rock, planets made mostly of iron, and one so light it's been compared to Styrofoam. Some race around their star in just a few hours. Others drift alone in the dark. The universe is full of worlds that stretch the imagination.",Some are oceans of lava; one is so light it's compared to Styrofoam.,"space,exoplanets,lava-worlds,astronomy,strange",42,false,"exoplanets-rogue-planets,saturn-titan-lakes,uranus-coldest-planet,comets-shoemaker-jupiter,asteroids-less-mass-than-moon","stars-and-cosmos,extreme-temperature",
comets-shoemaker-jupiter,space,Comets,The World Watched a Comet Smash Into Jupiter in Real Time,"In 1994, people around the world watched a comet named Shoemaker-Levy 9 smash directly into Jupiter. The impacts left dark scars in Jupiter's clouds — scars big enough to see through telescopes all the way from Earth. It remains one of the most dramatic events ever witnessed in the solar system. It also proved that massive cosmic collisions aren't just ancient history — they still happen today.",People on Earth watched the impact scars appear on Jupiter in real time.,"space,comets,jupiter,shoemaker-levy,astronomy",40,false,"oort-cloud-comets-before-humans,jupiter-great-red-spot,jupiter-thousand-earths,jupiter-shortest-day,solar-system-galactic-year,pluto-heart-shape",stars-and-cosmos,
dwarf-planets-hundreds-more,space,Dwarf Planets,There May Be Over 100 Undiscovered Planets in Our Own Solar System,"Our solar system might be hiding over a hundred worlds nobody has ever seen. Only five dwarf planets are officially recognized — Ceres, Pluto, Haumea, Makemake, and Eris — but the International Astronomical Union says the real count could run into the hundreds. Most of the undiscovered ones probably orbit far past Neptune, in an icy region called the Kuiper Belt, too small and too distant for today's telescopes to catch. As telescopes improve, that short official list could get a lot longer.",Only five dwarf planets are official — but the solar system may be hiding a hundred more.,"space,dwarf-planets,discovery,astronomy,solar-system",48,false,"oort-cloud-comets-before-humans,solar-system-life-only-earth,red-giants-sun-future,nazca-lines-dry-preserved,asteroids-less-mass-than-moon,kuiper-belt-arrokoth-red-snowman","stars-and-cosmos,gravity-and-orbits",
jupiter-thousand-earths,space,Jupiter,One Thousand Earths Could Fit Inside Jupiter,"Jupiter is by far the biggest planet in our solar system. If it were hollow, about 1,000 Earths could fit inside. Yet it's not solid — it's made mostly of hydrogen and helium, like the Sun. Its huge gravity tugs on asteroids and comets all around it. Studying Jupiter helps scientists learn how giant planets form.",Our whole planet would be a marble inside it.,"space,jupiter,planets,size,astronomy",38,false,"jupiter-shortest-day,jupiter-great-red-spot,moon-ganymede-biggest,whales-largest-animal-ever,velociraptor-not-movie-sized,venus-backwards-rotation","stars-and-cosmos,record-extremes,gravity-and-orbits,counterintuitive-scale",
jupiter-shortest-day,space,Jupiter,Jupiter's Entire Day Is Over Before You Finish a Movie,"Jupiter is the biggest planet in the solar system, yet it spins faster than any other. A full day there lasts only about 10 hours, start to finish. That blistering spin flattens the whole planet slightly, bulging it out at the middle, and it's part of what whips up Jupiter's famous striped clouds. It also powers one of the strongest magnetic fields of any planet. On Jupiter, sunrise comes around again before you've even finished a movie.",The biggest planet in the solar system also spins the fastest — a full sunrise-to-sunrise in under 10 hours.,"space,jupiter,rotation,time,astronomy",35,false,"jupiter-thousand-earths,jupiter-great-red-spot,venus-day-longer-than-year,time-relativity-observer-dependent,hinduism-karma-samsara-moksha,venus-backwards-rotation","record-extremes,gravity-and-orbits,stars-and-cosmos,energy-and-power",
jupiter-great-red-spot,space,Jupiter,The Storm Big Enough to Swallow Earth Is Quietly Dying — and No One Knows Why,"Jupiter's Great Red Spot is a storm so vast it could swallow the Earth, and it has raged for centuries. But it's shrinking. A hundred years ago it was wide enough to fit three Earths; today, barely one. It has been watched growing rounder and smaller for years, and nobody is sure why. The most famous storm in the solar system may not be around forever.","A hurricane that's raged for centuries and could once fit three Earths is shrinking, and scientists can't explain it.","space,jupiter,great-red-spot,storms",38,false,"jupiter-thousand-earths,jupiter-shortest-day,moon-ganymede-biggest,comets-shoemaker-jupiter,solar-system-galactic-year","stars-and-cosmos,counterintuitive-scale",
saturn-titan-lakes,space,Saturn,It Rains Liquid Gas on This Moon,"Titan, Saturn's largest moon, is the only place besides Earth with lakes and rivers on its surface. But they're not water — they're liquid methane and ethane. Titan even has clouds and rain, with weather cycles a bit like ours. Despite its freezing cold, scientists call it one of the most Earth-like spots in the solar system.","Titan has lakes, rivers, clouds, and rain like Earth — except every drop is liquid methane and ethane.","space,saturn,titan,lakes,astronomy",40,false,"saturn-enceladus-ocean,uranus-coldest-planet,exoplanets-strange-worlds,lakes-basins-hold-water,lakes-can-mix-vertically","stars-and-cosmos,record-extremes,extreme-temperature",
saturn-enceladus-ocean,space,Saturn,This Moon Is Spraying Its Hidden Ocean Into Space,"Saturn's little moon Enceladus seems to hide a whole ocean under its icy shell. Spacecraft spotted giant geysers spraying water out into space, likely fed by that hidden sea. Since life needs water, Enceladus is now one of the best places to search for it. A tiny frozen moon may hold a big secret.",Geysers on tiny Enceladus blast water from a buried sea straight out into the vacuum of space.,"space,saturn,enceladus,ocean,life",40,false,"saturn-titan-lakes,moon-europa-ocean,asteroids-less-mass-than-moon,deep-sea-underwater-lakes,oceans-cover-most-earth,oceans-have-hidden-landscapes","hidden-underground,stars-and-cosmos",
uranus-sideways-planet,space,Uranus,Uranus Rotates on Its Side,"Uranus is tipped over almost completely — about 98 degrees — so it rolls around the Sun on its side. A massive crash early in its history probably knocked it over. Because of the tilt, its seasons are extreme: one pole can face the Sun for years while the other sits in darkness. It's one of the oddest planets we've found.",It rolls around the Sun like a tipped-over ball.,"space,uranus,rotation,planets,astronomy",38,false,"uranus-coldest-planet,venus-backwards-rotation,venus-day-longer-than-year,seasons-earth-tilt,jupiter-thousand-earths,voyager-program-giant-planet-tour","gravity-and-orbits,stars-and-cosmos,disaster-and-catastrophe",
uranus-coldest-planet,space,Uranus,"Uranus Is the Coldest Planet, and Nobody Knows Why","Neptune sits farther from the Sun, but Uranus is actually the coldest planet in the solar system, plunging to around -371°F. That's strange because every other giant planet gives off plenty of extra heat of its own — Uranus barely gives off any, and scientists still can't fully explain why. It's an oddball in other ways too, circled by faint rings and more than two dozen small moons. For now, its missing heat remains one of the solar system's open mysteries.","It's farther from the Sun than Neptune is — yet somehow, Uranus is the colder one.","space,uranus,temperature,ice-giants,astronomy",56,false,"uranus-sideways-planet,voyager-program-giant-planet-tour,saturn-titan-lakes,heatstroke-fan-useless-above-99,atmosphere-layered,exoplanets-strange-worlds","stars-and-cosmos,record-extremes,extreme-temperature,lost-and-rediscovered",
pluto-heart-shape,space,Pluto,Pluto Has a Giant Heart on Its Surface,"When NASA's New Horizons flew past Pluto in 2015, it spotted something amazing: a giant, heart-shaped region on the surface. Scientists named it Tombaugh Regio, and it's now one of the most famous sights in the solar system. The “heart” is filled with frozen nitrogen that slowly flows and reshapes the land. Pluto went from a fuzzy dot to a living world.","A spacecraft revealed a heart of frozen ice, miles wide.","space,pluto,new-horizons,tombaugh-regio,astronomy",40,false,"pluto-blue-sky,kuiper-belt-arrokoth-red-snowman,solar-system-galactic-year,comets-shoemaker-jupiter,exoplanets-rogue-planets","stars-and-cosmos,human-body-quirks",
pluto-blue-sky,space,Pluto,Pluto Has a Blue Sky,"One of New Horizons' biggest surprises was Pluto's blue sky. Sunlight hitting tiny haze particles high above the surface gives the sky its color — a bit like on Earth. That's stunning for a world so far from the Sun. It showed that even tiny, frozen places can have surprisingly rich atmospheres.","Billions of miles from the Sun, its sky still glows blue.","space,pluto,atmosphere,new-horizons,astronomy",39,false,"pluto-heart-shape,mars-search-for-life,kuiper-belt-arrokoth-red-snowman,glaciers-flow-slowly,saturn-titan-lakes","record-extremes,color-and-light,bioluminescence-and-glow",
solar-system-galactic-year,space,Solar System,"When Dinosaurs Roamed Earth, Our Solar System Was on the Other Side of the Galaxy","It takes our solar system about 230 million years to loop once around the Milky Way. Scientists call that a “galactic year.” When dinosaurs were alive, the Sun sat in a totally different part of the galaxy. In all of Earth's history, we've made only about 20 of these loops. It shows how mind-bendingly big the galaxy is.","It takes 230 million years to loop the Milky Way once — so in all of Earth's history, we've only made about 20 laps.","space,solar-system,milky-way,time,galaxy",35,false,"solar-system-life-only-earth,solar-system-only-24-moonwalkers,asteroids-less-mass-than-moon,milky-way-no-photo,time-relativity-observer-dependent,exoplanets-rogue-planets",stars-and-cosmos,
solar-system-only-24-moonwalkers,space,Solar System,Only 24 Humans Have Ever Traveled to the Moon,"Only 24 people have ever traveled to the Moon, all during NASA's Apollo missions between 1968 and 1972. Of those, just 12 actually walked on the surface. Since the last trip in 1972, no one has gone back — or even left low Earth orbit. Twelve pairs of bootprints, and no new ones since.",And just 12 of them actually walked on it.,"space,moon,astronauts,apollo,history",36,false,"solar-system-life-only-earth,solar-system-galactic-year,moon-ganymede-biggest,golf-scotland-real-golf,time-relativity-observer-dependent,space-race-armstrong-aldrin","gravity-and-orbits,stars-and-cosmos",
solar-system-life-only-earth,space,Solar System,A Hidden Ninth Planet May Be Lurking Out There,"Far past Neptune, something massive may be hiding. A cluster of distant icy worlds all swing through space in the same strange way, as if an unseen planet is herding them with its gravity. Scientists call it Planet Nine, and it may be several times heavier than Earth. No one has ever seen it — it would be impossibly faint and far away. The hunt to find it is on.",Distant icy worlds move as if something huge is herding them — but no one has spotted it.,"space,planet-nine,solar-system,mystery",35,false,"solar-system-galactic-year,solar-system-only-24-moonwalkers,dwarf-planets-hundreds-more,red-giants-sun-future,voynich-strange-illustrations,oort-cloud-comets-before-humans","stars-and-cosmos,gravity-and-orbits,collective-behavior",
sun-billions-of-twins,space,Sun,The Sunlight on Your Skin Is Thousands of Years Old,"Light leaves the Sun's surface and reaches your eyes in about 8 minutes. But that energy was born much earlier, deep in the Sun's core. Packed in so tightly, a sliver of light can bounce around inside the Sun for tens of thousands of years before it finally escapes the surface. So the sunshine warming you today may have begun its journey before the last Ice Age.",The sunshine warming you today began its journey out of the Sun before the last Ice Age.,"space,sun,light,physics",35,false,"apollo13-explosion-lifeboat,pluto-heart-shape,red-giants-sun-future,quantum-mechanics-measurement-probabilities,apollo13-houston-misquote,quasars-angle-changes-view","energy-and-power,plants-and-botany,human-body-quirks",
kuiper-belt-arrokoth-red-snowman,space,Kuiper Belt,The Most Distant World a Spacecraft Has Ever Explored Looks Like a Squished Red Snowman,"Arrokoth is a small Kuiper Belt object made of two lobes that touch — a kind of object called a contact binary. When New Horizons flew past it on Jan. 1, 2019, the images showed something like a partly flattened red snowman. It's the most distant and most primitive object ever explored by a spacecraft.","New Horizons flew past a tiny double-lobed world far beyond Pluto, and it looked exactly like a flattened red snowman.","space,solar-system,kuiper-belt,arrokoth,new-horizons",45,false,"pluto-heart-shape,asteroids-less-mass-than-moon,red-giants-sun-future,solar-system-galactic-year,dwarf-planets-hundreds-more,pluto-blue-sky","camouflage-and-mimicry,stars-and-cosmos",
oort-cloud-comets-before-humans,space,Oort Cloud,Some Comets Last Visited Before Humans Existed,"The Oort Cloud may hold hundreds of billions, or even trillions, of icy bodies. Every so often one is disturbed and begins a long fall toward the Sun as a comet. Most known long-period comets have been seen only once in recorded history, because their orbits are so long. Some last passed through the inner solar system before our species existed. Others may never have come near the Sun since they formed.",Some comets take so long to return that humans were not around the last time they visited.,"space,solar-system,oort-cloud,comets,deep-time",50,false,"dwarf-planets-hundreds-more,comets-shoemaker-jupiter,red-giants-sun-future,climate-humidity-precipitation,solar-system-life-only-earth","stars-and-cosmos,gravity-and-orbits",
meteor-showers-tons-fall-daily,space,Meteor Showers,About 48 Tons of Space Rock Hit Earth Every Day,"Space looks empty, but Earth is constantly getting pelted. Roughly 48 tons of meteoritic material falls on the planet every single day. Almost all of it burns up high in the atmosphere as meteors before anyone notices, which is why you never feel a thing. Once in a while a chunk blazes brighter than Venus — a streak called a fireball. Earth quietly gains weight from space around the clock.","Almost all of it burns up before it reaches you — quietly, every single day.","space,meteors,earth,astronomy",45,false,"asteroids-less-mass-than-moon,exoplanets-rogue-planets,time-relativity-observer-dependent,motion-velocity-has-direction,solar-system-galactic-year,magnetism-moving-charges","stars-and-cosmos,timekeeping",
voyager-program-giant-planet-tour,space,Voyager Program,"Everything We Know Up Close About Uranus and Neptune Comes From One Flyby, Once, in 1989","Nearly everything we've seen up close of Uranus and Neptune came from a single spacecraft, decades ago. Voyager 2, launched in 1977, is still the only probe ever to fly past either planet — reaching Neptune in the summer of 1989 and never being followed. Between them, Voyager 1 and 2 toured every giant planet, 48 moons, and their rings and magnetic fields. For the two outermost giants, that one 1989 flyby is still all we have.",Voyager 2 is still the only spacecraft ever to reach either ice giant — and nothing has gone back since.,"space,voyager,uranus,neptune",45,false,"uranus-coldest-planet,uranus-sideways-planet,apollo13-earth-horizon-navigation,apollo13-explosion-lifeboat,exoplanets-rogue-planets","stars-and-cosmos,flight-and-aviation,exploration-and-navigation",
moon-volcanoes-io,space,Moons,One Moon Has Hundreds of Active Volcanoes,"Jupiter's moon Io is the most volcanic world in the solar system. Jupiter and its other moons constantly squeeze and stretch Io, heating its insides until hundreds of volcanoes erupt. Some blasts fling material hundreds of miles into space. Its surface is always changing, painted in yellow sulfur. Io proves moons can be wild, active places.",Some eruptions shoot material hundreds of miles into space.,"space,moon,io,volcanoes",34,false,"moon-europa-ocean,moon-ganymede-biggest,asteroids-less-mass-than-moon,mount-vesuvius-population-risk,lasers-light-copy-itself,asteroids-dart-changed-orbit","stars-and-cosmos,disaster-and-catastrophe",
moon-europa-ocean,space,Moons,A Moon May Hide More Water Than Earth,"Under the icy crust of Jupiter's moon Europa lies a giant ocean — possibly holding more water than all of Earth's oceans combined. Hints of it turned up from spacecraft data and Europa's magnetic field. Since life needs water, Europa is one of the top places to search for it. Future missions hope to explore that hidden sea.",Under its ice may sit more water than all of Earth's oceans.,"space,moon,europa,ocean",35,false,"moon-ganymede-biggest,moon-volcanoes-io,saturn-enceladus-ocean,lasers-light-copy-itself,oceans-cover-most-earth,data-centers-avoid-downtime","stars-and-cosmos,computing-and-web",
moon-ganymede-biggest,space,Moons,The Largest Moon Is Bigger Than Mercury,"Jupiter's moon Ganymede is the biggest moon in the solar system — even larger than the planet Mercury. It still counts as a moon because it orbits Jupiter, not the Sun. Ganymede even has its own magnetic field and may hide an ocean under its ice. Its size blurs the line between moon and planet.","If it orbited the Sun, we might call it a planet.","space,moon,ganymede,jupiter",33,false,"moon-europa-ocean,moon-volcanoes-io,jupiter-thousand-earths,time-relativity-observer-dependent,golf-scotland-real-golf,jupiter-great-red-spot","stars-and-cosmos,record-extremes,gravity-and-orbits,counterintuitive-scale",
black-holes-light-cannot-escape,astronomy,Black Holes,"Near a Black Hole, You'd Watch the Universe Age","Black holes don't just bend space — they warp time. The closer you get, the slower your time runs compared with everyone far away. If you hovered near the edge and looked out, the rest of the universe would appear to speed up, stars racing through their lives, eons flickering past in what feels to you like minutes. Time isn't fixed. Near a black hole, the future unspools before your eyes.",Hover near the edge and the outside universe would race through its entire future before your eyes.,"astronomy,black-holes,time,relativity",38,false,"black-holes-spaghettification,quasars-angle-changes-view,stars-live-trillions-years,time-hard-to-define,hinduism-karma-samsara-moksha,relativity-redefined-space-time","relativity-and-time-warp,stars-and-cosmos,motion-and-force",
black-holes-spaghettification,astronomy,Black Holes,Spaghettification Is a Real Scientific Term,"If you fell toward certain black holes, you'd be ""spaghettified."" Near a black hole, gravity pulls much harder on the closer side of an object than the far side. That stretches it long and thin while squeezing it narrow — like a strand of spaghetti. The funny name describes a very real effect. It's one of the strangest predictions in Einstein's theory of gravity.",Get too close and gravity stretches you into a strand of pasta.,"astronomy,black-holes,spaghettification,gravity,physics",40,false,"black-holes-light-cannot-escape,quasars-angle-changes-view,milky-way-andromeda-collision,gravity-weak-universe-shaping,combustion-oxygen-reaction,motion-acceleration-changing-velocity","gravity-and-orbits,stars-and-cosmos",
stars-live-trillions-years,astronomy,Stars,Not a Single One of These Stars Has Ever Died — The Universe Isn't Old Enough Yet,"Small red dwarf stars burn their fuel very slowly, so they can last for trillions of years. That's far longer than the universe's current age of about 13.8 billion years. In fact, the universe is so young that no red dwarf has died yet. These stars may end up being the last ones still shining in the far future.","Red dwarf stars can burn for trillions of years, so far longer than the universe's 13.8-billion-year age that not one has ever died.","astronomy,stars,longevity,universe",34,false,"supernovae-outshine-galaxies,red-giants-sun-future,states-of-matter-plasma-fourth,baobab-nine-species,pulsars-magnetar-burst-sunlight,milky-way-no-photo","stars-and-cosmos,energy-and-power",
nebulae-eyeball,astronomy,Nebulae,A Nebula Looks Solid but Is Emptier Than Any Vacuum on Earth,"In photos, a nebula looks like a dense, glowing cloud you could scoop up in your hands. The truth is the opposite. A nebula is one of the emptiest places imaginable; even its thickest regions hold far fewer particles than the best vacuum ever created in a lab on Earth. It only looks solid because it is so enormous, stretching across many light-years, that all that wispy gas adds up along your line of sight. Fly through one and you would barely notice it.","Those glowing space clouds look thick enough to touch, yet a nebula is far emptier than the best vacuum scientists can make in a lab.","nebulae,space,vacuum,astronomy,interstellar",60,false,"quasars-angle-changes-view,webb-spf-million,vacuum-of-space-swell-not-explode,vacuum-of-space-suffocate-not-freeze,milky-way-no-photo","stars-and-cosmos,camouflage-and-mimicry,flight-and-aviation,bioluminescence-and-glow",
supernovae-outshine-galaxies,astronomy,Supernovas,Some Supernovas Outshine Entire Galaxies,"When a giant star explodes as a supernova, it can briefly shine brighter than every star in its galaxy combined. The blast releases so much energy it can be seen across the universe. The dazzling light may last only weeks, but the wreckage spreads for millions of years. Astronomers study supernovas to learn how stars live and die. So for a few weeks, the death of one star can outshine everything around it.","For a few weeks, one exploding star outshines billions of others.","astronomy,supernovas,stars,galaxy",44,false,"supernovae-create-elements,stars-live-trillions-years,milky-way-andromeda-collision,solar-system-galactic-year,states-of-matter-plasma-fourth,pulsars-sugar-cube-mountain","stars-and-cosmos,energy-and-power,collective-behavior",
supernovae-create-elements,astronomy,Supernovas,The Gold in Your Jewelry Was Forged in Dying Stars,"Gold doesn't form on Earth. The atoms in a wedding ring were forged in the violent deaths of stars — supernova explosions and collisions of dead stars — long before our planet existed. Those blasts flung heavy metals across space, and some ended up in the dust that became Earth. So the gold on your finger is older than the Sun. Every piece is recycled stardust.",Every gold ring is older than the Sun — its atoms were forged in exploding stars.,"astronomy,supernovas,gold,stardust",35,false,"supernovae-outshine-galaxies,cosmic-microwave-background-atoms-five-percent,milky-way-no-photo,exoplanets-rogue-planets,gold-metal-as-pigment","stars-and-cosmos,materials-and-chemistry",
milky-way-no-photo,astronomy,Milky Way,Nobody Has Ever Photographed the Milky Way From Outside,"We live inside the Milky Way, and no spacecraft has ever flown far enough to photograph it from outside. So how do we know its shape? Astronomers piece it together by mapping stars and gas, and by studying other galaxies that look like ours. Every picture of the Milky Way is really a careful reconstruction. It's like drawing a city while standing in the middle of it.",Every 'photo' of our galaxy is really an educated guess.,"astronomy,milky-way,photography,space",35,false,"milky-way-andromeda-collision,stars-live-trillions-years,pulsars-sugar-cube-mountain,solar-system-galactic-year,supernovae-create-elements",stars-and-cosmos,
milky-way-andromeda-collision,astronomy,Milky Way,"Two Galaxies Will Collide, and Almost Nothing Will Actually Hit","Scientists predict the Milky Way and Andromeda will merge billions of years from now — a head-on collision between two entire galaxies. But here's the twist: stars are spaced so unbelievably far apart that almost none of them will actually crash into each other. Instead, gravity will slowly braid the two galaxies together into one bigger one, no fireworks required. Computer models show the whole merger takes billions of years to finish. It's one of the most dramatic non-events in our galaxy's future.",Two galaxies will merge — yet almost no stars will actually hit.,"astronomy,andromeda,milky-way,galaxy",34,false,"milky-way-no-photo,supernovae-outshine-galaxies,black-holes-spaghettification,solar-system-galactic-year,stars-live-trillions-years","stars-and-cosmos,gravity-and-orbits,disaster-and-catastrophe,computing-and-web",
webb-spf-million,astronomy,James Webb Space Telescope,Webb's Sunshield Is Like SPF One Million,"Webb's five-layer sunshield has been compared to sunscreen with SPF one million. It blocks the Sun's heat so well that the telescope's instruments stay extremely cold. That cold is the whole point — it lets Webb detect faint heat glows from distant galaxies and planets. The hot and cold sides differ by hundreds of degrees. Without the shield, Webb couldn't do its job.",Its five-layer shield blocks the Sun like SPF one million.,"astronomy,webb,sunshield,engineering",35,false,"quasars-angle-changes-view,nebulae-eyeball,milky-way-no-photo,red-giants-sun-future,pulsars-magnetar-burst-sunlight","stars-and-cosmos,bioluminescence-and-glow,music-and-sound",
quasars-angle-changes-view,astronomy,Quasars,One Feeding Black Hole Can Outshine Its Whole Galaxy,"A quasar is a giant black hole feeding at the heart of a galaxy, and it can outshine everything around it. A single quasar can blaze brighter than its entire galaxy — hundreds of billions of stars combined. That's how we can see some of them from billions of light-years away, near the edge of the visible universe. They are the most luminous objects we know of.",That's how we can spot some of them from near the very edge of the visible universe.,"astronomy,quasars,black-holes,light",45,false,"black-holes-light-cannot-escape,black-holes-spaghettification,light-exact-speed,sun-billions-of-twins,webb-spf-million,quantum-mechanics-hilbert-space","stars-and-cosmos,human-body-quirks,bioluminescence-and-glow",
pulsars-sugar-cube-mountain,astronomy,Pulsars,A Sugar Cube of Neutron Star Stuff Weighs Like a Mountain,"Neutron star material is so dense that normal comparisons almost break down. One sugar cube of it would weigh about 1 trillion kilograms on Earth. That's roughly 1 billion tons — about the mass of a mountain. Pulsars are spinning neutron stars, so every pulse comes from one of these city-sized objects packed with extreme matter.",One tiny cube of neutron star material would weigh about as much as a mountain.,"astronomy,pulsars,neutron-stars,density,stars",42,false,"pulsars-magnetar-burst-sunlight,white-dwarfs-sun-earth-size,stars-live-trillions-years,states-of-matter-plasma-fourth,supernovae-outshine-galaxies,milky-way-no-photo","stars-and-cosmos,food-and-cuisine",
pulsars-magnetar-burst-sunlight,astronomy,Pulsars,"One Magnetar Burst Beat 100,000 Years of Sunlight","Magnetars are a special kind of neutron star with extreme magnetic fields. A normal neutron star's field is already trillions of times stronger than Earth's — but a magnetar's is another 1,000 times stronger than that. One magnetar, called SGR 1806-20, let off a huge burst in just one-tenth of a second. That single burst released more energy than the Sun had emitted in the previous 100,000 years.","One tiny starquake-like burst released more energy than the Sun had made in 100,000 years.","astronomy,pulsars,magnetars,neutron-stars,energy",50,false,"pulsars-sugar-cube-mountain,stars-live-trillions-years,red-giants-sun-future,hurricanes-tropical-cyclones,energy-capacity-to-work,oxidation-numbers-track-change","stars-and-cosmos,energy-and-power",
white-dwarfs-sun-earth-size,astronomy,White Dwarfs,A White Dwarf Packs a Sun Into Earth's Size,"A white dwarf is what's left after some stars reach the end of their lives. A typical one is about as massive as the Sun, yet only slightly bigger than Earth. That makes it one of the densest forms of matter, behind only neutron stars and black holes. It's basically a dead stellar core crushed into a planet-sized space.",A star's leftover core can hold Sun-like mass in something only a little bigger than Earth.,"astronomy,white-dwarfs,stars,stellar-remnants,density",45,false,"pulsars-sugar-cube-mountain,stars-live-trillions-years,moon-ganymede-biggest,states-of-matter-plasma-fourth,supernovae-outshine-galaxies,exoplanets-rogue-planets","stars-and-cosmos,counterintuitive-scale",
red-giants-sun-future,astronomy,Red Giants,The Sun Will Swallow the Inner Planets,"In about 5 billion years, the Sun will run low on fuel and balloon into a red giant, hundreds of times wider than it is now. As it swells, it will engulf Mercury and Venus completely and may reach all the way to Earth. Our planet will be scorched, then possibly swallowed whole. The same star that gives us life will one day consume its closest worlds.","When the Sun balloons into a red giant, Mercury and Venus are gone — and Earth may be next.","astronomy,sun,red-giant,solar-system",42,false,"stars-live-trillions-years,pulsars-magnetar-burst-sunlight,quantum-mechanics-measurement-probabilities,sun-billions-of-twins,supernovae-outshine-galaxies,asteroids-less-mass-than-moon","stars-and-cosmos,energy-and-power",
cosmic-microwave-background-atoms-five-percent,astronomy,Cosmic Microwave Background,Ordinary Atoms Are Only About 5% of the Universe,"Take everything you've ever seen, touched, or been — every person, every planet, every star in the night sky. Add it all up, and it's still just a rounding error: ordinary atoms make up only about 5% of everything that exists in the universe. The other 95% is stuff scientists still don't fully understand — matter and energy that don't shine, don't reflect light, and barely interact with the world you can see at all. Everything you know is a thin slice of what's actually out there.","Everything you've ever seen, touched, or been is only about 5% of what actually exists in the universe.","astronomy,cosmic-microwave-background,wmap,dark-matter,dark-energy",48,false,"stars-live-trillions-years,supernovae-create-elements,chess-indian-war-game,pi-never-repeats,supernovae-outshine-galaxies","stars-and-cosmos,materials-and-chemistry,energy-and-power,color-and-light",
american-revolution-paul-revere,history,American Revolution,Paul Revere Was Captured Before He Could Finish His Famous Ride,"The most famous ride in American history didn't go as planned. On the night of April 18, 1775, Paul Revere rode out to warn that British troops were on the move — and was captured by a British patrol before he could finish. Other riders, William Dawes and Samuel Prescott, carried the alarm the rest of the way. A whole network of horsemen spread the warning, not one lone hero, while Revere himself was held at gunpoint. A poem written almost a century later made him the solo legend.","The most famous ride in American history ended with the rider in British custody, not victory.","history,american-revolution,paul-revere,communication",40,false,"silk-road-black-death,titanic-lifeboat-capacity-gap,titanic-warning-never-reached-bridge,french-revolution-bastille,industrial-revolution-child-labor",,
industrial-revolution-child-labor,history,Industrial Revolution,"Terrified of Losing Their Jobs, Workers Waged a War on Machines","In early 1800s England, textile workers terrified of losing their jobs to new machines began breaking into factories at night and smashing the machinery to pieces. They rallied under the name of a possibly invented leader, 'Ned Ludd,' and the unrest grew so serious that the army was sent in to stop them. Today, calling someone a 'Luddite' just means they dislike new tech — but the word was born from an actual armed rebellion against the machines replacing them.","Textile workers didn't just protest new machines — they smashed factories at night, and the army was sent in to stop them.","history,industrial-revolution,luddites,labor",37,false,"ancient-china-gunpowder,french-revolution-bastille,ancient-china-terracotta-army,titanic-warning-never-reached-bridge,american-revolution-paul-revere","war-and-conflict,invention-and-breakthrough",
ancient-china-terracotta-army,history,Ancient China,China's First Emperor Was Buried With an Army,"When China's First Emperor, Qin Shi Huang, died, he was buried with one of the wildest creations of the ancient world: an army made of clay. Thousands of life-sized terracotta soldiers, plus horses and chariots, stood in giant underground pits to guard him in the afterlife. Each figure had its own face, hairstyle, and armor. The buried army stayed hidden for over 2,000 years, until farmers stumbled on it in 1974. It's a stunning glimpse of ancient China's power.",Thousands of clay soldiers — each with a unique face.,"history,ancient-china,terracotta-army,qin-shi-huang",39,false,"ancient-china-gunpowder,ancient-china-wu-zetian,french-revolution-bastille,industrial-revolution-child-labor,space-race-armstrong-aldrin","hidden-underground,war-and-conflict,energy-and-power,accidental-discovery",
ancient-china-gunpowder,history,Ancient China,Chinese Alchemists Were Searching for Immortality. They Found Explosives Instead.,"Gunpowder was discovered in China — completely by accident. Around the 9th century, Chinese alchemists were trying to make a potion for eternal life. Instead, they mixed something that exploded when lit. It never made anyone immortal, but it was perfect for fireworks, signal flares, and later, weapons. The Chinese went on to build early bombs and rockets. As the recipe spread west along trade routes, it changed battlefields all over the world.",They were trying to brew a potion for eternal life — what they got could level a wall.,"history,ancient-china,gunpowder,invention",37,false,"ancient-china-terracotta-army,ancient-china-wu-zetian,industrial-revolution-child-labor,dishwasher-chipped-dishes,wheels-pottery-turntable","war-and-conflict,money-trade-and-value,accidental-discovery,invention-and-breakthrough",
ancient-china-wu-zetian,history,Ancient China,A Concubine Became China's Only Female Emperor,"Wu Zetian started as a concubine in the imperial palace, one of thousands with no real power. Through sharp political skill, she climbed to the very top and declared her own dynasty in 690 CE — the only woman ever to rule China as emperor. Once in power, she reformed the government and promoted talented officials no matter their birth. Her rise smashed one of the most rigid barriers in Chinese politics, and she remains one of history's most controversial rulers.",She started as a concubine with no power and ended up ruling an empire alone.,"history,ancient-china,wu-zetian,emperors",38,false,"ancient-china-terracotta-army,ancient-china-gunpowder,french-revolution-bastille,space-race-armstrong-aldrin,american-revolution-paul-revere",energy-and-power,
silk-road-black-death,history,Silk Road,The Black Death Likely Rode the Silk Road Into Europe,"Fleas hiding in trade goods may have been enough to bring down a continent. In the 1300s, the Black Death likely traveled west along the Silk Road, riding the same caravans that carried silk and spices between Asia and Europe. Rats carrying infected fleas moved from town to town as merchants traded, and the disease spread right along with the goods. By the time it reached Europe, it had killed a huge share of the population. The road that built fortunes also helped spread one of history's deadliest plagues.",The trade route that carried silk and spices may also have carried the plague itself.,"history,silk-road,black-death,plague",39,false,"ancient-china-gunpowder,american-revolution-paul-revere,great-fire-london-old-foundations,titanic-lifeboat-capacity-gap,titanic-warning-never-reached-bridge","money-trade-and-value,medicine-and-cures,food-and-cuisine",
french-revolution-bastille,history,French Revolution,The Bastille Fell to Free Almost No One Inside,"On July 14, 1789, an angry crowd in Paris stormed a fortress and prison called the Bastille. It held only a handful of prisoners, but it stood for the king's harsh power to jail people without trial. Seizing it became a bold act of defiance against the whole old order. The news electrified France and is often called the true start of the Revolution. Today, the storming of the Bastille is still a national holiday.",The prison stormed to spark a revolution held only a handful of prisoners — the assault was never really about them.,"history,french-revolution,bastille,france",39,false,"ancient-china-wu-zetian,ancient-china-terracotta-army,calendars-reform,industrial-revolution-child-labor,ancient-china-gunpowder","energy-and-power,collective-behavior,war-and-conflict",
space-race-sputnik,history,Space Race,America's First Satellite Blew Up on Live TV,"After the Soviets stunned the world with Sputnik in 1957, the U.S. rushed to answer with a satellite of its own. Cameras rolled as the Vanguard rocket lifted a few feet off the pad — then erupted in a fireball. The tiny satellite tumbled away, beeping uselessly. Newspapers mocked it as 'Kaputnik' and 'Flopnik.' America's first reach for space was a very public disaster.",Cameras rolled as the U.S. answer to Sputnik rose four feet and burst into flames.,"history,space-race,sputnik,nasa",38,false,"space-race-armstrong-aldrin,titanic-four-compartments,titanic-warning-never-reached-bridge,vacuum-of-space-leblanc-saliva-boiled,apollo13-mattingly-measles-swap,asteroids-dart-changed-orbit",disaster-and-catastrophe,
space-race-armstrong-aldrin,history,Space Race,One Apollo 11 Astronaut Never Walked on the Moon,"While Neil Armstrong and Buzz Aldrin explored the lunar surface, a third astronaut stayed behind. Michael Collins orbited the Moon alone in the command module, circling overhead and waiting. Each time he passed behind the far side, he lost all radio contact with Earth, cut off from every other living human. Some called him the loneliest person in history. He never set foot on the Moon.","While two men walked the Moon, the third orbited alone — cut off from every other human alive.","history,space-race,apollo-11,exploration",39,false,"space-race-sputnik,titanic-warning-never-reached-bridge,ancient-china-wu-zetian,solar-system-only-24-moonwalkers,oceans-cover-most-earth","gravity-and-orbits,stars-and-cosmos,lost-and-rediscovered",
titanic-four-compartments,history,Titanic,The Titanic Was Built to Survive One Less Flooded Compartment Than It Got,"The Titanic was designed with 16 watertight compartments that could seal off if the hull was breached, and its builders claimed it could stay afloat even with four of them flooded. The iceberg tore through the hull and damaged at least five. As water filled those five compartments, the bow sank lower, letting water spill over into the next ones in a chain reaction. The margin between disaster and survival came down to a single compartment.",The ship was built to survive flooding — the iceberg beat that margin by exactly one compartment.,"history,titanic,ships,engineering,disaster",48,false,"titanic-lifeboat-capacity-gap,titanic-warning-never-reached-bridge,space-race-sputnik,pompeii-earthquake-before-eruption,great-molasses-flood-tank","disaster-and-catastrophe,materials-and-chemistry",
titanic-warning-never-reached-bridge,history,Titanic,A Key Ice Warning Never Reached the Bridge,"On the night Titanic struck the iceberg, it had already received warnings about ice. The Mesaba sent a warning of an ice field at about 9:40 PM. That message was never passed along to Titanic's bridge. Later, around 11:40 PM, lookouts spotted an iceberg — but the ship was already too close to avoid the collision.","One ice warning came in hours before the crash, but it never reached the people steering the ship.","history,titanic,iceberg,wireless,maritime-disasters",45,false,"titanic-four-compartments,titanic-lifeboat-capacity-gap,space-race-sputnik,american-revolution-paul-revere,industrial-revolution-child-labor","disaster-and-catastrophe,architecture-and-structures",
titanic-lifeboat-capacity-gap,history,Titanic,Titanic's First Lifeboat Left With 27 People in a Boat Built for 65,"Titanic actually carried more lifeboats than British rules required — its 20 boats had room for 1,178 people, far short of the number aboard. But the shortage wasn't the only problem. In the panic, boats were launched half-empty. The very first one to leave the ship carried about 27 people in a boat built for 65. Seats that existed, and were lowered into the water empty.",The shortage of seats was bad. What happened to the seats they had was worse.,"history,titanic,disaster,shipwreck",48,false,"titanic-four-compartments,titanic-warning-never-reached-bridge,space-race-sputnik,pompeii-earthquake-before-eruption,antikythera-ancient-computer,great-molasses-flood-tank","world-first,disaster-and-catastrophe,numbers-and-mathematics",
ancient-egypt-3000-years,ancient-civilizations,Ancient Egypt,Cleopatra Lived Closer to the Moon Landing Than to the Great Pyramid,"Ancient Egypt is famous for its monuments, but the truly mind-bending part is the timeline. The Great Pyramid was built around 2560 BCE. Cleopatra ruled around 30 BCE. That means she lived closer in time to the 1969 Moon landing than to the pyramid rising in her own backyard. Egyptian civilization lasted more than 3,000 years — so long that its own ancient monuments were already ancient to the pharaohs who came later.","The pyramids were already ancient history to her — by over 2,000 years.","ancient-civilizations,egypt,pyramids,timeline",40,false,"ancient-egypt-cats,ancient-rome-small-town-empire,indus-undeciphered-script,pyramids-sloping-sides,woolly-mammoths-late-islands,pyramids-global-form","stars-and-cosmos,ancient-engineering,architecture-and-structures",
ancient-egypt-cats,ancient-civilizations,Ancient Egypt,Killing a Cat in Egypt Could Be a Death Sentence,"Egyptians didn't just like cats — they revered them. Harming one, even by accident, could be punished by death. When a family's cat died, the whole household went into mourning and shaved off their own eyebrows to show their grief. Beloved cats were sometimes mummified like people. To ancient Egyptians, a cat sat somewhere closer to sacred than to a pet.","When the family cat died, ancient Egyptians shaved off their eyebrows in grief.","ancient-civilizations,ancient-egypt,cats,religion",39,false,"ancient-egypt-3000-years,indus-undeciphered-script",accidental-discovery,
sumerians-cuneiform,ancient-civilizations,Sumerians,"The First Writing Was Invented to Track Goods, Not Tell Stories","The Sumerians created one of humanity's greatest inventions: the first known writing, called cuneiform. Using a reed tool, they pressed wedge-shaped marks into soft clay tablets — and the very first uses weren't stories or laws, just simple tallies of grain, livestock, and goods changing hands. Only later did that same system grow flexible enough to capture language itself: laws, letters, poetry, history. Writing wasn't born to tell stories. It was born to do inventory — and it took centuries to become anything more.","Writing wasn't invented to tell stories — it was invented to do inventory, and it took centuries to become anything more.","sumerians,cuneiform,writing,invention",39,false,"indus-undeciphered-script,carthage-rome-burned-city,cruise-control-set-speed,wheels-pottery-turntable,windshield-wipers-snowy-trolley","world-first,invention-and-breakthrough,storytelling-and-narrative",
babylonians-hanging-gardens,ancient-civilizations,Babylonians,A Wonder of the World May Never Have Existed,"The Hanging Gardens of Babylon are one of the famous Seven Wonders — lush terraces said to spill greenery high above a desert city. But there's a catch: no trace of them has ever been found. They're the only ancient Wonder whose location is unknown, and some historians suspect they were exaggerated or simply imagined. A legendary marvel may have been exactly that — a legend.",The only ancient Wonder with no ruins — some historians think it was never real.,"ancient-civilizations,babylon,hanging-gardens,mystery",40,false,"indus-undeciphered-script,carthage-rome-burned-city",deception-and-hoax,
indus-undeciphered-script,ancient-civilizations,Indus Valley Civilization,Nobody Has Deciphered the Indus Script,"The Indus Valley Civilization left behind a writing system no one can read. Found on small seals, pottery, and other objects, the script is made of symbols that have puzzled scholars for over a century. Unlike Egyptian or Mesopotamian writing, it has no known translation key, and the inscriptions are usually very short. Because we can't read it, much about these people's lives and beliefs stays unknown. It's one of archaeology's greatest unsolved mysteries.",We've stared at it for a century and still can't read it.,"indus,writing,mystery,archaeology",40,false,"sumerians-cuneiform,babylonians-hanging-gardens,hieroglyphics-always-phonetic,detective-fiction-hard-boiled,ancient-egypt-cats,voynich-strange-illustrations","language-and-writing,games-and-play",
carthage-rome-burned-city,ancient-civilizations,Carthage,A Roman Senator Ended Every Speech by Demanding Carthage Be Destroyed,"Rome and Carthage fought three long wars, and one Roman senator would not let it go. Cato the Elder is said to have closed every speech he gave — no matter the actual topic — with the same line: Carthage must be destroyed. Eventually Rome obliged. When Carthage finally fell in 146 BCE, the city was plundered and burned to the ground, ending its rivalry with Rome for good.","No matter the subject, he tacked the same four words onto the end.","ancient-civilizations,carthage,rome,cato",48,false,"ancient-rome-small-town-empire,ancient-egypt-3000-years,roads-military-first,babylonians-hanging-gardens,sumerians-cuneiform",war-and-conflict,
ancient-rome-small-town-empire,ancient-civilizations,Ancient Rome,The Romans Flooded the Colosseum for Sea Battles,"The Colosseum is famous for gladiators, but early on it hosted something even wilder. Romans could flood the arena floor with water to stage mock naval battles, called naumachiae, with real boats and fighters. Crowds watched ships clash where lions and gladiators usually fought. Building something that could fill and drain a stadium, 2,000 years ago, is staggering. Roman spectacle knew almost no limits.",Romans could fill their great arena with water and stage full battles with real ships.,"ancient-civilizations,ancient-rome,colosseum,spectacle",50,false,"carthage-rome-burned-city,ancient-egypt-3000-years,indus-undeciphered-script","collective-behavior,war-and-conflict,architecture-and-structures",
octopus-color-blind,animals,Octopus,Octopuses Are Color-Blind Masters of Camouflage,"Here's a real head-scratcher: octopuses appear to be color-blind, yet they create stunningly accurate color camouflage. Even though they probably can't see color the way we do, an octopus can match the colors around it with incredible precision. Scientists still aren't sure how. Some think the skin itself may sense light and color. However it works, the octopus makes a perfect disguise out of colors it may never actually see.",They can't see color — but they match it perfectly anyway.,"animals,octopus,camouflage,science",40,false,"octopus-mothers-stop-eating,tigers-largest-cat,sloths-algae-camouflage,axolotls-regrow-leg,platypus-chews-with-gravel","camouflage-and-mimicry,human-body-quirks,color-and-light",
octopus-mothers-stop-eating,animals,Octopus,Mother Octopuses Sacrifice Themselves for Their Eggs,"A mother octopus shows devotion that ends in the ultimate sacrifice. After laying her eggs, she guards them tirelessly, cleaning them and fanning fresh water over them. During this long watch — which can last months — she stops eating entirely and slowly weakens. By the time the eggs hatch, the exhausted mother is usually near death, and she soon dies. She gives her own life so her babies have the best shot at survival.",She guards her eggs for months — and starves doing it.,"animals,octopus,reproduction,behavior",40,false,"octopus-color-blind,penguins-fathers-incubate,ravens-solve-problems-together,seahorses-male-give-birth,sleepwalking-childhood-common,sloths-bathroom-weekly","self-sacrifice,parental-care,psychology-and-behavior,food-and-cuisine",
dolphins-signature-whistle,animals,Dolphins,Every Dolphin Has Its Own Name,"In a way, every dolphin has its own name. Each one makes a unique sound called a signature whistle to identify itself. Dolphins call out these whistles to announce who they are — and they'll even copy a specific friend's whistle to get its attention, like calling someone by name. It helps them keep track of one another in the wide, murky ocean. Dolphins even seem to remember friends' whistles for years.",And they'll copy a friend's whistle to 'call' them by name.,"animals,dolphins,communication,ocean",41,false,"dolphins-mud-rings,dolphins-echoes,cheetahs-cannot-roar,waterfalls-many-causes,orcas-are-dolphins,axolotls-regrow-leg",music-and-sound,
dolphins-echoes,animals,Dolphins,Dolphins Can Hear the Shape of Objects,"With echolocation, dolphins can basically hear the shape of things. When their clicks bounce back, a dolphin's brain turns the echoes into a detailed picture of its surroundings. It can tell if something is big or small, hard or soft, even buried under sand. The sense is so precise that dolphins can tell different fish apart without seeing them. They paint images out of echoes — a way of sensing the world we can barely imagine.",They can tell fish apart without ever seeing them.,"animals,dolphins,echolocation,senses",40,false,"dolphins-signature-whistle,dolphins-mud-rings,chameleons-two-way-eyes,tigers-largest-cat,cheetahs-cannot-roar",hidden-underground,
dolphins-mud-rings,animals,Dolphins,Dolphins Hunt Using Mud Traps,"Some dolphins have invented a brilliant hunting trick using mud. Working in a group, they swim in a tight circle near the seafloor, beating their tails to stir up a swirling ring of mud around a school of fish. Scared by the cloud, the fish leap out of the water — right into the waiting dolphins' mouths. It takes teamwork and an understanding of how the fish will react. Certain dolphin groups pass the trick down to each other.",They stir up a ring of mud to scare fish into the air.,"animals,dolphins,hunting,teamwork",40,false,"dolphins-signature-whistle,dolphins-echoes,mantis-shrimp-bubble-shockwave,formula-1-name-rules,platypus-chews-with-gravel",invention-and-breakthrough,
penguins-fathers-incubate,animals,Penguins,Penguin Fathers Balance Eggs on Their Feet,"Emperor penguin dads have one of the toughest jobs in nature. After the female lays a single egg, she passes it to the male and heads to sea to feed. The father balances that egg on top of his feet, tucked under a warm fold of skin, to shield it from the brutal Antarctic cold. For about two months, he holds it there without setting it down — often going the whole time without food. His devotion gives the egg its best shot at survival.",He holds it for two months without ever setting it down.,"animals,penguins,reproduction,birds",42,false,"octopus-mothers-stop-eating,ravens-solve-problems-together,seahorses-male-give-birth,mosquitoes-females-bite,platypus-chews-with-gravel,anglerfish-males-fuse-to-females","parental-care,human-body-quirks,food-and-cuisine",
giraffes-tallest-land-animal,animals,Giraffes,A Giraffe's Neck Has the Same Bones as Yours,"A giraffe's neck can stretch over six feet, but here's the twist: it holds exactly seven bones — the same number as in your neck. Nearly every mammal, from mice to whales, shares that count. A giraffe's vertebrae are just hugely elongated, each one up to ten inches long. So that towering neck isn't built from extra parts. It's the same blueprint, scaled way up.",That towering neck holds exactly seven bones — the same number as in yours.,"animals,giraffes,anatomy,mammals",39,false,"giraffes-spread-legs-drink,platypus-chews-with-gravel,platypus-venomous-males,whales-are-mammals,stegosaurus-plates-not-simple-armor,lungs-oxygen-enters-blood","human-body-quirks,numbers-and-mathematics",
giraffes-spread-legs-drink,animals,Giraffes,Giraffes Must Spread Their Legs to Drink,"For all their height, giraffes have an awkward problem: drinking water. Believe it or not, their long necks can't quite reach the ground while standing normally. So a giraffe has to splay its front legs wide apart or bend them to lower its head to the water. That clumsy pose leaves it vulnerable, since it takes time to stand back up if a predator shows up. So giraffes drink carefully, only when they feel safe.",Their neck is too short to reach the ground — so they splay out.,"animals,giraffes,behavior,water",40,false,"giraffes-tallest-land-animal,sloths-bathroom-weekly,chameleons-two-way-eyes,sleepwalking-childhood-common,decision-making-environment-shapes,movie-makeup-corrective-creative","plants-and-botany,psychology-and-behavior",
tigers-largest-cat,animals,Tigers,"A Tiger's Stripes Are in Its Skin, Not Just Its Fur","Shave a tiger and you'd still see its stripes — the pattern grows right into the skin underneath, and the fur simply follows it. Even better, no two tigers share the same stripe pattern. It's as unique as a fingerprint, and researchers use it to tell individuals apart. The stripes aren't just markings on the coat. They're printed into the animal itself.",Shave a tiger and the stripes are still there — printed into its skin like a fingerprint.,"animals,tigers,stripes,camouflage",41,false,"tigers-eighty-pound-meal,octopus-color-blind,sloths-algae-camouflage,platypus-chews-with-gravel,giraffes-tallest-land-animal","camouflage-and-mimicry,human-body-quirks",
tigers-eighty-pound-meal,animals,Tigers,A Tiger Can Eat 80 Pounds of Meat in One Meal,"A tiger's appetite can be enormous, especially after a kill. Because tigers don't catch prey every day, they make the most of each one — a hungry tiger can eat as much as 80 pounds of meat in a single sitting. After gorging, it may rest for days before hunting again. This feast-and-fast pattern fits an animal that burns huge energy stalking large prey. Eating so much at once stores energy for the lean stretches between meals.",Then it may not need to eat again for days.,"animals,tigers,diet,big-cats",42,false,"tigers-largest-cat,sloths-bathroom-weekly,cheetahs-cannot-roar,seahorses-no-stomachs,platypus-chews-with-gravel","food-and-cuisine,energy-and-power",
cheetahs-built-for-speed,animals,Cheetahs,A Sprinting Cheetah Is Airborne Half the Time,"At full speed, a cheetah barely touches the ground. Its body works like a giant spring: the spine coils and uncoils with every bound, flinging the cat forward in enormous leaps. For more than half of each stride, all four paws are off the ground at once, and it touches down just twice per stride. The fastest land animal spends most of its run flying.",The fastest land animal spends more than half of every stride completely off the ground.,"animals,cheetahs,speed,anatomy",41,false,"cheetahs-cannot-roar,giraffes-tallest-land-animal,mantis-shrimp-bubble-shockwave,motion-velocity-has-direction,whales-largest-animal-ever,relativity-speed-of-light-limit","record-extremes,flight-and-aviation,motion-and-force",
cheetahs-cannot-roar,animals,Cheetahs,Cheetahs Are Big Cats That Can't Roar,"Despite being a large, powerful predator, the cheetah can't roar like a lion or tiger. That's because its throat and voice box are built differently from the big roaring cats. Instead of a roar, the cheetah chirps, growls, and even makes a bird-like call to talk to other cheetahs. These gentler sounds set it apart from its bigger relatives. It's surprising that the fastest cat in the world has such a quiet voice.","Instead of roaring, it chirps almost like a bird.","animals,cheetahs,big-cats,sound",42,false,"cheetahs-built-for-speed,dolphins-signature-whistle,tigers-eighty-pound-meal,sound-human-frequency-range,supersonic-flight-hypersonic-mach-five","music-and-sound,record-extremes",
sloths-algae-camouflage,animals,Sloths,Sloths Wear Living Camouflage,"A sloth's fur comes with a living disguise. Because sloths move so slowly and live in humid forests, green algae actually grow in their coarse hair, tinting their fur green. That living layer helps the sloth blend in among the leaves, making it harder for predators to spot. It's a win-win: the algae get a safe place to grow, and the sloth gets camouflage. Some tiny creatures even live in the fur too — turning the sloth into a slow-moving garden.",Green algae grow right in their fur.,"animals,sloths,camouflage,algae",40,false,"sloths-bathroom-weekly,tigers-largest-cat,octopus-color-blind,kelp-forests-storms-tear-apart,fly-geyser-art-landscape,kelp-forests-grow-18-inches-day","camouflage-and-mimicry,plants-and-botany",
sloths-bathroom-weekly,animals,Sloths,Sloths Visit the Bathroom Only About Once a Week,"Sloths have one of the strangest bathroom habits in the animal kingdom — they go only about once a week. Because they eat low-energy leaves and digest them extremely slowly, waste builds up gradually over many days. When the time finally comes, the sloth makes a slow, risky climb down from the safety of the trees to the ground. That trip leaves the usually hidden sloth exposed to predators, making it one of the most dangerous moments of its life.",And the trip down from the trees is the most dangerous part.,"animals,sloths,behavior,trees",42,false,"sloths-algae-camouflage,giraffes-spread-legs-drink,octopus-mothers-stop-eating,sleepwalking-childhood-common,baobab-water-trunk,tigers-eighty-pound-meal","plants-and-botany,psychology-and-behavior,energy-and-power,food-and-cuisine",
platypus-venomous-males,animals,Platypus,Male Platypuses Are Venomous,"The platypus is already one of the strangest mammals, but the males have another surprise: they're venomous. Each male has sharp stingers on the heels of its rear feet and can use them to deliver a strong, toxic blow. So this small, odd-looking creature isn't nearly as harmless as it might seem.",Male platypuses carry venomous stingers on their back feet.,"animals,platypus,venom,mammals,adaptation",39,false,"platypus-chews-with-gravel,giraffes-tallest-land-animal,chameleons-two-way-eyes,penguins-fathers-incubate,mantis-shrimp-bullet-fast-punch",,
platypus-chews-with-gravel,animals,Platypus,Platypuses Chew With Gravel,"Platypuses don't have teeth, yet they still need a way to break down food. As they feed, they scoop insects, larvae, shellfish, worms, gravel, and mud into their bill. They stash the material in cheek pouches and carry it to the surface. There, bits of gravel help mash the food — basically acting like temporary teeth.",A platypus can use swallowed gravel to mash its meal because it has no teeth.,"animals,platypus,feeding,gravel,mammals",45,false,"platypus-venomous-males,giraffes-tallest-land-animal,penguins-fathers-incubate,sea-otters-snack-pockets,sea-stars-external-digestion","food-and-cuisine,human-body-quirks",
axolotls-regrow-leg,animals,Axolotls,Axolotls Can Regrow a Leg in About a Month,"Axolotls are famous for something that sounds almost impossible. They can regenerate damaged limbs and regrow a whole leg in about a month. That ability helps them survive, since other axolotls may bite off gills or feet if they get too close. They're studied closely because their regeneration may someday help reveal whether humans could regrow limbs too.",An axolotl can replace a lost leg fast enough to make scientists pay attention.,"animals,axolotls,regeneration,amphibians,science",50,false,"dolphins-signature-whistle,cheetahs-cannot-roar,sea-stars-regrow-bodies,internal-combustion-engines-hot-gas-work,octopus-color-blind","lost-and-rediscovered,music-and-sound",
chameleons-two-way-eyes,animals,Chameleons,Chameleon Eyes Can Look Two Ways at Once,"Chameleons have one of the strangest pairs of eyes in the animal world. Their eyes can swivel in two different directions at once. That gives the lizards a nearly panoramic view of their surroundings. For an animal hunting and dodging danger in trees, deserts, and other habitats, scanning two directions at once is a serious advantage.",A chameleon can scan its surroundings with eyes that point in different directions.,"animals,chameleons,reptiles,eyes,adaptation",42,false,"giraffes-spread-legs-drink,sloths-bathroom-weekly,sleep-half-brain-awake,giant-squid-dinner-plate-eyes,sloths-algae-camouflage","plants-and-botany,psychology-and-behavior",
ravens-solve-problems-together,animals,Ravens,"Ravens Stalk Humans, Hoping You'll Lead Them to Something Worth Stealing","Ravens are bold, clever birds that pay close attention to everything around them, including us. They've been seen following people through the wild, apparently banking on humans to lead them toward unguarded nests they can raid. Young ravens take a similarly curious approach to objects, testing and examining anything unfamiliar to learn what might be useful later. That same resourcefulness shows up in how they handle food: a raven that finds a big supply will cache extra for later, the same trick crows and jays use to plan ahead.","These birds follow people through the wild, banking on humans to lead them straight to unguarded nests.","animals,ravens,birds,intelligence,behavior",48,false,"penguins-fathers-incubate,octopus-mothers-stop-eating,bees-honey-from-nectar,sleepwalking-childhood-common,sloths-bathroom-weekly,glass-buildings-postwar-energy","parental-care,animal-intelligence,psychology-and-behavior,food-and-cuisine",
mantis-shrimp-bullet-fast-punch,animals,Mantis Shrimp,Mantis Shrimp Punch Faster Than a Blink,"Mantis shrimp are small predators with a terrifying weapon. Smasher species, like the peacock mantis shrimp, use hammer-like claws to attack crabs and clams. A latch holds the claw in place while energy builds, then a spring launches it forward. The strike moves about 50 times faster than a human blink and can reach 75 feet per second.",This tiny sea animal can throw one of the fastest punches in nature.,"animals,mantis-shrimp,invertebrates,ocean,predators",48,false,"mantis-shrimp-bubble-shockwave,tigers-eighty-pound-meal,cheetahs-cannot-roar,jellyfish-long-tentacles,giant-squid-sperm-whale-scars","record-extremes,energy-and-power,war-and-conflict",
mantis-shrimp-bubble-shockwave,animals,Mantis Shrimp,"A Mantis Shrimp's Punch Lands Twice, Thanks to Bubbles","A mantis shrimp punch is so fast that the hit isn't the only danger. The strike makes bubbles form and then collapse in the water. That collapse releases extra energy, adding to the force of the original blow. Together, the punch and the bubble collapse can smash open a shell and kill the animal inside.",A mantis shrimp punch can create collapsing bubbles that add a second burst of force.,"animals,mantis-shrimp,punch,ocean,hunting",45,false,"mantis-shrimp-bullet-fast-punch,dolphins-mud-rings,cheetahs-built-for-speed,jellyfish-daily-commute,tigers-eighty-pound-meal","energy-and-power,disaster-and-catastrophe,motion-and-force",
coral-reefs-largest-biological-structures,ocean-life,Coral Reefs,Nothing Else Built by a Living Thing Can Be Seen From Space,"Coral reefs are the largest structures built by any living thing on Earth — and some are so big they can be seen from space. Nothing else ever built by a living creature is large enough to spot from orbit. They're made by countless coral polyps working together over millions of years, and today they shelter huge numbers of ocean species and support coastal communities worldwide.",Coral polyps built the only living structure on Earth large enough to spot from orbit.,"ocean-life,coral-reefs,ecosystem,animals",40,false,"whales-are-mammals,orcas-are-dolphins,dragons-blood-tree-umbrella-species,jellyfish-long-tentacles,sharks-older-than-dinosaurs","record-extremes,gravity-and-orbits,collective-behavior,architecture-and-structures",
sharks-electroreceptors,ocean-life,Sharks,Sharks Can Sense the Faint Electricity of Hidden Prey,"Sharks have tiny organs called the ampullae of Lorenzini that let them sense electrical fields in the water. These receptors sit around the nose, eyes, and mouth. They help sharks find hidden prey and even pick up small temperature changes. It's a sense humans don't have at all. It's a sixth sense that turns even hidden, motionless prey into an easy target.",They don't need to see or smell a fish to know exactly where it's hiding.,"ocean-life,sharks,electroreception,senses",43,false,"sharks-older-than-dinosaurs,jellyfish-long-tentacles,whales-are-mammals,taste-buds-on-fish-fins,anglerfish-built-in-fishing-rod","energy-and-power,human-body-quirks",
sharks-older-than-dinosaurs,ocean-life,Sharks,Sharks Are Older Than Dinosaurs,"Fossils suggest sharks first appeared around 455 million years ago — long before the first dinosaurs. Over that vast time, they survived several mass extinctions and huge changes to the planet. Their staying power shows how adaptable they are. Today's sharks come from one of the oldest surviving groups of backboned animals. Few creatures have a family line as ancient as theirs.",Around 455 million years old — they outlasted five mass extinctions.,"ocean-life,sharks,evolution,prehistory",35,false,"sharks-electroreceptors,sea-turtles-lay-eggs-on-land,whales-are-mammals,musical-instruments-human-universal,storytelling-older-than-writing,pareidolia-survival-skill","record-extremes,stars-and-cosmos,energy-and-power",
bioluminescence-most-deep-sea-animals-glow,ocean-life,Bioluminescence,80% of Everything Living in the Deep Sea Glows in the Dark,"Glowing — bioluminescence — is incredibly common in the ocean, especially the deep sea. An estimated 80 percent of animals living between 200 and 1,000 meters down can make their own light. Fish, squid, jellyfish, and many others light up in the darkness. Since sunlight barely reaches these depths, glowing is key to survival. Down there, lighting up is more normal than not.","An estimated 4 out of 5 animals between 200 and 1,000 meters down make their own light.","ocean-life,bioluminescence,deep-sea,animals",35,false,"bioluminescence-shrimp-spit-light,anglerfish-built-in-fishing-rod,deep-sea-largest-daily-migration,fireflies-bioluminescence,giant-squid-dinner-plate-eyes,deep-sea-deeper-than-everest","bioluminescence-and-glow,deep-sea-and-abyss,numbers-and-mathematics",
bioluminescence-shrimp-spit-light,ocean-life,Bioluminescence,Some Shrimp Can Spit Out Light,"Some deep-sea shrimp can shoot glowing material out of glands near their mouths. The burst of light may confuse a predator long enough for the shrimp to escape — like a glowing smoke bomb. It sounds like science fiction, but it's real, happening in the dark depths of the ocean. Scientists are still studying these unusual defenses. In the pitch-dark depths, a burst of light can be the perfect smokescreen.",A glowing 'smoke bomb' to blind predators and flee.,"ocean-life,bioluminescence,shrimp,deep-sea",42,false,"bioluminescence-most-deep-sea-animals-glow,anglerfish-built-in-fishing-rod,giant-squid-dinner-plate-eyes,fireflies-bioluminescence,deep-sea-largest-daily-migration","bioluminescence-and-glow,music-and-sound,deep-sea-and-abyss,storytelling-and-narrative",
deep-sea-deeper-than-everest,ocean-life,Deep Sea,The Deepest Ocean Is Deeper Than Mount Everest Is Tall,"The deepest parts of the ocean reach about 10,994 meters down — deeper than Mount Everest is tall. These extreme depths sit inside trenches like the Mariana Trench. Only a handful of people have ever visited them. Conditions are so harsh that special technology is needed to explore. Some of the deepest spots on Earth are also among the least understood.",Drop Everest into the deepest trench and the peak still wouldn't reach the surface.,"ocean-life,deep-sea,mariana-trench,depth",35,false,"deep-sea-largest-daily-migration,deep-sea-underwater-lakes,bioluminescence-most-deep-sea-animals-glow,mountains-erode-while-rising,anglerfish-males-fuse-to-females","deep-sea-and-abyss,record-extremes",
deep-sea-largest-daily-migration,ocean-life,Deep Sea,The Largest Daily Migration on Earth Happens Underwater,"Every night, huge numbers of fish and tiny zooplankton swim hundreds of meters up to feed near the surface, then sink back into the dark by day. This pattern, called diel vertical migration, happens in oceans all over the world. The animals are small, but there are so many that it's the largest daily migration on Earth. It repeats every single day and night. And almost all of it happens unseen.","Every night, countless sea animals rise hundreds of meters to feed.","ocean-life,deep-sea,migration,animals",35,false,"deep-sea-deeper-than-everest,deep-sea-underwater-lakes,bioluminescence-most-deep-sea-animals-glow,dragonflies-aquatic-nymphs,jellyfish-daily-commute,bioluminescence-shrimp-spit-light","deep-sea-and-abyss,record-extremes,exploration-and-navigation,numbers-and-mathematics",
deep-sea-underwater-lakes,ocean-life,Deep Sea,There Are Lakes at the Bottom of the Ocean,"Deep under the sea, pools of super-salty water form what scientists call brine lakes. Because the water is much denser than normal seawater, it doesn't mix in and forms a clear edge, like the surface of a real lake. You can even see wave-like ripples at these underwater shorelines. It looks impossible, but it's completely real. Few places on Earth look more alien.",They even have shorelines and ripples — underwater.,"ocean-life,deep-sea,brine-lakes,ocean",35,false,"deep-sea-largest-daily-migration,deep-sea-deeper-than-everest,bioluminescence-most-deep-sea-animals-glow,lake-hillier-pink-conditions,waterfalls-many-causes,saturn-enceladus-ocean","deep-sea-and-abyss,hidden-underground",
jellyfish-long-tentacles,ocean-life,Jellyfish,One Jellyfish's Tentacles Can Outstretch a Blue Whale,"The lion's mane jellyfish is one of the longest animals on Earth. The largest one ever recorded washed ashore in 1870 with tentacles stretching about 120 feet — longer than a blue whale. Hundreds of thin, hair-like tentacles hang from its bell in flowing clusters, each lined with stinging cells. They drift like a living net, paralyzing tiny fish and plankton that brush past. Despite having no brain or bones, it is a patient, far-reaching hunter.",The lion's mane jellyfish can trail stinging tentacles longer than a blue whale — well over 100 feet.,"ocean-life,jellyfish,tentacles,lions-mane,predators",51,false,"jellyfish-daily-commute,jellyfish-hitchhiking-crabs,whales-largest-animal-ever,mantis-shrimp-bullet-fast-punch,giant-squid-sperm-whale-scars","record-extremes,human-body-quirks",
jellyfish-hitchhiking-crabs,ocean-life,Jellyfish,Some Young Crabs Hitchhike on Jellyfish,Young crabs have been spotted riding on the mouth-arms of sea nettles. These tiny hitchhikers may even nibble on the jellyfish while using it for protection and a free ride. Eventually they hop off as the jellyfish drifts toward shore. It's a great example of the surprising partnerships in the ocean. Even a drifting jellyfish can become a temporary home for another animal.,Baby crabs ride along — and may snack on their host.,"ocean-life,jellyfish,crabs,symbiosis",35,false,"jellyfish-daily-commute,jellyfish-long-tentacles,bioluminescence-most-deep-sea-animals-glow,sea-otters-snack-pockets,sea-stars-regrow-bodies",symbiosis-and-cooperation,
jellyfish-daily-commute,ocean-life,Jellyfish,"A Jellyfish With No Brain Migrates Over 3,600 Feet a Day","Some jellyfish make a daily up-and-down journey that can cover more than 3,600 feet. They rise and sink through the water as they hunt for food and respond to changing conditions. And they do it without muscles built for speed or any real navigation system. Despite their simple bodies, they pull off trips that would challenge much bigger animals. Not bad for an animal with no real muscles or sense of direction.","No muscles built for speed, no navigation system — and still a daily half-mile round trip.","ocean-life,jellyfish,migration,ocean",46,false,"jellyfish-long-tentacles,jellyfish-hitchhiking-crabs,deep-sea-largest-daily-migration,dragonflies-aquatic-nymphs,mantis-shrimp-bubble-shockwave","exploration-and-navigation,human-body-quirks,food-and-cuisine,motion-and-force",
whales-largest-animal-ever,ocean-life,Whales,A Blue Whale's Tongue Weighs as Much as an Elephant,"The blue whale isn't just big — its body parts defy belief. Its tongue alone can weigh as much as a full-grown elephant. Its heart is roughly the size of a small car, and a young child could crawl through its largest arteries. No animal that has ever lived, including the biggest dinosaurs, was larger. It's the most enormous creature in Earth's history.","Its tongue weighs as much as an elephant, and its heart is the size of a small car.","ocean-life,blue-whales,size,anatomy",35,false,"whales-are-mammals,jellyfish-long-tentacles,anglerfish-males-fuse-to-females,jupiter-thousand-earths,stegosaurus-plates-not-simple-armor,cheetahs-built-for-speed","record-extremes,human-body-quirks,counterintuitive-scale",
whales-are-mammals,ocean-life,Whales,Whales' Closest Living Relative Is the Hippo,"Whales rule the ocean, but their ancestors walked on land. Millions of years ago, a furry, four-legged creature waded into the water and slowly evolved into the whales we know today. The clues are still in their bodies — tiny leftover hip bones, and lungs instead of gills. Their nearest living cousin isn't a fish at all. It's the hippopotamus.",The ocean's giants evolved from land animals — and their closest cousin is the hippo.,"ocean-life,whales,evolution,mammals",35,false,"whales-largest-animal-ever,coral-reefs-largest-biological-structures,sharks-older-than-dinosaurs,dire-wolf-bigger-skull,giraffes-tallest-land-animal","human-body-quirks,collective-behavior",
seahorses-male-give-birth,ocean-life,Seahorses,Male Seahorses Give Birth,"Seahorses flip a role usually played by females: the dads give birth. The female deposits her eggs into a pouch on the male's belly, and he carries the developing young until they're ready. When the time comes, he pumps water through the pouch and releases hundreds of baby seahorses into the ocean. It's one of the most unusual ways to reproduce in the animal kingdom. Few fathers play such a direct role in birth.",Dad carries the eggs and delivers hundreds of babies.,"ocean-life,seahorses,reproduction,animals",35,false,"seahorses-no-stomachs,anglerfish-males-fuse-to-females,sea-turtles-lay-eggs-on-land,penguins-fathers-incubate,mangroves-salt-filter,octopus-mothers-stop-eating",parental-care,
seahorses-no-stomachs,ocean-life,Seahorses,"Seahorses Have No Stomach, So They Can Never Stop Eating","Unlike most animals, seahorses don't have a true stomach — just a simple digestive tube. Food passes through so quickly that they can't store nutrients for long. As a result, seahorses have to eat almost constantly to get enough energy. This odd digestion shapes nearly everything they do. It's why these tiny fish spend so much of their lives hunting for food.","With no stomach to store food, a seahorse must hunt almost nonstop just to survive.","ocean-life,seahorses,digestion,biology",35,false,"seahorses-male-give-birth,sea-stars-external-digestion,kelp-forests-storms-tear-apart,brachiosaurus-treetop-browser,tigers-eighty-pound-meal,hibernation-slowed-body","food-and-cuisine,self-sacrifice,energy-and-power",
sea-turtles-lay-eggs-on-land,ocean-life,Sea Turtles,A Sea Turtle's Sex Depends on the Sand,"A sea turtle isn't born male or female because of its genes — the temperature of the sand decides. Warmer nests produce mostly females, cooler nests mostly males. Scientists sum it up as 'hot chicks, cool dudes.' It means a single beach can tilt toward one sex, and as the planet warms, some nesting sites are now producing almost entirely females. The sand shapes the turtle's future.","Warm sand makes females, cool sand makes males — and warming beaches are skewing the odds.","ocean-life,sea-turtles,temperature,reproduction",35,false,"sea-stars-external-digestion,seahorses-male-give-birth,uranus-coldest-planet,anglerfish-males-fuse-to-females,sharks-older-than-dinosaurs",stars-and-cosmos,
sea-stars-regrow-bodies,ocean-life,Sea Stars,Sea Stars Can Regrow Entire Bodies,"Sea stars are famous for regrowing lost arms, but some can do something even wilder. In certain species, a piece of a cut-off arm — as long as it includes part of the central disc — can grow into a whole new animal. This helps them recover from injuries and survive predator attacks. Scientists still study how it works. In a way, the lost arm doesn't just heal — it becomes a second sea star.",A single severed arm can grow into a whole new animal.,"ocean-life,sea-stars,regeneration,biology",46,false,"sea-stars-external-digestion,seahorses-no-stomachs,kelp-forests-storms-tear-apart,axolotls-regrow-leg,sea-turtles-lay-eggs-on-land","stars-and-cosmos,lost-and-rediscovered,counterintuitive-scale",
sea-stars-external-digestion,ocean-life,Sea Stars,Sea Stars Can Push Their Stomachs Outside Their Bodies,"Sea stars have one of the weirdest ways of eating in the animal kingdom. Using hundreds of tiny tube feet, they pry open shellfish like clams and oysters. Then they push their stomach out through their mouth and into the prey's shell, digesting the meal outside their own body. Once it's broken down, the stomach pulls back inside. This strange trick lets them eat food they otherwise couldn't reach.",They digest a clam by pushing their stomach into its shell.,"ocean-life,sea-stars,digestion,feeding",36,false,"sea-stars-regrow-bodies,seahorses-no-stomachs,sea-otters-snack-pockets,platypus-chews-with-gravel,brachiosaurus-treetop-browser,sea-turtles-lay-eggs-on-land","food-and-cuisine,stars-and-cosmos",
anglerfish-built-in-fishing-rod,ocean-life,Anglerfish,Female Anglerfish Carry a Built-In Fishing Rod,"An anglerfish doesn't chase prey like most other fish. The female has a piece of dorsal spine that juts out above her mouth like a fishing pole. Its tip holds a lure of glowing flesh that baits prey in close. Once another animal gets near enough, the anglerfish snatches it with a huge mouth full of sharp, translucent teeth.",A female anglerfish hunts with a glowing lure attached to her own body.,"ocean-life,anglerfish,deep-sea,bioluminescence,predators",48,false,"anglerfish-swallow-twice-size,anglerfish-males-fuse-to-females,bioluminescence-most-deep-sea-animals-glow,fireflies-bioluminescence,bioluminescence-shrimp-spit-light,giant-squid-sperm-whale-scars","bioluminescence-and-glow,human-body-quirks,deep-sea-and-abyss",
anglerfish-swallow-twice-size,ocean-life,Anglerfish,An Anglerfish's Body Stretches to Swallow Animals Twice Its Own Size,"Anglerfish look strange for a reason. They have enormous crescent-shaped mouths and remarkably pliable bodies. That lets them swallow prey up to twice their own size. In the deep sea, where meals can be rare, this flexibility matters. If food finally drifts close, the anglerfish is built to take full advantage of it.",Its jaw and body are so pliable it can devour prey bigger than itself in one gulp.,"ocean-life,anglerfish,deep-sea,predators,adaptation",45,false,"anglerfish-males-fuse-to-females,anglerfish-built-in-fishing-rod,giant-squid-dinner-plate-eyes,giant-squid-sperm-whale-scars,sea-otters-snack-pockets","deep-sea-and-abyss,counterintuitive-scale,food-and-cuisine",
anglerfish-males-fuse-to-females,ocean-life,Anglerfish,Male Anglerfish Fuse to Females,"Male anglerfish are far smaller than females and live very different lives. When a young male finds a female, he bites onto her with sharp teeth. Over time, he physically fuses with her, connecting to her skin and bloodstream. He loses his eyes and internal organs except the testes, becoming a permanent, parasitic mate.",Some male anglerfish survive by becoming attached to a female's body.,"ocean-life,anglerfish,reproduction,deep-sea,adaptation",48,false,"anglerfish-swallow-twice-size,anglerfish-built-in-fishing-rod,giant-squid-dinner-plate-eyes,dinosaur-eggs-all-dinosaurs-hatched,penguins-fathers-incubate,deep-sea-deeper-than-everest","human-body-quirks,counterintuitive-scale,deep-sea-and-abyss",
giant-squid-dinner-plate-eyes,ocean-life,Giant Squid,Giant Squid Have Dinner-Plate Eyes,"Giant squid have some of the most dramatic eyes in the animal kingdom. Each eye can be about 1 foot, or 30 centimeters, across — roughly the size of a dinner plate. Those enormous eyes help gather more light in the dark ocean, letting the squid glimpse glowing prey or spot predators lurking nearby.",A giant squid's eyes can be about the size of dinner plates.,"ocean-life,giant-squid,deep-sea,eyes,adaptation",42,false,"giant-squid-sperm-whale-scars,anglerfish-swallow-twice-size,anglerfish-males-fuse-to-females,blind-spots-optic-nerve,chameleons-two-way-eyes,bioluminescence-most-deep-sea-animals-glow","bioluminescence-and-glow,counterintuitive-scale,deep-sea-and-abyss",
giant-squid-sperm-whale-scars,ocean-life,Giant Squid,Sperm Whales Carry Giant Squid Battle Scars,"Giant squid are huge, but they still have dangerous predators. Giant squid beaks have been found in the stomachs of sperm whales. Beach-stranded sperm whales have also turned up with sucker marks on their skin. Those circular scars are big enough that only a giant squid could have made them, hinting at deep-sea battles people almost never witness.",Sperm whale skin can carry round scars from battles with giant squid.,"ocean-life,giant-squid,sperm-whales,deep-sea,predators",48,false,"giant-squid-dinner-plate-eyes,anglerfish-built-in-fishing-rod,anglerfish-swallow-twice-size,mantis-shrimp-bullet-fast-punch,bioluminescence-most-deep-sea-animals-glow,jellyfish-long-tentacles","human-body-quirks,deep-sea-and-abyss,war-and-conflict",
kelp-forests-grow-18-inches-day,ocean-life,Kelp Forests,This Seaweed Can Grow a Foot and a Half in a Single Day,"Kelp forests can grow at a surprising pace when conditions are right. Giant kelp can shoot up as much as 18 inches in a single day. That rapid growth lets kelp canopies tower above the seafloor, more like underwater trees than ordinary seaweed. In cool, nutrient-rich water, these algae can quickly build dense habitats that look and function like forests under the sea.",Giant kelp shoots up so fast it builds towering underwater canopies almost overnight.,"ocean-life,kelp-forests,giant-kelp,algae,ocean-habitats",48,false,"kelp-forests-storms-tear-apart,deep-sea-underwater-lakes,deep-sea-deeper-than-everest,sloths-algae-camouflage,sea-otters-snack-pockets","hidden-underground,plants-and-botany,deep-sea-and-abyss,psychology-and-behavior",
kelp-forests-storms-tear-apart,ocean-life,Kelp Forests,This 'Forest' Taller Than a 10-Story Building Isn't Even a Plant,"A kelp forest looks like an underwater woodland, but kelp isn't a plant at all. It's a giant algae, with no true roots, leaves, or flowers. Instead of roots, it grips rock with a claw-like anchor called a holdfast and drinks nutrients straight from the seawater. Some kelp grows taller than a ten-story building. One of the ocean's great forests is built by something closer to pond scum than a tree.","Kelp has no roots, leaves, or flowers — it's algae that grips rock and grows taller than a ten-story building.","ocean-life,kelp,algae,biology",45,false,"kelp-forests-grow-18-inches-day,deep-sea-underwater-lakes,seahorses-no-stomachs,sloths-algae-camouflage,swimming-thousands-of-years","plants-and-botany,camouflage-and-mimicry,hidden-underground,deep-sea-and-abyss",
orcas-are-dolphins,ocean-life,Orcas,Orcas Are Actually Dolphins,"Orcas are often called killer whales, but they're actually the largest member of the dolphin family. That family includes all dolphin species plus larger animals like pilot whales, whose common names also use the word ""whale."" Orcas can still reach huge sizes — up to 32 feet long and 11 tons. So the ocean's top predator is technically a very large dolphin.",The animal called a killer whale is really the biggest member of the dolphin family.,"ocean-life,orcas,killer-whales,dolphins,marine-mammals",48,false,"orcas-menopause,jellyfish-long-tentacles,whales-largest-animal-ever,dolphins-signature-whistle,sharks-older-than-dinosaurs","record-extremes,flight-and-aviation",
orcas-menopause,ocean-life,Orcas,Female Orcas Can Live 40 Years After They're Done Having Kids,"Orcas share a rare life-history trait with humans. Killer whales, beluga whales, narwhals, short-finned pilot whales, and humans are the only known species that go through menopause. Female orcas usually live about 50 years in the wild, but can reach at least 90. That gives older females many years of life after they stop reproducing.","Orcas are one of the only known species with menopause — females can live to 90, decades past their last calf.","ocean-life,orcas,killer-whales,menopause,marine-mammals",48,false,"orcas-are-dolphins,sea-otters-snack-pockets,sea-otters-densest-fur,anglerfish-males-fuse-to-females,seahorses-male-give-birth",flight-and-aviation,
sea-otters-densest-fur,ocean-life,Sea Otters,Sea Otters Have the World's Densest Fur,"Unlike many marine mammals, sea otters don't have a thick layer of blubber to stay warm. Instead, they rely on the densest fur in the world. At its thickest, their two-layer coat packs more than a million hairs per square inch. For comparison, a person probably has 100,000 hairs or fewer on their entire head.",A sea otter can have more hairs in one square inch of fur than you have on your head.,"ocean-life,sea-otters,fur,marine-mammals,adaptation",48,false,"sea-otters-snack-pockets,orcas-are-dolphins,orcas-menopause,anglerfish-swallow-twice-size,anglerfish-males-fuse-to-females",,
sea-otters-snack-pockets,ocean-life,Sea Otters,Sea Otters Have Built-In Snack Pockets,"Sea otters can carry food while keeping their paws free. Their coat has pockets made from loose skin under each forearm. During a dive, an otter can stash prey in those folds and keep hunting for more. It's a simple trick that turns their body into a built-in storage pouch for underwater snacks.",Loose skin under a sea otter's arms works like pockets for food gathered during dives.,"ocean-life,sea-otters,feeding,adaptation,marine-mammals",45,false,"sea-otters-densest-fur,anglerfish-swallow-twice-size,anglerfish-males-fuse-to-females,platypus-chews-with-gravel,sea-stars-external-digestion","human-body-quirks,deep-sea-and-abyss,food-and-cuisine",
heart-center-of-network,human-body,Heart,Your Blood Vessels Could Circle the Earth Twice,"Your heart powers an astonishing network of arteries, veins, and microscopic capillaries threading through every part of you. Laid end to end, all those blood vessels would stretch about 60,000 miles — enough to wrap around the Earth roughly two and a half times. Most are finer than a hair. This hidden plumbing runs nonstop, your whole life, without a single break.","Stretched out, your blood vessels would wrap around the planet about two and a half times.","human-body,heart,blood-vessels,circulation",35,false,"heart-one-way-valves,blood-color-changes-with-oxygen,lungs-oxygen-enters-blood,mammalian-dive-reflex-cold-water-slows-heart,taste-buds-on-fish-fins","human-body-quirks,stars-and-cosmos,energy-and-power,counterintuitive-scale",
heart-one-way-valves,human-body,Heart,Your Heart Almost Never Gets Cancer,"Cancer can strike almost anywhere in the body — but the heart is a strange exception. Tumors there are extremely rare. The reason is that heart muscle cells mostly stop dividing once you're grown, and cancer usually begins when dividing cells make mistakes. With little cell division happening, there's little chance for tumors to form. One of your most vital organs is also one of the safest.","Tumors in the heart are extremely rare — its muscle cells stop dividing, so cancer can't take hold.","human-body,heart,cancer,cells",34,false,"heart-center-of-network,skin-largest-organ,taste-buds-on-fish-fins,mammalian-dive-reflex-cold-water-slows-heart,lungs-oxygen-enters-blood,gut-microbiome-unique-network",human-body-quirks,
skeletal-system-206-bones,human-body,Skeletal System,You Were Born With About 100 More Bones Than You Have Now,"Babies arrive with around 300 bones, but adults have only 206. The missing ones didn't disappear — they fused together. A newborn's skeleton has many separate, soft pieces that make birth and fast growth easier. As a child grows, those pieces gradually knit into single, larger bones. By adulthood, dozens have merged. You literally have fewer bones now than you did as a baby.","Babies have about 300 bones; as you grow, dozens fuse together down to just 206.","human-body,bones,skeleton,growth",34,false,"skeletal-system-cartilage-shock-absorber,skin-largest-organ,lungs-oxygen-enters-blood,paris-catacombs-public-visits,taste-buds-on-fish-fins","human-body-quirks,lost-and-rediscovered",
skeletal-system-cartilage-shock-absorber,human-body,Skeletal System,"Ounce for Ounce, Your Bones Are Stronger Than Steel","Bone feels lightweight, but it's astonishingly tough. Pound for pound, healthy bone can handle more stress than steel — a matchbox-sized block could support several tons without crushing. It manages this while staying light enough to move, because it isn't solid but laced with a strong honeycomb structure inside. Your skeleton is a feat of engineering you carry around every day.",A matchbox-sized piece of bone can bear several tons — stronger by weight than steel.,"human-body,bones,strength,skeleton",35,false,"skeletal-system-206-bones,taste-buds-on-fish-fins,heart-one-way-valves,paris-catacombs-public-visits,bamboo-giant-grass","human-body-quirks,self-organizing-patterns,architecture-and-structures",
blood-color-changes-with-oxygen,human-body,Blood,"Your Blood Is Never Blue, Not Even in Your Veins","Blood is always red, but the shade depends on how much oxygen it's carrying. Oxygen-rich blood leaving the heart is bright red, while blood heading back to the heart has less oxygen and looks darker. Despite the myth, blood in your veins is never blue. Veins only look blue because of how light passes through your skin. The color shift shows blood doing its oxygen-carrying job.",Your blood is never actually blue — even in your veins.,"human-body,blood,oxygen,circulation",35,false,"heart-center-of-network,taste-buds-thousands-on-tongue,aurora-other-planets,red-opposite-green,heart-one-way-valves,rainforests-climate-regulators","human-body-quirks,myth-vs-reality,color-and-light",
eyes-two-eyes-3d-vision,human-body,Eyes,Each of Your Eyes Has a Hole in Its Vision,"Every eye has a blind spot — a small patch where the optic nerve plugs into the retina and no light is detected. You never notice it because your brain quietly fills the gap, painting in whatever it expects to be there. Cover one eye, stare just right, and you can make a dot vanish into the hole. Your seamless view of the world is partly invented.",Your brain constantly paints over a blind hole in each eye so you never notice it.,"human-body,eyes,vision,brain",35,false,"eyes-retina-part-of-brain,taste-buds-on-fish-fins,heart-one-way-valves,perception-brain-fills-gaps,blind-spots-optic-nerve,depth-perception-motion-parallax","perception-and-brain,human-body-quirks,invention-and-breakthrough",
eyes-retina-part-of-brain,human-body,Eyes,Part of Your Brain Is Sitting Inside Your Eyeball Right Now,"Part of your brain is inside your eye right now, literally. The retina grows from the same tissue as the brain during development and stays directly wired to it through the optic nerve. That's why brain disorders can also strike your vision, and why doctors call the eye a window into the brain. You've been carrying a piece of your brain in your eye socket your entire life.","The retina isn't just linked to your brain, it IS brain tissue, grown from the same cells and wired straight into your skull.","human-body,eyes,retina,brain",35,false,"eyes-two-eyes-3d-vision,heart-one-way-valves,taste-buds-on-fish-fins,rem-sleep-night-cycles,deja-vu-brain-misfire,circadian-rhythm-melatonin","human-body-quirks,perception-and-brain",
lungs-oxygen-enters-blood,human-body,Lungs,"One of Your Lungs Is Missing an Entire Lobe, Permanently","Your two lungs aren't a matching pair, one of them is missing an entire lobe. The left has only two lobes while the right has three, because the left permanently gave up space for your heart, which sits slightly to that side. Your body shrank one organ for good, just to fit another beside it.","Your left lung has one fewer lobe than your right, sacrificed for life just to make room for your heart.","human-body,lungs,heart,anatomy",34,false,"heart-one-way-valves,heart-center-of-network,giraffes-tallest-land-animal,whales-largest-animal-ever,skeletal-system-206-bones,skin-largest-organ","human-body-quirks,self-sacrifice,lost-and-rediscovered",
skin-melanin-protects-dna,human-body,Skin,Your Tan Is Skin Cells Racing to Stop Their Own DNA From Being Destroyed,"When strong sunlight hits your skin, cells called melanocytes scramble to pump out a pigment called melanin, racing to block ultraviolet rays before they reach the DNA underneath. That defensive flood of pigment is what darkens your skin, so the tan you see is really a sign your cells fought off radiation damage. Every tan is a record of an attack your skin survived.","A tan isn't a glow, it's your skin cells flooding themselves with pigment to block radiation before it shreds their DNA.","human-body,skin,melanin,dna",35,false,"skin-largest-organ,blood-color-changes-with-oxygen,heart-one-way-valves,polymers-giant-monomer-chains,yeti-himalayan-snowline","human-body-quirks,color-and-light,bioluminescence-and-glow,machines-and-mechanisms",
skin-largest-organ,human-body,Skin,Much of Household Dust Is Dead Skin,"Your skin never stops replacing itself. You shed millions of dead skin cells every day — tens of thousands every minute — and they don't simply vanish. A real share of the gray dust settling on your shelves and floors is old skin flakes from you and the people you live with. By the time you finish reading this, you've already lost thousands. Home is partly built from yesterday's you.",You shed millions of skin cells a day — and a real share of household dust is old you.,"human-body,skin,cells,dust",35,false,"skin-melanin-protects-dna,heart-one-way-valves,skeletal-system-206-bones,taste-buds-on-fish-fins,lungs-oxygen-enters-blood","human-body-quirks,lost-and-rediscovered",
taste-buds-thousands-on-tongue,human-body,Taste Buds,The 'Tongue Map' You Learned Is a Myth,"You may have been taught that the tongue has zones — sweet at the tip, bitter at the back, sour on the sides. It isn't true. That famous 'tongue map' came from a misread study over a century ago. In reality, every part of your tongue can sense every basic taste. The next time something tastes sweet, your whole tongue is in on it.","Sweet at the tip, bitter at the back? That tongue map is a century-old mistake.","human-body,taste,tongue,myth",42,false,"taste-buds-on-fish-fins,blood-color-changes-with-oxygen,heart-center-of-network,dragons-east-west-difference,apollo13-failure-not-option-myth,espresso-crema-traps-aroma",myth-vs-reality,
taste-buds-on-fish-fins,human-body,Taste Buds,"Catfish Taste With Their Entire Skin, Not Just a Mouth","Taste buds aren't just a tongue thing. A catfish's lips, flanks, and whisker-like barbels are covered in taste buds, letting it taste everything around it before anything ever touches its mouth. For an animal built like that, tasting isn't confined to one spot, its entire body works like a tongue, all the time.","A catfish's lips, fins, and whisker-like barbels are covered in taste buds, tasting the water before anything reaches its mouth.","human-body,taste-buds,fish,senses,animals",45,false,"taste-buds-thousands-on-tongue,heart-one-way-valves,skin-largest-organ,sharks-electroreceptors,gut-microbiome-unique-network",human-body-quirks,
gut-microbiome-unique-network,human-body,Gut Microbiome,You're Only About Half Human,"Your body is home to trillions of bacteria, and there are roughly as many of them as there are human cells in you — by some counts, even more. They live mostly in your gut, helping digest food and train your immune system. So in terms of raw cell count, you're about half 'you' and half microbe. You're less a single creature than a walking ecosystem.","Cell for cell, you're roughly half human and half microbe — a walking ecosystem.","human-body,microbiome,bacteria,gut",50,false,"heart-one-way-valves,taste-buds-on-fish-fins,brachiosaurus-treetop-browser,handshakes-quaker-greeting,skin-largest-organ","human-body-quirks,food-and-cuisine",
memory-fading-helps-time,psychology,Memory,A Brain Surgery Left One Man Unable to Form New Memories,"In 1953, surgeons removed a seahorse-shaped part of the brain called the hippocampus from a man to stop his seizures. It worked, but he could never form a new lasting memory again. Known for decades only as H.M., he would forget a visitor minutes after they left the room. Strangely, he could still master new skills, like tracing shapes in a mirror, with no memory of ever practicing. His case revealed that the brain builds different kinds of memory in different places.","After surgeons removed part of his brain in 1953, a patient known only as H.M. spent the rest of his life unable to remember anything new.","memory,hippocampus,brain,neuroscience,amnesia",60,false,"deja-vu-brain-misfire,sleep-half-brain-awake,personal-space-invisible-bubble,brands-shape-perception,perception-brain-fills-gaps,optical-illusions-mirror-therapy","medicine-and-cures,psychology-and-behavior",
attention-cannot-focus-everything,psychology,Attention,Half of People Miss a Gorilla in Plain Sight,"In a famous experiment, viewers were asked to count how many times players passed a basketball. Midway through, a person in a gorilla suit strolled into the scene, thumped their chest, and walked off. About half the viewers never saw it. Focused on counting, their brains simply edited the gorilla out. Concentrate hard on one thing and you can go blind to almost everything else.","Told to count passes, about half of viewers never noticed a gorilla stroll through the scene.","psychology,attention,perception,awareness",35,false,"perception-brain-fills-gaps,deja-vu-brain-misfire,brands-shape-perception,afterimages-one-eye,sleep-half-brain-awake","perception-and-brain,animal-intelligence,games-and-play,psychology-and-behavior",
decision-making-environment-shapes,psychology,Decision Making,One Checkbox Decides Who Donates Organs,"In countries where you're an organ donor unless you opt out, donor rates run around 90%. In otherwise similar countries where you must opt in, rates can sit near 15%. Same people, same generosity — the only real difference is which box is checked by default. Most of us just go with whatever's already selected. A single default quietly shapes millions of life-or-death decisions.",Opt-out countries hit ~90% organ donors; opt-in ones ~15% — from one default checkbox.,"psychology,decisions,defaults,behavior",35,false,"sleep-half-brain-awake,memory-fading-helps-time,giraffes-spread-legs-drink,sleepwalking-childhood-common,deja-vu-brain-misfire","psychology-and-behavior,human-body-quirks",
motivation-money-association,psychology,Motivation,Paying Kids to Draw Made Them Enjoy It Less,"Rewards don't always boost motivation; sometimes they backfire. In a well-known experiment, psychologists watched preschoolers who already loved to draw. Some were promised a shiny certificate for drawing, while others were promised nothing. Afterward, the children who had drawn for the reward spent far less of their free time drawing than the ones who hadn't. Once the activity became about the prize, the simple joy of it faded. Psychologists call it the overjustification effect: an outside reward can crowd out the pleasure inside.","In a classic experiment, children promised a reward for drawing lost interest in it afterward, showing a reward can quietly kill the fun.","motivation,rewards,intrinsic-motivation,overjustification,psychology",58,false,"optical-illusions-mirror-therapy,sleep-half-brain-awake,perception-brain-fills-gaps,decision-making-environment-shapes,memory-fading-helps-time","psychology-and-behavior,collective-behavior,lost-and-rediscovered",
perception-brain-fills-gaps,psychology,Perception,You're Hallucinating Part of What You're Seeing Right Now,"You don't see the world so much as your brain's best guess of it. When information is missing, a face half in shadow, a word with a smudged letter, an object partly hidden, your brain quietly fills in the gaps with what it expects to be there. It happens instantly and invisibly, which is how you recognize things in a blink. The downside: a lot of what you're 'seeing' at any moment is actually being invented on the spot.","Your brain doesn't show you the real world -- when information is missing, like a face in shadow or a smudged word, it instantly invents the gap, so part of what you're 'seeing' this second is being made up.","psychology,perception,brain,vision",35,false,"deja-vu-brain-misfire,sleep-half-brain-awake,eyes-two-eyes-3d-vision,brands-shape-perception,optical-illusions-mirror-therapy,memory-fading-helps-time","perception-and-brain,lost-and-rediscovered,invention-and-breakthrough,psychology-and-behavior",
sleep-half-brain-awake,psychology,Sleep,Some Animals Sleep With Half Their Brain Awake,"Dolphins can sleep with just one half of their brain at a time, while the other half stays alert. The awake side keeps the animal swimming, breathing, and watching for danger, visibly, with one eye open, while the resting side shows the slow brain waves of actual sleep. Every few hours, the two halves swap roles, so a dolphin never fully loses consciousness of its surroundings, even in the middle of the ocean. Sleep, it turns out, doesn't have to be all or nothing.","A dolphin can sleep with one eye open, half its brain, while the other half keeps watch.","psychology,sleep,animals,brain",35,false,"perception-brain-fills-gaps,deja-vu-brain-misfire,sleepwalking-childhood-common,personal-space-invisible-bubble,memory-fading-helps-time,chameleons-two-way-eyes",psychology-and-behavior,
optical-illusions-mirror-therapy,psychology,Optical Illusions,Amputees Feel Pain in a Limb That No Longer Exists -- a Mirror Can Trick It Away,"Optical illusions can be more than fun visual tricks. In mirror therapy for phantom limb pain, a patient places an existing limb beside a mirror. The reflection can make the brain perceive the missing limb as if it has returned. Even though the person knows it's an illusion, the brain can respond — and pain may ease after repeated sessions.","People who lose a limb can still feel real, agonizing pain in it. Doctors found a strange fix: a mirror that fools the brain into 'seeing' the missing limb again, which can ease the pain after repeated sessions.","psychology,optical-illusion,phantom-limb,mirror-therapy,brain",50,false,"perception-brain-fills-gaps,sleep-half-brain-awake,columns-support-and-symbol,crossed-arms-not-always-defensive,memory-fading-helps-time","optical-illusion,lost-and-rediscovered,psychology-and-behavior",
deja-vu-brain-misfire,psychology,Déjà Vu,Your Brain Can Trick You Into 'Remembering' a Moment You've Never Lived,"Déjà vu may happen when memory and new experience get tangled. It can come from faulty connections between the brain areas involved in recalling memories and sensing familiarity. The temporal lobe helps with memories, while the hippocampus helps take in new information. When those systems miscommunicate, a brand-new moment can suddenly feel like an old one.",That eerie déjà vu feeling may come from a literal brain misfire -- faulty crosstalk between the brain's memory and familiarity systems that makes a brand-new moment suddenly feel like an old one.,"psychology,deja-vu,memory,hippocampus,brain",48,false,"memory-fading-helps-time,perception-brain-fills-gaps,personal-space-invisible-bubble,eyes-retina-part-of-brain,sleep-half-brain-awake,attention-cannot-focus-everything","psychology-and-behavior,perception-and-brain",
honey-egyptian-mummies,food,Honey,"Honey Found in Egyptian Tombs Is Still Edible After 3,000 Years","Honey may be the only food that never truly spoils. Archaeologists exploring ancient Egyptian tombs have found pots of honey sealed for more than 3,000 years, still preserved and even edible. The secret is chemistry: honey holds almost no water, is naturally acidic, and makes tiny amounts of hydrogen peroxide from an enzyme that bees add. Together those defenses make it nearly impossible for bacteria or mold to grow. Stored dry and sealed, a jar of honey can outlast entire civilizations.","Sealed in tombs for over 3,000 years, ancient Egyptian honey never spoiled; honey is one of the only foods that essentially lasts forever.","honey,food-preservation,ancient-egypt,chemistry",58,false,"bread-used-as-plates,salt-only-rock-we-eat,potatoes-poisonous-berries,popcorn-thousands-years-old,pasta-vermicelli-little-worms",food-and-cuisine,
bread-used-as-plates,food,Bread,Bread Was Once Used as Plates,"In medieval Europe, thick slices of stale bread called “trenchers” were used as plates. People put their food right on top during a meal. Afterward, the bread could be eaten or given to the poor. These edible plates cut down on waste and worked well. Long before disposable dishes, people literally ate their tableware.","In medieval times, you could eat your plate.","food,bread,history,medieval",35,false,"salt-only-rock-we-eat,honey-egyptian-mummies,castles-not-palaces,potatoes-poisonous-berries,popcorn-thousands-years-old",food-and-cuisine,
salt-only-rock-we-eat,food,Salt,Salt Is the Only Rock Humans Commonly Eat,"Table salt isn't like other foods on your plate — it's actually a mineral. Its real name is sodium chloride, and in nature it forms an actual rock called halite, the same stuff geologists dig out of the ground. That makes salt the only rock people eat regularly, sprinkled straight onto dinner. We've needed it for thousands of years, and few foods that look this ordinary have shaped human history quite as much.",It's a mineral you sprinkle on dinner — and the only rock people eat on purpose.,"food,salt,minerals,chemistry",35,false,"bread-used-as-plates,honey-egyptian-mummies,chemical-elements-compounds-transform-properties,turkish-coffee-salty-groom,potatoes-poisonous-berries",food-and-cuisine,
pasta-vermicelli-little-worms,food,Pasta,Vermicelli Means 'Little Worms',"One of the oldest pasta names is vermicelli, which means “little worms” in Italian. The name just describes the noodle's thin, wriggly shape. It sounds odd today, but it was simply a plain description. Naming traditions like this produced hundreds of pasta varieties. Pasta names often tell you exactly what a noodle looks like.","Yes, you've happily eaten 'little worms.'","food,pasta,vermicelli,language",35,false,"salt-only-rock-we-eat,bread-used-as-plates,check-mark-yes-symbol,myths-culture-validation,honey-egyptian-mummies,latte-popular-espresso-drink","food-and-cuisine,record-extremes,origins-and-naming,music-and-sound",
popcorn-thousands-years-old,food,Popcorn,Popcorn Was Worn in People's Hair Before It Hit the Movies,"Popcorn is thousands of years older than the movie theater. Kernels found in Peru and Utah are around a thousand years old, and popcorn is native to the Western Hemisphere. When Europeans arrived, they described Indigenous people toasting it for food, using it in religious ceremonies, and wearing it as hair decoration. So before it ever came in a paper bag, popcorn was food, ritual, and jewelry all at once.","Long before theaters, it was ceremony food — and something you wore.","food,popcorn,history,indigenous-cultures",50,false,"salt-only-rock-we-eat,honey-egyptian-mummies,bread-used-as-plates,potatoes-poisonous-berries,pasta-vermicelli-little-worms","luck-ritual-superstition,storytelling-and-narrative,food-and-cuisine",
potatoes-poisonous-berries,food,Potatoes,The Potato Plant You Eat Also Grows Poison Berries,"The potato plant can produce something that looks nothing like the potato in your kitchen. Its flowers may develop into a small, poisonous berry packed with seeds. The edible part is the underground tuber, not that fruit. So the same plant can give people a major food crop below ground while growing unsafe berries above it.","Above ground, the same plant that feeds the world produces small berries that are toxic to eat.","food,potatoes,berries,plants,nightshade",42,false,"salt-only-rock-we-eat,bread-used-as-plates,bamboo-fast-growth,caffeine-naturally-bitter,honey-egyptian-mummies","plants-and-botany,food-and-cuisine,hidden-underground",
caffeine-naturally-bitter,coffee,Caffeine,Caffeine Is a Natural Pesticide,"Coffee plants don't make caffeine to wake you up — they make it as a weapon. The bitter chemical is a natural pest killer, paralyzing and killing insects that try to eat the plant's leaves and seeds. Some plants even lace their nectar with a tiny dose, which seems to keep pollinators coming back for more. The buzz in your morning cup began as bug poison.",The jolt in your morning cup evolved as a poison to paralyze and kill hungry insects.,"coffee,caffeine,plants,science",42,false,"espresso-crema-traps-aroma,coffee-roasting-dark-not-more-caffeine,monasteries-spiritual-discipline,bamboo-fast-growth,decaf-caffeine-reused,potatoes-poisonous-berries","plants-and-botany,materials-and-chemistry,coffee-and-tea,war-and-conflict",
coffee-plant-arabica-delicate,coffee,Coffee Plant,The World's Priciest Coffee Is Made From Animal Poop,"Kopi luwak is among the most expensive coffees on Earth, and making it is not for the squeamish. A cat-like animal called the civet eats ripe coffee cherries, and the beans pass through its digestive system. Collectors gather the beans from its droppings, clean and roast them, and sell them for eye-watering prices. People pay a fortune for coffee that's been pooped out.",One of the costliest coffees on Earth is collected from the droppings of a cat-like animal.,"coffee,kopi-luwak,beans,unusual",48,false,"latte-popular-espresso-drink,coffee-roasting-dark-not-more-caffeine,turkish-coffee-salty-groom,espresso-crema-traps-aroma,caffeine-naturally-bitter","coffee-and-tea,money-trade-and-value,food-and-cuisine",
espresso-crema-traps-aroma,coffee,Espresso,A Shot of Espresso Has Less Caffeine Than Drip Coffee,"Espresso tastes intense, so it feels like a caffeine bomb. But a single shot usually contains less caffeine than a regular cup of drip coffee. The catch is serving size: espresso is concentrated into about an ounce, while a mug of drip is eight ounces or more. Drink several espressos and it adds up — but shot for cup, drip often wins.","Espresso tastes stronger, but a single shot usually has less caffeine than a mug of drip.","coffee,espresso,caffeine,myth",45,false,"coffee-roasting-dark-not-more-caffeine,caffeine-naturally-bitter,taste-buds-thousands-on-tongue,apollo13-failure-not-option-myth,decaf-caffeine-reused,latte-popular-espresso-drink","coffee-and-tea,materials-and-chemistry,myth-vs-reality",
coffee-roasting-dark-not-more-caffeine,coffee,Coffee Roasting,Light Roast Coffee Has More Caffeine Than Dark,"It feels backwards, but the bold, smoky taste of a dark roast doesn't mean more caffeine — light roasts actually carry a little more. Roasting deepens flavor, but it doesn't add caffeine, and very long roasts can even cook a bit of it off. Dark roasts also look oily because the heat pushes the beans' natural oils to the surface. The strongest-tasting cup isn't the strongest hit.","The bold, smoky cup you think is strongest actually carries slightly less.","coffee,caffeine,roasting,myth",55,false,"espresso-crema-traps-aroma,caffeine-naturally-bitter,taste-buds-thousands-on-tongue,apollo13-failure-not-option-myth,decaf-caffeine-reused,coffee-plant-arabica-delicate","coffee-and-tea,materials-and-chemistry,myth-vs-reality,food-and-cuisine",
decaf-caffeine-reused,coffee,Decaf Coffee,The Caffeine Stripped From Decaf Is Sold to Soda and Drug Makers,"Making decaf doesn't destroy the caffeine; it just relocates it. During decaffeination, the caffeine is rinsed out of the beans and then purified into pure white crystals. Instead of throwing that away, producers sell it. Beverage and drug companies buy up extracted caffeine to add to their own products, so the jolt removed from your decaf can be reborn in a can of soda or a headache pill. The stimulant you paid to avoid may end up energizing someone else.","The caffeine removed to make your decaf doesn't vanish; it's purified and sold, sometimes ending up in a soft drink or a headache pill.","coffee,decaf-coffee,caffeine,decaffeination,beverages",58,false,"espresso-crema-traps-aroma,coffee-roasting-dark-not-more-caffeine,caffeine-naturally-bitter,latte-popular-espresso-drink,coffee-plant-arabica-delicate","coffee-and-tea,materials-and-chemistry,medicine-and-cures,self-organizing-patterns",
latte-popular-espresso-drink,coffee,Latte,Order a 'Latte' in Italy and You Get a Glass of Milk,"In Italian, 'latte' simply means milk. So if you walk into a cafe in Italy and ask for a latte, you may be handed a plain glass of milk. The coffee drink Americans love is properly a 'caffe latte' — coffee with milk. The word made the leap into English but left half its meaning behind. Order carefully on your next trip to Rome.",In Italian 'latte' just means milk — so that's exactly what you might be served.,"coffee,latte,italy,language",50,false,"coffee-plant-arabica-delicate,turkish-coffee-salty-groom,pasta-vermicelli-little-worms,coffee-roasting-dark-not-more-caffeine,espresso-crema-traps-aroma","coffee-and-tea,food-and-cuisine",
turkish-coffee-salty-groom,coffee,Turkish Coffee,Some Grooms Drink Salty Coffee as a Test,"Turkish coffee plays a role in wedding rituals. When a groom's family visits the bride's house, the bride is expected to prepare the coffee herself. In the past, if she liked the groom-to-be, she made it sweet; if not, she put salt in it. Today, some brides still serve salty coffee to see whether the groom will drink it as a sign of love.",A salty cup of coffee can become part of a Turkish wedding ritual.,"coffee,turkish-coffee,wedding-rituals,salt,culture",50,false,"latte-popular-espresso-drink,coffee-plant-arabica-delicate,salt-only-rock-we-eat,friday-13-country-variations,coffee-roasting-dark-not-more-caffeine,chemical-elements-compounds-transform-properties","luck-ritual-superstition,food-and-cuisine,coffee-and-tea",
internet-arpanet-first-connection,technology,Internet,The First Internet Message Was 'Lo',"The internet's very first message, sent in 1969, was meant to be 'login.' A student at UCLA started typing it to a computer at Stanford, but the system crashed after just two letters. So the first thing ever sent across the network was simply 'lo.' Fittingly clumsy for a technology that would one day connect the planet. They rebooted and tried again about an hour later.",The internet's first transmission was meant to be 'login' — it crashed after two letters.,"technology,internet,arpanet,history",45,false,"world-wide-web-cern-1989,wi-fi-signals-bounce,internet-commercial-expansion,internet-communities-closed-systems,apollo-guidance-computer-rope-memory,advertising-modern-printing","computing-and-web,stars-and-cosmos,internet-and-virality,world-first",
world-wide-web-cern-1989,technology,World Wide Web,The Man Who Invented the Web Could Have Owned It — He Gave It Away Instead,"When Tim Berners-Lee invented the World Wide Web at CERN, he made a remarkable choice: he gave it away. He and CERN released the underlying technology to the world for free, with no patent and no fees. Anyone could build on it. That decision is a big reason the Web exploded everywhere instead of staying locked behind one company. The Web belongs to no one — and so to everyone.","Tim Berners-Lee patented nothing and charged no fees for the World Wide Web, handing the technology to the entire planet for free.","technology,world-wide-web,internet,history",48,false,"internet-arpanet-first-connection,blockchain-public-private-keys,internet-commercial-expansion,advertising-modern-printing,wi-fi-signals-bounce,seat-belts-prevent-ejection","invention-and-breakthrough,computing-and-web,stars-and-cosmos,psychology-and-behavior",
wi-fi-signals-bounce,technology,Wi-Fi,Wi-Fi Came From a Hunt for Exploding Black Holes,"The fast, reliable Wi-Fi in your home owes a strange debt to astronomy. A team of Australian radio astronomers had developed clever math to clean up faint signals while searching for tiny exploding black holes. The black holes proved elusive, but the signal-processing trick turned out to be perfect for sending wireless data through a messy room full of echoes. A failed space hunt helped wire the world.",The math behind your home Wi-Fi was born from radio-astronomy research into black holes.,"technology,wifi,wireless,science",48,false,"world-wide-web-cern-1989,apollo-guidance-computer-rope-memory,internet-arpanet-first-connection,data-centers-avoid-downtime,blockchain-public-private-keys","computing-and-web,stars-and-cosmos,animal-intelligence",
blockchain-public-private-keys,technology,Blockchain,No One Knows Who Invented Bitcoin,"Bitcoin was created by someone calling themselves 'Satoshi Nakamoto,' who published the idea in 2008 and helped run the project — then vanished around 2011. Despite years of investigation, no one has ever confirmed who Satoshi really is. Stranger still, Satoshi is believed to hold around a million early Bitcoin, worth tens of billions of dollars, that have never been touched. A digital fortune sits frozen, owner unknown.","Bitcoin's anonymous creator vanished, leaving a fortune in untouched coins worth tens of billions.","technology,bitcoin,blockchain,mystery",48,false,"world-wide-web-cern-1989,data-centers-avoid-downtime,lighthouse-keepers-aids-navigation,detective-fiction-hard-boiled,wi-fi-signals-bounce","lost-and-rediscovered,invention-and-breakthrough,computing-and-web",
bluetooth-direct-device-talk,technology,Bluetooth,The Bluetooth Logo Is Written in Viking Runes,"Bluetooth is named after Harald 'Bluetooth' Gormsson, a 10th-century Danish king who united warring tribes — much as the technology unites different devices. The connection goes deeper than the name. The Bluetooth symbol is actually two Norse runes, the king's initials H and B, combined into a single mark. Every time you pair your headphones, you're using a thousand-year-old monogram.","That little blue symbol is a Viking king's initials, written in ancient Norse runes.","technology,bluetooth,vikings,design",50,false,"captcha-checkbox-movement,world-wide-web-cern-1989,internet-arpanet-first-connection,search-engines-google-backrub",origins-and-naming,
search-engines-google-backrub,technology,Search Engines,"Before It Was Google, It Was Called BackRub","Google didn't start with that name. In 1996, Stanford students Larry Page and Sergey Brin built a search engine that ranked a web page by how many other pages linked back to it, treating each link like a vote of confidence. Because it was all about studying these 'back links,' they named the project BackRub. It didn't stay BackRub for long — they soon renamed it Google, a playful twist on 'googol,' the number 1 followed by 100 zeros, to match the size of the web it was about to search.",Larry Page and Sergey Brin's search engine ranked pages by links pointing back to them — and was almost stuck with that name forever.,"technology,search-engines,google,backrub,pagerank,backlinks",57,false,"world-wide-web-cern-1989,blockchain-public-private-keys,trademarks-protect-brands,data-centers-avoid-downtime,wi-fi-signals-bounce","computing-and-web,energy-and-power,counterintuitive-scale,numbers-and-mathematics",
captcha-checkbox-movement,technology,CAPTCHA,The 'I'm Not a Robot' Box Is Really Watching Your Mouse,"That little 'I'm not a robot' checkbox isn't really testing whether you can click. The moment before you tick it, the system is watching how your cursor moved across the screen, the tiny wobbles, pauses, and imperfect path that come naturally to a human hand. Bots tend to move too smoothly and too precisely to fake it. So a single click can hide a quiet behavior test you passed without ever knowing it was happening.","It's not the click that proves you're human, it's the tiny, imperfect wobble of your mouse getting there.","technology,captcha,security,artificial-intelligence",48,false,"herculaneum-scrolls-ai-unwrapped,herculaneum-scrolls-vesuvius-challenge-prize,world-wide-web-cern-1989,apollo-guidance-computer-rope-memory,bluetooth-direct-device-talk","automation-robots-ai,myth-vs-reality,psychology-and-behavior",
data-centers-avoid-downtime,technology,Data Centers,Microsoft Sank a Data Center to the Ocean Floor,"Data centers run hot and need constant cooling, so Microsoft tried a wild experiment: it sealed a whole data center in a giant tube and dropped it onto the seabed off Scotland. The cold ocean cooled it for free. After two years underwater, the servers had actually failed less often than ones on land. Sometimes the best place for a computer is the bottom of the sea.",Microsoft ran a data center on the seabed for two years — and it failed less than ones on land.,"technology,data-centers,cooling,innovation",50,false,"wi-fi-signals-bounce,blockchain-public-private-keys,internet-undersea-cables,moon-europa-ocean,world-wide-web-cern-1989","computing-and-web,deep-sea-and-abyss,disaster-and-catastrophe",
machine-learning-pattern-learning,artificial-intelligence,Machine Learning,An AI's Move Was So Strange Experts Called It a Mistake,"In 2016, an AI named AlphaGo played the ancient board game Go against a world champion. On its 37th move, it placed a stone where no top human would ever choose — experts watching thought it was an error. It wasn't. The move was brilliant in a way no one had seen in centuries of play, and AlphaGo went on to win. The machine had found something humans had missed.",An AI's bizarre game move looked like a blunder — then it beat the world champion.,"artificial-intelligence,machine-learning,alphago,games",45,false,"reinforcement-learning-reward-signal,ai-ethics-help-harm,chatbots-eliza-first,generative-ai-new-content-prompts,ai-ethics-biased-data","automation-robots-ai,games-and-play",
natural-language-processing-more-than-speech,artificial-intelligence,Natural Language Processing,A Translation AI Seemed to Invent Its Own Language,"Google's translation system was trained on pairs of languages — English to Japanese, English to Korean, and so on. Then researchers noticed something eerie: it could translate directly between two languages it had never been taught to pair, like Japanese to Korean. To do it, it appeared to have built its own internal 'in-between' representation of meaning. The AI had quietly created a private bridge between languages.",An AI learned to translate between language pairs it was never taught — by inventing its own bridge.,"artificial-intelligence,nlp,translation,language",45,false,"ai-ethics-biased-data,reinforcement-learning-reward-signal,translation-more-than-word-swapping,ai-hallucinations-real-world-harm,ai-ethics-help-harm","automation-robots-ai,language-and-writing,invention-and-breakthrough,architecture-and-structures",
chatbots-eliza-first,artificial-intelligence,Chatbots,People Poured Their Hearts Out to the First Chatbot,"In 1966, MIT scientist Joseph Weizenbaum built ELIZA, a simple program that echoed people's words back the way a therapist might. It understood nothing; it just matched patterns. Yet people were captivated. Weizenbaum's own secretary, who knew exactly how it worked, asked him to leave the room so she could talk to it privately. He was disturbed by how quickly ordinary people confided in a machine and believed it cared. That reaction is now called the ELIZA effect.","ELIZA, a simple 1966 program, so convinced people it understood them that its creator's own secretary asked to be left alone with it.","artificial-intelligence,chatbots,eliza,joseph-weizenbaum,ai-history",55,false,"ai-ethics-help-harm,machine-learning-pattern-learning,generative-ai-new-content-prompts,ai-ethics-biased-data,reinforcement-learning-reward-signal","automation-robots-ai,materials-and-chemistry",
generative-ai-new-content-prompts,artificial-intelligence,Generative AI,An AI Image Won an Art Contest and Outraged Artists,"In 2022, a man entered a digital art competition at a U.S. state fair and won first prize in his category. The twist: he hadn't painted it. He'd generated the image by typing prompts into an AI tool. When word got out, artists were furious, igniting a fierce debate about whether AI-made work counts as art at all. A machine's picture had beaten human painters at their own show.","A prize-winning artwork at a 2022 fair turned out to be made by AI, not a human painter.","artificial-intelligence,generative-ai,art,controversy",50,false,"chatbots-eliza-first,ai-ethics-help-harm,black-absence-of-light,machine-learning-pattern-learning,ai-ethics-biased-data","automation-robots-ai,computing-and-web",
ai-hallucinations-real-world-harm,artificial-intelligence,AI Hallucinations,A Lawyer Got in Trouble for Citing AI's Made-Up Cases,"A New York lawyer used ChatGPT to help write a legal brief, then filed it in court. The problem: the AI had confidently invented several past court cases that never existed, complete with fake quotes and citations. The judge discovered the cases were fiction, and the lawyer faced sanctions. It became a cautionary tale: AI can sound completely authoritative while making things up.",A lawyer was sanctioned after ChatGPT filled his court filing with cases that never existed.,"artificial-intelligence,hallucinations,chatgpt,law",52,false,"ai-ethics-biased-data,reinforcement-learning-reward-signal,emojis-replace-body-language,natural-language-processing-more-than-speech,ai-ethics-help-harm","automation-robots-ai,storytelling-and-narrative,invention-and-breakthrough,music-and-sound",
ai-ethics-help-harm,artificial-intelligence,AI Ethics,Microsoft's Chatbot Turned Hateful in Under 24 Hours,"In 2016, Microsoft launched a friendly chatbot named Tay on Twitter, designed to learn from the people it talked to. That was the problem. Within hours, users flooded it with hateful, offensive messages, and Tay learned to repeat them. Less than a day after launch, Microsoft pulled the plug. It became a stark lesson: an AI that learns from people will absorb the worst of them, too.",Microsoft's learning chatbot was taught to spew hate by users — and was shut down within a day.,"artificial-intelligence,ai-ethics,chatbots,bias",48,false,"ai-ethics-biased-data,chatbots-eliza-first,machine-learning-pattern-learning,generative-ai-new-content-prompts,reinforcement-learning-reward-signal","automation-robots-ai,psychology-and-behavior",
ai-ethics-biased-data,artificial-intelligence,AI Ethics,Amazon Built a Hiring AI That Taught Itself to Reject Women,"Amazon once built an AI tool to score job applicants automatically. There was a problem: it taught itself that men were preferable. The system had learned from a decade of resumes, most of them from men, so it began penalizing applications that mentioned ""women's"" and downgrading graduates of women's colleges. Amazon scrapped the project. The AI hadn't invented the bias, it had absorbed ours and scaled it up.","Trained mostly on men's resumes, it started downgrading anyone who mentioned 'women's.'","artificial-intelligence,bias,hiring,ethics",52,false,"ai-ethics-help-harm,reinforcement-learning-reward-signal,natural-language-processing-more-than-speech,ai-hallucinations-real-world-harm,chatbots-eliza-first","automation-robots-ai,invention-and-breakthrough,psychology-and-behavior",
reinforcement-learning-reward-signal,artificial-intelligence,Reinforcement Learning,An AI Taught Itself Chess in Four Hours and Crushed the Best,"Most chess programs are loaded with centuries of human strategy. AlphaZero got none of that. It was handed only the rules, then played millions of games against itself, learning purely from trial and error. After about four hours, it had become strong enough to demolish the best traditional chess engine in the world. From a blank slate, an AI reinvented the game and surpassed everyone in an afternoon.","Given only the rules, an AI mastered chess in four hours and beat the top engine.","artificial-intelligence,reinforcement-learning,chess,alphazero",45,false,"machine-learning-pattern-learning,ai-ethics-biased-data,chess-indian-war-game,ai-hallucinations-real-world-harm,ai-ethics-help-harm","automation-robots-ai,games-and-play,energy-and-power,invention-and-breakthrough",
memes-cultural-power,internet-culture,Memes,A Joke Dog Meme Became a Billion-Dollar Currency,"A meme can start as a joke and end up moving real money. In 2013, two programmers created Dogecoin as a gag, a cryptocurrency built around the goofy 'Doge' meme of a Shiba Inu dog. It was never meant to be taken seriously. Yet it caught on, and at its peak the joke coin was worth tens of billions of dollars. A silly picture of a dog turned into a genuine financial phenomenon.","Dogecoin started as a gag built on a Shiba Inu meme, then hit tens of billions in value.","memes,internet,dogecoin,culture",48,false,"internet-communities-closed-systems,viral-challenges-three-types,area-51-acknowledged-late,advertising-modern-printing,livestreaming-real-time-online","money-trade-and-value,internet-and-virality,computing-and-web",
internet-communities-closed-systems,internet-culture,Internet Communities,There's a 'Law' That Online Arguments Always Reach the Nazis,"Back in 1990, on the early internet discussion boards called Usenet, a user named Mike Godwin noticed a pattern: the longer an online argument dragged on, the more likely someone would compare the other side to Hitler or the Nazis. He coined 'Godwin's Law' to describe it, half as a joke and half as a warning. Decades later, it still rings true in comment sections everywhere.",An internet 'law' from 1990 says every long online argument eventually invokes the Nazis.,"internet-culture,internet,godwins-law,arguments",45,false,"memes-cultural-power,livestreaming-real-time-online,internet-packets,advertising-modern-printing,viral-challenges-three-types,internet-arpanet-first-connection","internet-and-virality,computing-and-web",
viral-challenges-three-types,internet-culture,Viral Challenges,A Silly Ice-Water Challenge Funded a Real ALS Breakthrough,"Not every viral challenge is empty fun. In the summer of 2014, millions of people filmed themselves dumping buckets of ice water over their heads to raise money for ALS, a serious disease that attacks the body's nerves. The stunt looked silly, but it raised about $115 million in just eight weeks. That money funded a global research project, and in 2016 scientists used it to help identify a gene tied to ALS, a clue that could guide future treatments. Sometimes a goofy trend does real good.",The 2014 Ice Bucket Challenge raised over $100 million and helped scientists pinpoint a gene behind ALS.,"internet-culture,viral-challenges,ice-bucket-challenge,als,charity",56,false,"memes-cultural-power,internet-communities-closed-systems,livestreaming-real-time-online","medicine-and-cures,internet-and-virality,money-trade-and-value,human-body-quirks",
livestreaming-real-time-online,internet-culture,Livestreaming,16 Days of Total Chaos: How a Mob of Strangers Somehow Beat One Video Game,"In 2014, an experiment called 'Twitch Plays Pokemon' handed control of a single game character to anyone watching, all typing commands at the same time. With tens of thousands of people shouting conflicting directions at once, it was glorious, screaming chaos — no one was really in charge. Yet somehow the mob inched forward, and after 16 days of collective fumbling, the crowd actually beat the game. It remains one of the internet's strangest team victories.","Tens of thousands of strangers fought for control of a single game character in 2014 — and after 16 days of glorious chaos, the mob actually won.","internet-culture,livestreaming,twitch,gaming",45,false,"internet-communities-closed-systems,memes-cultural-power,minecraft-virtual-blocks,virtual-worlds-vr-term-1987,viral-challenges-three-types","internet-and-virality,collective-behavior,games-and-play,storytelling-and-narrative",
pac-man-food-gameplay,video-games,Pac-Man,Pac-Man Has a Hidden 'Kill Screen',"Pac-Man can't be played forever. Reach level 256 and the game breaks: a memory glitch scrambles the right half of the maze into a jumble of random symbols, making it impossible to finish. Players call it the 'kill screen.' For decades it marked the true end of the game, and reaching it without dying became a legendary feat among the very best players.",Reach level 256 and Pac-Man glitches into a broken half-maze no one can pass.,"video-games,pac-man,arcade,glitch",45,false,"arcade-games-coin-op-design,easter-eggs-konami-code-testing,minecraft-virtual-blocks,virtual-worlds-vr-term-1987,esports-magazine-prize","games-and-play,psychology-and-behavior",
minecraft-virtual-blocks,video-games,Minecraft,A Solo Side Project Outsold Every Game in History,"That blocky little world is the most popular video game of all time. Minecraft has sold more than 300 million copies, outselling every other game in history. It began as the side project of a single Swedish programmer and grew into a global phenomenon played by kids, scientists, and architects alike. Its secret is simple: hand people a world made of blocks and let them build absolutely anything.",One Swedish programmer's block-building experiment now has more than 300 million copies out there.,"video-games,minecraft,record,gaming",48,false,"pokemon-more-than-game,easter-eggs-konami-code-testing,insomnia-short-chronic,livestreaming-real-time-online,pac-man-food-gameplay","games-and-play,architecture-and-structures",
playstation-failed-nintendo-deal,video-games,PlayStation,PlayStation Grew Out of a Failed Nintendo Deal,"PlayStation's origin has a surprising Nintendo connection. Sony decided to launch its own console after a failed plan with Nintendo to release the PlayStation as a Super Nintendo CD add-on in the early 1990s. Instead of becoming a Nintendo accessory, the PlayStation became Sony's own machine. A collapsed partnership helped create a major console rival.",Sony's PlayStation came after a failed plan to make a CD add-on with Nintendo.,"video-games,playstation,nintendo,sony,console-history",50,false,"mario-landlord-name,atari-cartridge-shift,easter-eggs-konami-code-testing,minecraft-virtual-blocks,pac-man-food-gameplay","games-and-play,disaster-and-catastrophe,symbiosis-and-cooperation",
atari-cartridge-shift,video-games,Atari,Atari Buried Millions of Bad Games in the Desert,"In 1983, Atari rushed out a video game based on the movie E.T. It was so disappointing it helped crash the entire industry. Stuck with mountains of unsold cartridges, Atari secretly trucked millions of them to a New Mexico landfill and buried them. For years it sounded like an urban legend — until 2014, when a dig actually unearthed the games. The myth was real.",Atari secretly buried millions of its flop E.T. cartridges in a desert — dug up in 2014.,"video-games,atari,history,landfill",50,false,"minecraft-virtual-blocks,playstation-failed-nintendo-deal,captain-kidd-quedagh-merchant,pac-man-food-gameplay,easter-eggs-konami-code-testing","games-and-play,hidden-underground,myth-vs-reality,disaster-and-catastrophe",
pokemon-more-than-game,video-games,Pokémon,"Pokemon Has Out-Earned Star Wars, Marvel, and Mickey Mouse","Pokemon started as a pair of Game Boy games in 1996, but it grew into the most lucrative entertainment franchise ever created. Counting games, cards, toys, movies, and merchandise, it has out-earned giants like Star Wars, Marvel, and Mickey Mouse. A simple idea — collect, battle, and trade pocket monsters — became a global money machine bigger than any single movie series or superhero universe.",It started as two Game Boy games in 1996 and grew into the biggest franchise ever made.,"video-games,pokemon,record,franchise",50,false,"minecraft-virtual-blocks,tetris-game-boy-stardom,insomnia-short-chronic,chess-indian-war-game,arcade-games-coin-op-design,virtual-worlds-vr-term-1987","stars-and-cosmos,money-trade-and-value,games-and-play,war-and-conflict",
arcade-games-coin-op-design,video-games,Arcade Games,Arcade Games Were Deliberately Built to Swallow Your Coins,"Those punishing early arcade games weren't just hard by accident, difficulty was the business model. Machines earned money by the coin, so games were designed to be quick, intense, and just brutal enough to end your turn and demand another quarter. Fast, clear, repeatable action kept players hooked and paying. The classic arcade wasn't only built to be fun; it was engineered to separate you from your coins as efficiently as possible.","That brutal difficulty wasn't an accident, quick, punishing games meant more quarters per hour.","video-games,arcade,history,design",50,false,"pac-man-food-gameplay,pokemon-more-than-game,virtual-worlds-vr-term-1987,easter-eggs-konami-code-testing,minecraft-virtual-blocks","games-and-play,money-trade-and-value,accidental-discovery",
esports-magazine-prize,video-games,Esports,The First Esports Prize Was a Magazine Subscription,"Competitive gaming didn't start with million-dollar tournaments, it started with a magazine. In 1972, students gathered at Stanford's Artificial Intelligence Laboratory for the 'Intergalactic Spacewar Olympics,' often cited as the first esports event. The grand prize wasn't cash or a trophy. The winner got a one-year subscription to Rolling Stone. A hobby that now fills arenas and pays real salaries began as a lab tournament playing for a magazine.","The 1972 'Intergalactic Spacewar Olympics' crowned its champion with a year of Rolling Stone, no cash, no trophy.","video-games,esports,history",48,false,"easter-eggs-konami-code-testing,minecraft-virtual-blocks,pac-man-food-gameplay,mario-landlord-name,tetris-game-boy-stardom","games-and-play,automation-robots-ai",
tetris-game-boy-stardom,video-games,Tetris,Tetris Made Millions While Its Soviet Creator Earned Nothing,"In 1984, Russian engineer Alexey Pajitnov created Tetris on a computer at a Soviet state lab. Because he built it as a government employee, the Soviet state owned the game, not him. As it leaked west and became a phenomenon, rival companies waged a tangled fight over who could sell it. One businessman, Henk Rogers, flew to Moscow to negotiate the rights directly with Soviet officials, winning them for Nintendo's new Game Boy. Pajitnov himself earned almost nothing from his creation until 1996.","Alexey Pajitnov built Tetris in a Soviet state lab, so the government owned it, and companies fought a fierce battle over rights the creator never held.","video-games,tetris,alexey-pajitnov,soviet-union,game-boy",59,false,"pokemon-more-than-game,minecraft-virtual-blocks,easter-eggs-konami-code-testing,pac-man-food-gameplay,mario-landlord-name","games-and-play,war-and-conflict,computing-and-web",
virtual-worlds-vr-term-1987,video-games,Virtual Worlds,"One Video-Game Battle Destroyed $300,000 of Real Money","In the space game EVE Online, players build and fly spaceships that cost real money to replace. In 2014, a single massive battle spiraled out of control, with thousands of players clashing for hours. By the end, the ships destroyed were worth an estimated $300,000 in real-world cash. It went down as one of the most expensive fights in gaming history — fought entirely with pixels.","A single space battle in one game destroyed virtual ships worth ~$300,000 in real money.","video-games,eve-online,economy,battle",42,false,"arcade-games-coin-op-design,pokemon-more-than-game,livestreaming-real-time-online,minecraft-virtual-blocks,pac-man-food-gameplay","money-trade-and-value,games-and-play,internet-and-virality,flight-and-aviation",
mario-landlord-name,video-games,Mario,Mario Was Named After Nintendo's Landlord,"Mario's name has a strangely real-world origin. Nintendo of America rented a Seattle-area warehouse from a landlord named Mario Segale while unsold Radar Scope machines sat inside. After Segale angrily showed up demanding overdue rent, company president Minoru Arakawa and his team began jokingly calling Jumpman ""Mario."" The name stuck, turning a landlord's visit into gaming history.","Mario was named after Nintendo of America's Seattle-area landlord, Mario Segale.","video-games,mario,nintendo,mario-segale,game-history",50,false,"playstation-failed-nintendo-deal,easter-eggs-konami-code-testing,minecraft-virtual-blocks,pac-man-food-gameplay,esports-magazine-prize","games-and-play,origins-and-naming",
easter-eggs-konami-code-testing,video-games,Easter Eggs,The Konami Code Started as a Testing Shortcut,"The Konami Code began as a developer's shortcut. Kazuhisa Hashimoto added the famous button sequence while converting Gradius for the NES, because the game was too hard to test. The code handed the player a pile of power-ups, but Hashimoto forgot to remove it. Konami left it in, and the sequence later became one of gaming's most famous secrets.",The Konami Code began as a forgotten testing shortcut in Gradius.,"video-games,easter-eggs,konami-code,gradius,nes",50,false,"pac-man-food-gameplay,minecraft-virtual-blocks,esports-magazine-prize,mario-landlord-name,arcade-games-coin-op-design","games-and-play,energy-and-power",
special-effects-miniature-physics,movies,Special Effects,"Water Refuses to Shrink, So Miniature Movie Sets Have to Cheat Physics","Shrinking a battleship or a burning building to model size sounds simple, until physics gives it away. At small scale, water beads up, fire flickers too fast, and smoke billows wrong, instantly betraying that you're looking at a toy. So effects artists cheat nature: they add chemicals to water to break its surface tension, tweak how flames are lit, and film everything in slow motion. To make a miniature look enormous, they have to fake the way the world itself behaves.","Shrink a battleship to model size and physics gives it away instantly -- water beads up wrong, fire flickers too fast -- so effects artists dose the water with chemicals and film in slow motion just to fool your eyes.","movies,special-effects,miniatures",52,false,"stop-motion-king-kong-model,stop-motion-frame-by-frame,forced-perspective-size-trick,academy-awards-rules-eligibility,film-editing-piece-by-piece","storytelling-and-narrative,materials-and-chemistry,music-and-sound,war-and-conflict",
academy-awards-rules-eligibility,movies,Academy Awards,The Oscars Once Announced the Wrong Best Picture,"At the 2017 Academy Awards, La La Land was announced as Best Picture, and its cast and crew streamed onstage to celebrate. Then chaos: the presenters had been handed the wrong envelope. The real winner was Moonlight. The correction unfolded live in front of millions, one of the most jaw-dropping mistakes in awards-show history. Hollywood's biggest night had fumbled its biggest moment.",In 2017 the wrong film was crowned Best Picture live on stage before the error was caught.,"movies,academy-awards,oscars,mistake",45,false,"film-editing-piece-by-piece,stop-motion-frame-by-frame,stop-motion-king-kong-model,special-effects-miniature-physics,movie-cameras-light-tight-box","storytelling-and-narrative,record-extremes",
movie-cameras-light-tight-box,movies,Movie Cameras,That Comically Fast Old-Movie Look Is a 100-Year-Old Timing Mistake,"Ever notice how people in old silent movies seem to scurry around comically fast? It's a mistake, not a style. Early cameras were cranked by hand, so films were shot at slower frame rates than modern projectors play them back. Run that old footage at today's speed and everyone appears to zip around. The jerky, hurried look of silent films is really a timing mismatch across a century.","People in silent films look like they're scurrying around comically fast -- and it was never on purpose. Hand-cranked cameras filmed slower than modern projectors play back, so a century-old timing mismatch makes everyone look sped-up.","movies,silent-films,cameras,history",45,false,"stop-motion-king-kong-model,stop-motion-frame-by-frame,film-editing-piece-by-piece,academy-awards-rules-eligibility,special-effects-miniature-physics","storytelling-and-narrative,optical-illusion,motion-and-force",
film-editing-piece-by-piece,movies,Film Editing,Psycho's Shower Scene Never Shows the Knife Touching Skin,"One of the most terrifying scenes in film history is built almost entirely from editing. Hitchcock's famous shower scene in Psycho packs around 50 quick cuts into just 45 seconds — flashes of a knife, a face, water, a scream. Yet the blade is never actually shown touching the victim. Your mind stitches the horror together from fragments. The terror happens in the cuts, not on the screen.",The famous shower scene uses ~50 cuts in 45 seconds — and never shows the knife hit skin.,"movies,film-editing,hitchcock,psycho",45,false,"academy-awards-rules-eligibility,stop-motion-frame-by-frame,stop-motion-king-kong-model,special-effects-miniature-physics,movie-cameras-light-tight-box","storytelling-and-narrative,human-body-quirks",
documentaries-shape-facts,movies,Documentaries,Disney Faked Lemmings 'Marching Off a Cliff' to Their Deaths,"One of the most widely believed 'facts' about lemmings, that they periodically march off cliffs to their deaths in a mass suicide, came from a 1958 Disney nature film. There was just one problem: the filmmakers staged it. They imported lemmings that weren't native to the area, herded them together, and arranged the dramatic footage themselves. The 'documentary' invented a behavior the animals don't actually do. A made-up scene became a 'fact' that millions still repeat today.","The famous myth that lemmings periodically hurl themselves off cliffs in a mass suicide was staged for a 1958 Disney film -- crews imported the animals, herded them together, and forced the dramatic footage themselves; it's a behavior lemmings don't actually do.","movies,documentary,disney,myth",40,false,"apollo13-failure-not-option-myth,film-editing-piece-by-piece,red-opposite-green,taste-buds-thousands-on-tongue,stop-motion-frame-by-frame,forced-perspective-focus-planning","storytelling-and-narrative,deception-and-hoax,collective-behavior,myth-vs-reality",
stop-motion-frame-by-frame,movies,Stop-Motion,Animators Spent a Full Week Filming Just 3 Seconds of Coraline,"Stop-motion animation is astonishingly slow. Every tiny movement of a puppet has to be posed and photographed one frame at a time, and a single second of film needs about 24 frames. On the movie Coraline, animators averaged only a few seconds of finished footage per week. The whole film took years and a small army of artists. Patience is the real special effect.","Stop-motion is brutally slow: on Coraline, animators averaged only about three seconds of finished footage per week, posing and photographing every tiny puppet movement one frame at a time.","movies,stop-motion,animation,coraline",45,false,"stop-motion-king-kong-model,special-effects-miniature-physics,film-editing-piece-by-piece,academy-awards-rules-eligibility,movie-cameras-light-tight-box","storytelling-and-narrative,war-and-conflict",
stop-motion-king-kong-model,movies,Stop-Motion,King Kong Used an 18-Inch Model to Feel Huge,"King Kong looked enormous on screen, but the model was surprisingly small. Willis H. O'Brien used models and frame-by-frame movement to create the illusion of life in live-action films like King Kong. The Kong model was only 18 inches tall, yet camera techniques and painted glass made him feel like a giant. Movie scale can be pure illusion.",King Kong used a small stop-motion model that camera tricks made feel gigantic.,"movies,stop-motion,king-kong,willis-obrien,special-effects",52,false,"stop-motion-frame-by-frame,special-effects-miniature-physics,movie-cameras-light-tight-box,forced-perspective-size-trick,film-editing-piece-by-piece","storytelling-and-narrative,optical-illusion",
movie-makeup-corrective-creative,movies,Movie Makeup,Planet of the Apes Actors Ate Lunch by Species,"The ape makeup in the original Planet of the Apes was so convincing it changed how the cast behaved off camera. During lunch breaks, actors in costume drifted into groups by the species they played — gorillas with gorillas, chimps with chimps, orangutans with orangutans — without being told to. The disguises were so total that the performers unconsciously sorted themselves like the apes they portrayed.","In ape makeup, actors unconsciously sat with their own 'species' at lunch.","movies,makeup,planet-of-the-apes,behavior",52,false,"academy-awards-rules-eligibility,film-editing-piece-by-piece,giraffes-spread-legs-drink,sleepwalking-childhood-common,stop-motion-frame-by-frame","camouflage-and-mimicry,stars-and-cosmos,storytelling-and-narrative,psychology-and-behavior",
vinyl-turntable-speed-control,music,Vinyl Records,A Record's Groove Is a Quarter-Mile-Long Spiral,"The music on a vinyl record lives in one single groove — a continuous spiral that winds from the outer edge all the way to the center. Uncoil that groove and stretch it out straight, and one side of an LP would run roughly a quarter of a mile. A needle traces that entire path, reading bumps too small to see, and turns them back into sound.",Uncoil one side of an LP and its single groove would stretch about a quarter-mile.,"music,vinyl,record,sound",48,false,"musical-instruments-sound-families,sampling-citizen-dj-free,supersonic-flight-hypersonic-mach-five,sound-pressure-waves,sound-recording-stores-vibrations","music-and-sound,self-organizing-patterns,counterintuitive-scale",
rock-global-mainstream,music,Rock Music,The Man Who Built Rock's Guitars Couldn't Play Guitar,"Leo Fender designed some of the most iconic electric guitars in history — the Telecaster and the Stratocaster — instruments that shaped the entire sound of rock and roll. The strange part? Fender couldn't actually play guitar. He was a radio repairman and tinkerer who built and refined his guitars based on what musicians told him, not by playing them himself. He gave rock its voice without ever speaking it.",The inventor of rock's most legendary electric guitars never learned to play one.,"music,rock,guitars,fender",50,false,"sound-recording-stores-vibrations,musical-instruments-sound-families,dj-culture-scratching-accident,sampling-citizen-dj-free,musical-instruments-human-universal","music-and-sound,energy-and-power,invention-and-breakthrough",
musical-instruments-human-universal,music,Musical Instruments,"The Oldest Instrument Is a 40,000-Year-Old Bone Flute","Humans were making music long before farming, writing, or cities. The oldest known instrument is a flute carved from the wing bone of a vulture, found in a cave and dated to around 40,000 years ago. It has finger holes and could still play notes today. Our ancestors, sharing the land with mammoths, were already drilling holes in bone to make melodies.","Our ancestors carved a working flute from a vulture's wing bone 40,000 years ago.","music,instruments,prehistory,archaeology",50,false,"musical-instruments-sound-families,sound-recording-stores-vibrations,auto-tune-oil-technology,storytelling-older-than-writing,easter-island-moai-not-just-heads,sharks-older-than-dinosaurs","music-and-sound,record-extremes,hidden-underground,human-body-quirks",
musical-instruments-sound-families,music,Musical Instruments,No One Fully Knows Why a Stradivarius Sounds So Good,"Violins made by Antonio Stradivari in the 1600s and 1700s are considered the finest ever crafted, and they sell for millions of dollars. For centuries, no one has managed to pin down their secret — the wood, the varnish, the climate, and the shape have all been studied. No single explanation has fully cracked it, and in blind tests experts can't always tell them from modern violins. Their magic remains an open mystery.",A 300-year-old violin can sell for millions — and science still can't explain its sound.,"music,instruments,stradivarius,mystery",45,false,"musical-instruments-human-universal,sampling-citizen-dj-free,sound-recording-stores-vibrations,rock-global-mainstream,vinyl-turntable-speed-control",music-and-sound,
sound-recording-stores-vibrations,music,Sound Recording,The First Recorded Sound Couldn't Be Heard for 148 Years,"The oldest known recording of a human voice was made in 1860 — years before Edison's phonograph. But its inventor could only capture sound as squiggly lines on paper; he had no way to play it back. The recording sat silent for nearly a century and a half. Finally, in 2008, scientists scanned those lines and reconstructed the audio: a faint voice singing a French folk song.",A voice recorded in 1860 sat unheard until scientists finally played it back in 2008.,"music,sound-recording,history,technology",48,false,"rock-global-mainstream,musical-instruments-sound-families,musical-instruments-human-universal,dj-culture-scratching-accident,sampling-citizen-dj-free","music-and-sound,record-extremes,invention-and-breakthrough",
streaming-music-before-full-file,music,Streaming Music,The MP3 Was Perfected Using One A Cappella Song,"The engineer behind the MP3 needed a tough test to fine-tune how the format squeezed audio without ruining it. He chose Suzanne Vega's a cappella song 'Tom's Diner,' because the bare human voice exposed every flaw. He played it over and over, tweaking the math until it sounded right. The track became so central to the work that it's now nicknamed 'the mother of the MP3.'",An engineer fine-tuned the MP3 by replaying one a cappella song thousands of times.,"music,streaming,mp3,technology",48,false,"dj-culture-scratching-accident,musical-instruments-sound-families,sound-recording-stores-vibrations,sampling-citizen-dj-free,auto-tune-oil-technology","music-and-sound,parental-care,internet-and-virality",
auto-tune-oil-technology,music,Auto-Tune,Auto-Tune Grew From Oil-Finding Technology,Auto-Tune has a surprising origin outside music. Andy Hildebrand was a geophysical engineer and mathematician who developed signal-processing technology to help locate oil beneath Earth's surface. He later adapted that knowledge of digital signal processing for audio and music. A technology built to analyze the ground eventually helped reshape the sound of pop vocals.,Auto-Tune grew from signal-processing ideas originally used to help find oil underground.,"music,auto-tune,andy-hildebrand,digital-signal-processing,music-technology",52,false,"musical-instruments-human-universal,musical-instruments-sound-families,sampling-citizen-dj-free,sound-recording-stores-vibrations,streaming-music-before-full-file","music-and-sound,hidden-underground,numbers-and-mathematics,computing-and-web",
dj-culture-scratching-accident,music,DJ Culture,"A Teenager Invented DJ Scratching By Accident, Trying to Hear His Mom Yell at Him","One of DJ culture's most recognizable sounds began by accident. Grand Wizard Theodore created scratching when he stopped a record with his hand to hear what his mother was shouting. The back-and-forth record movement produced a new sound that became central to turntablism. By the 1980s, scratching was a major feature of hip-hop.",DJ scratching was born when a teenage Grand Wizard Theodore stopped a spinning record by hand just to hear what his mother was shouting.,"music,dj-culture,scratching,grand-wizard-theodore,turntablism",48,false,"streaming-music-before-full-file,sound-recording-stores-vibrations,rock-global-mainstream,musical-instruments-sound-families,sampling-citizen-dj-free","music-and-sound,parental-care,accidental-discovery,invention-and-breakthrough",
sampling-citizen-dj-free,music,Sampling,A 6-Second Drum Loop Built Entire Music Genres,"In 1969, a drummer recorded a short, punchy drum solo on a B-side track. That snippet, now called the 'Amen break,' is about six seconds long — and it became the most sampled piece of music in history. It underpins hip-hop, drum and bass, jungle, and countless ads and TV themes. The catch: the drummer was never paid for it and died with little money, despite his beat being everywhere.",The most-sampled sound ever is a 6-second drum break — and its drummer earned nothing.,"music,sampling,amen-break,hip-hop",45,false,"musical-instruments-sound-families,rock-global-mainstream,sound-recording-stores-vibrations,vinyl-turntable-speed-control,musical-instruments-human-universal","music-and-sound,money-trade-and-value",
olympic-games-ancient-greek-festival,sports,Olympic Games,Ancient Olympic Athletes Competed Completely Naked,"At the ancient Greek Olympics, athletes didn't wear uniforms — or anything at all. Competitors ran, wrestled, and boxed completely naked, oiled up and bare under the sun. The Greeks saw the trained body as something to celebrate, not hide. In fact, the word 'gymnasium' comes from the Greek 'gymnos,' meaning naked. Ancient sports fans watched the games in the buff.",Athletes at the ancient Games competed nude — 'gymnasium' literally means 'to exercise naked.',"sports,olympics,ancient-greece,history",50,false,"marathons-26-miles-385-yards,track-and-field-many-events,antikythera-predicted-eclipses,steganography-hidden-message,soccer-worlds-most-popular-ball-game,laws-ancient-codes","origins-and-naming,games-and-play",
soccer-worlds-most-popular-ball-game,sports,Soccer,A Soccer Match Helped Spark a Real War,"Soccer passions run deep — sometimes dangerously so. In 1969, tensions between El Salvador and Honduras boiled over around a series of World Cup qualifying matches. Riots, hostility, and deep political strain followed, and within weeks the two countries were fighting a brief but real war. It lasted about 100 hours and became known as the 'Football War.' The matches didn't cause it alone, but they lit the fuse.","In 1969, World Cup qualifiers helped ignite a brief real war between two nations.","sports,soccer,history,football-war",48,false,"marathons-26-miles-385-yards,track-and-field-many-events,formula-1-name-rules,olympic-games-ancient-greek-festival,swimming-thousands-of-years","games-and-play,war-and-conflict",
marathons-26-miles-385-yards,sports,Marathons,Women Were Banned From the Olympic Marathon Until 1984,"For most of the modern Olympics, women weren't allowed to run the marathon at all. Officials clung to a belief that the distance was too grueling — even dangerous — for the female body. The women's Olympic marathon didn't debut until 1984, won by American Joan Benoit. It seems absurd now, but for nearly 90 years, half the population was simply told the race wasn't for them.","Officials thought the distance would harm women, so they couldn't run the Olympic marathon until 1984.","sports,marathon,olympics,history",48,false,"olympic-games-ancient-greek-festival,track-and-field-many-events,soccer-worlds-most-popular-ball-game,formula-1-name-rules,swimming-thousands-of-years",games-and-play,
swimming-thousands-of-years,sports,Swimming,Babies Are Born Knowing How to Hold Their Breath Underwater,"Newborn humans come with a surprising built-in skill. Thanks to the 'diving reflex,' a baby placed in water will instinctively hold its breath and even make little paddling motions. Their heart rate slows to conserve oxygen, the same response seen in diving seals and whales. The reflex fades within the first months of life. We're born with a faint echo of an aquatic instinct.","Newborns instinctively hold their breath and paddle underwater, thanks to a built-in diving reflex.","sports,swimming,biology,reflex",52,false,"marathons-26-miles-385-yards,soccer-worlds-most-popular-ball-game,kelp-forests-storms-tear-apart,freediving-hyperventilation-blackout,track-and-field-many-events,mammalian-dive-reflex-cold-water-slows-heart","human-body-quirks,deep-sea-and-abyss,games-and-play",
track-and-field-many-events,sports,Track and Field,One Athlete Reinvented the High Jump by Going Backwards,"For decades, high jumpers cleared the bar face-down, scissoring or rolling over it. Then at the 1968 Olympics, an athlete named Dick Fosbury did something bizarre: he sprinted up and flung himself over the bar backwards, headfirst, arching his spine. People laughed — until he won gold. The 'Fosbury Flop' was so effective that almost every high jumper in the world now uses it.",A jumper was mocked for leaping over the bar backwards — then he won gold and changed the sport.,"sports,track-and-field,high-jump,innovation",50,false,"marathons-26-miles-385-yards,olympic-games-ancient-greek-festival,soccer-worlds-most-popular-ball-game,formula-1-name-rules,swimming-thousands-of-years","invention-and-breakthrough,games-and-play",
golf-scotland-real-golf,sports,Golf,There Are Golf Balls Sitting on the Moon,"Golf has been played in some unusual places, but none beats the Moon. During the Apollo 14 mission in 1971, astronaut Alan Shepard smuggled a golf club head and a couple of balls aboard. On the lunar surface, in a bulky spacesuit, he took a one-handed swing and sent a ball flying. In the Moon's low gravity, he joked, it went 'miles and miles.' The balls are still up there.",An astronaut smuggled a club to the Moon and took a swing — the balls are still up there.,"sports,golf,moon,apollo",52,false,"marathons-26-miles-385-yards,chess-indian-war-game,solar-system-only-24-moonwalkers,time-relativity-observer-dependent,track-and-field-many-events,moon-ganymede-biggest","gravity-and-orbits,stars-and-cosmos,flight-and-aviation,games-and-play",
surfing-best-two-waves,sports,Surfing,The Biggest Wave Ever Surfed Was as Tall as a Building,"Off the coast of Nazare, Portugal, the seabed funnels swells into monsters. Big-wave surfers have ridden walls of water there over 80 feet tall — roughly the height of an eight-story building. Towed in by jet ski, a surfer races down the face of a wave that could crush them in an instant. One mistake means being held underwater by tons of churning ocean.",Surfers have ridden waves over 80 feet tall — about the height of an eight-story building.,"sports,surfing,big-waves,nazare",48,false,"swimming-thousands-of-years,golf-scotland-real-golf,marathons-26-miles-385-yards,olympic-games-ancient-greek-festival,track-and-field-many-events","record-extremes,flight-and-aviation,deep-sea-and-abyss,storytelling-and-narrative",
chess-indian-war-game,sports,Chess,There Are More Chess Games Than Atoms in the Universe,"Chess looks simple — 64 squares, 32 pieces — but its possibilities are staggering. The number of unique games that can be played is so enormous it dwarfs the number of atoms in the entire observable universe. After just a few moves, you've likely created a position no one in history has ever played before. A board game on your table holds more variety than the cosmos has matter.",The possible chess games outnumber every atom in the observable universe.,"sports,chess,mathematics,strategy",50,false,"marathons-26-miles-385-yards,golf-scotland-real-golf,reinforcement-learning-reward-signal,pi-never-repeats,track-and-field-many-events,cosmic-microwave-background-atoms-five-percent","games-and-play,numbers-and-mathematics,stars-and-cosmos,materials-and-chemistry",
formula-1-name-rules,sports,Formula 1,An F1 Pit Crew Can Change Four Tires in Under 2 Seconds,"A Formula 1 pit stop is a blur of choreographed teamwork. A crew of around 20 people swarms the car. They can jack it up, swap all four tires, and drop it back down in under two seconds — faster than you can read this sentence. Every motion is rehearsed thousands of times. Blink at the right moment and you'll miss the whole thing.",Around 20 people swap all four tires on an F1 car in under two seconds.,"sports,formula-1,pit-stop,teamwork",48,false,"marathons-26-miles-385-yards,track-and-field-many-events,brakes-hydraulic-balance,dolphins-mud-rings,soccer-worlds-most-popular-ball-game","collective-behavior,games-and-play",
wheels-pottery-turntable,engineering,Wheels,The Wheel Was Invented Surprisingly Late,"The wheel feels so basic that you'd assume it came first. It didn't. Humans had sewing needles, woven cloth, boats, musical instruments, and farms for thousands of years before anyone built a working wheel, around 3500 BCE. The hard part wasn't the round wheel itself — it was the axle, and fitting the two together precisely. One of history's great inventions arrived later than you'd ever guess.","Humans had needles, boats, and farms for millennia before anyone invented the wheel.","engineering,wheel,invention,history",48,false,"elevators-otis-safety-brake,gears-speed-torque-tradeoff,wheel-spokes-chariots,patents-right-to-exclude,steel-iron-carbon-alloy,ancient-china-gunpowder","music-and-sound,machines-and-mechanisms,invention-and-breakthrough",
gears-speed-torque-tradeoff,engineering,Gears,"A 2,000-Year-Old Greek Device Was an Analog Computer","In 1901, divers found a corroded lump of bronze in an ancient shipwreck. It turned out to be the Antikythera mechanism — a device from around 2,000 years ago packed with at least 30 interlocking gears. By turning a crank, its ancient users could predict eclipses, track the Moon and planets, and even time the Olympic Games. Nothing this complex would appear again for over a thousand years.",An ancient Greek shipwreck held a 30-gear machine that predicted eclipses — an analog computer.,"engineering,gears,antikythera,history",50,false,"concrete-steel-reinforcement,wheels-pottery-turntable,antikythera-ancient-computer,antikythera-predicted-eclipses,elevators-otis-safety-brake","stars-and-cosmos,machines-and-mechanisms,ancient-engineering,games-and-play",
concrete-steel-reinforcement,engineering,Concrete,Ancient Roman Concrete Can Heal Its Own Cracks,"Modern concrete crumbles within decades, yet Roman harbors and domes have stood for 2,000 years and counting. Scientists recently uncovered part of the secret: tiny chunks of lime baked into the Roman mix. When cracks form and water seeps in, those chunks react and fill the gaps, healing the concrete from within. The ancient recipe was, in a sense, alive — and tougher than ours.","Roman concrete has lasted 2,000 years and can self-heal cracks — modern concrete crumbles in decades.","engineering,concrete,rome,materials",52,false,"steel-iron-carbon-alloy,gears-speed-torque-tradeoff,concrete-aggregate-cement-water,cities-ancient-roots,wheels-pottery-turntable,domes-arch-turned-space","food-and-cuisine,ancient-engineering,animal-intelligence",
dams-many-purposes,engineering,Dams,A Dam Holds So Much Water It Slowed the Earth's Spin,"China's Three Gorges Dam created a reservoir so vast it holds trillions of gallons of water, lifted high above sea level. Shifting that much mass away from the Earth's axis has a tiny but real effect: scientists calculated it slightly slows the planet's rotation, lengthening each day by a fraction of a microsecond. A single piece of engineering nudged the spin of the entire world.",The reservoir behind one giant dam holds so much water it slightly slowed Earth's rotation.,"engineering,dams,three-gorges,physics",54,false,"gears-speed-torque-tradeoff,earthquake-engineering-strong-joints,time-relativity-observer-dependent,venus-day-longer-than-year,elevators-otis-safety-brake","gravity-and-orbits,numbers-and-mathematics,stars-and-cosmos",
steel-iron-carbon-alloy,engineering,Steel,He Was Trying to Build a Better Gun Barrel. He Accidentally Invented Rust-Proof Steel.,"Stainless steel — the rust-proof metal in your sink and cutlery — came from a failed experiment. In 1913, a British researcher was trying to make better gun barrels by tweaking steel recipes. Some samples didn't work and got tossed aside. Weeks later he noticed that, unlike the others, those rejects hadn't rusted at all. His 'failure' turned out to be one of the most useful materials ever made.",The failed samples he tossed aside turned out to be one of the most useful materials ever made.,"engineering,steel,materials,accident",48,false,"concrete-steel-reinforcement,wheels-pottery-turntable,jet-engines-throw-air-backward,polymers-life-natural-polymers,elevators-otis-safety-brake","materials-and-chemistry,accidental-discovery,invention-and-breakthrough,food-and-cuisine",
suspension-bridges-tacoma-narrows,engineering,Suspension Bridges,A Bridge Collapsed in 1940 Because Nobody Thought About Wind,"Engineers used to design bridges to carry weight, not to handle air. The Tacoma Narrows Bridge was built with a narrow solid girder instead of an open truss, and in 1940 it collapsed under aerodynamic forces. The failure forced engineers to treat wind as a real structural threat, not an afterthought. They moved back toward stiffer, more stable designs. Modern suspension bridges use shaped box girders built to let air slip past.",It was built to hold weight. Nobody checked what moving air would do to it.,"bridges,engineering,failure,aerodynamics",52,false,"earthquake-engineering-strong-joints,apollo13-mailbox-co2-fix,bridges-live-dead-loads,bridges-five-basic-forms,elevators-otis-safety-brake","flight-and-aviation,disaster-and-catastrophe,architecture-and-structures,motion-and-force",
elevators-otis-safety-brake,engineering,Elevators,An Inventor Cut His Own Elevator's Rope to Prove It Was Safe,"People feared elevators would plunge if the rope snapped, so almost no one would ride them. At the 1854 world's fair in New York, Elisha Otis settled the matter with a stunt. He rode a hoisting platform high above the crowd, then ordered an assistant to cut the rope with an axe. Instead of dropping, the platform lurched only a few inches and held, caught by his new safety brake. That leap of trust helped make passenger elevators, and skyscrapers, possible.","At an 1854 world's fair, Elisha Otis rode a platform high above the crowd, had the cable axed, and his new brake caught it before it fell.","elevators,elisha-otis,safety-brake,engineering,skyscrapers",60,false,"earthquake-engineering-strong-joints,wheels-pottery-turntable,skyscrapers-elevators-made-height-usable,skyscrapers-technology-coincidence,gears-speed-torque-tradeoff","machines-and-mechanisms,collective-behavior,invention-and-breakthrough,architecture-and-structures",
earthquake-engineering-strong-joints,engineering,Earthquake Engineering,A Skyscraper Hangs a 660-Ton Golden Ball to Stay Steady,"Near the top of Taipei 101, one of the world's tallest towers, hangs an enormous steel ball weighing about 660 tons. It's a 'tuned mass damper.' When earthquakes or typhoon winds push the building one way, the giant pendulum swings the other way, canceling out the sway and keeping the tower steady. Visitors can actually go see it. The skyscraper stays calm because a golden ball quietly fights back.",Inside Taipei 101 hangs a 660-ton ball that swings to cancel out earthquakes and wind.,"engineering,earthquake,skyscrapers,taipei-101",54,false,"elevators-otis-safety-brake,suspension-bridges-tacoma-narrows,skyscrapers-technology-coincidence,pompeii-earthquake-before-eruption,apollo13-mailbox-co2-fix,skyscrapers-elevators-made-height-usable","architecture-and-structures,record-extremes,disaster-and-catastrophe",
airplanes-four-forces,aviation,Airplanes,Airliners Get Struck by Lightning About Once a Year,"Lightning hitting a plane sounds terrifying, but it's routine. On average, each commercial airliner is struck roughly once a year, and most passengers never even realize it happened. Aircraft are built to handle it: the metal skin channels the electricity around the outside and lets it exit, leaving the people inside safe. A jet is essentially a flying metal cage that shrugs off a bolt of lightning.",Each airliner is hit by lightning about once a year — and passengers rarely even notice.,"aviation,airplanes,lightning,safety",46,false,"airplanes-wing-airfoils,helicopters-sikorsky-vs300,autopilot-complex-flight-plans,lightning-rods-protection,electricity-electric-charges,electricity-static-electron-transfer","flight-and-aviation,materials-and-chemistry,energy-and-power,human-body-quirks",
airplanes-wing-airfoils,aviation,Airplanes,Cabin Pressure Secretly Shuts Off 30% of Your Sense of Taste,"It's not just bad cooking, your own senses change at altitude. In a pressurized cabin, dry air and low pressure dull your taste and smell by around 30%, hitting salt and sweetness hardest. Food that tastes fine on the ground turns flat and lifeless in the air. Airlines actually over-season meals to compensate. The plane is quietly muting your tongue before the food ever arrives.","Dry cabin air and low pressure dull your taste and smell by about 30%, especially for salt and sweet, which is why airlines quietly over-season every meal.","aviation,airplanes,taste,science",50,false,"airplanes-four-forces,autopilot-straight-level-flight,hot-air-balloons-animal-passengers,taste-buds-thousands-on-tongue,brutalism-postwar-function","food-and-cuisine,flight-and-aviation",
helicopters-sikorsky-vs300,aviation,Helicopters,A Helicopter Can Land Safely Even if Its Engine Dies,"Lose the engine in a helicopter and you might assume it drops like a stone. It doesn't have to. Using a maneuver called autorotation, the pilot lets the rushing air keep the rotor spinning on the way down — much like a falling maple seed twirling to the ground. Near the bottom, that stored spin is used to cushion the landing. A powerless helicopter can still glide to safety.","If its engine fails, a helicopter can still land safely — its rotor spins like a falling maple seed.","aviation,helicopters,safety,autorotation",54,false,"airplanes-four-forces,gliders-fly-without-engines,poison-ivy-three-leaflets,autopilot-complex-flight-plans,jet-engines-throw-air-backward","gravity-and-orbits,energy-and-power,plants-and-botany,flight-and-aviation",
jet-engines-throw-air-backward,aviation,Jet Engines,Jet Engine Blades Spin in Gas Hotter Than They Can Melt,"Inside a jet engine, conditions are brutal. The turbine blades spin through gas so hot it's actually above the melting point of the metal they're made from. So why don't they melt? Each blade is riddled with tiny holes that bleed out a thin film of cooler air, wrapping the metal in a protective layer. The blades survive an environment that should destroy them — by wearing a coat of air.","A jet's turbine blades spin through gas hotter than their own melting point, saved by a film of air.","aviation,jet-engines,materials,engineering",48,false,"jet-engines-compress-burn-expand,helicopters-sikorsky-vs300,airplanes-four-forces,polymers-life-natural-polymers,steel-iron-carbon-alloy","extreme-temperature,gravity-and-orbits,materials-and-chemistry,energy-and-power",
jet-engines-compress-burn-expand,aviation,Jet Engines,"One Jet Engine's Fan Is Big Enough to Stand Inside, and Out-Thrusts a Whole 1970s 747","Jet engines have grown staggeringly powerful. The GE90's fan is wide enough for a person to stand inside, and that single engine alone produces more thrust than all four engines combined on the original Boeing 747 from the 1970s. What once took four engines to do, one now does by itself, a measure of how far flight has come in a few decades.","A single modern jet engine, with a fan wide enough for a person to stand inside, produces more thrust alone than all four engines on the original Boeing 747 combined.","aviation,jet-engines,power,boeing",54,false,"jet-engines-throw-air-backward,gliders-fly-without-engines,supersonic-flight-hypersonic-mach-five,lasers-mirrors-build-beam,concorde-mach-two-passengers","energy-and-power,flight-and-aviation,motion-and-force",
hot-air-balloons-hot-air-lighter,aviation,Hot-Air Balloons,The First Pilots in History Thought Burning Old Shoes Was What Made Them Fly,"Long before the Wright brothers, people were already drifting through the sky, and they had no idea how. The first human balloon flights took place in 1783, about 120 years before the first powered airplane. The pioneering Montgolfier brothers misunderstood their own invention entirely, they thought a special 'smoke' from burning wool and old shoes created the lift, not simple heat. Flight began with a beautiful misunderstanding.","The Montgolfier brothers flew humans in 1783, 120 years before airplanes, while believing a mysterious 'smoke' from burning wool and shoes created the lift, not simple heat.","aviation,hot-air-balloons,history,flight",50,false,"hot-air-balloons-animal-passengers,gliders-fly-without-engines,autopilot-straight-level-flight,air-traffic-control-air-and-ground,ejection-seats-first-live-test","flight-and-aviation,world-first,energy-and-power,invention-and-breakthrough",
hot-air-balloons-animal-passengers,aviation,Hot-Air Balloons,"Before Risking a Human Life, They Sent Up a Sheep, a Duck, and a Rooster","Before any person flew in a hot-air balloon, animals took the risk first. The Montgolfier brothers sent a sheep, a rooster, and a duck aloft at Versailles on September 19, 1783, to see if a living creature could survive the trip. The balloon drifted for about eight minutes and landed safely roughly 3.2 kilometers from the launch site. Only after the animals survived did any human dare to try.","The Montgolfier brothers tested whether a living creature could survive flight by launching a sheep, a rooster, and a duck skyward first, before any human dared to go.","aviation,hot-air-balloons,montgolfier-brothers,aviation-history,versailles",52,false,"hot-air-balloons-hot-air-lighter,autopilot-straight-level-flight,gliders-fly-without-engines,airplanes-wing-airfoils,flying-boats-fuselage-hull",flight-and-aviation,
concorde-mach-two-passengers,aviation,Concorde,Concorde Grew Almost a Foot Longer in Flight,"Flying at twice the speed of sound heated Concorde's skin so much that the airframe physically expanded, stretching the plane nearly a foot longer in cruise. A gap even opened on the flight deck during flight and closed again on landing. Cruising near the edge of space, passengers could glimpse the curvature of the Earth from their windows. It was less a flight than a brief trip toward space.",Air friction heated Concorde so much it stretched nearly a foot longer while flying.,"aviation,concorde,supersonic,physics",48,false,"supersonic-flight-hypersonic-mach-five,jet-engines-compress-burn-expand,autopilot-straight-level-flight,hot-air-balloons-animal-passengers,airplanes-four-forces","flight-and-aviation,motion-and-force,human-body-quirks,music-and-sound",
air-traffic-control-air-and-ground,aviation,Air Traffic Control,"Right Now, Over 10,000 Planes Are in the Sky","Look up and the sky may seem mostly empty, but it's astonishingly busy. At any given moment, there are typically more than 10,000 aircraft airborne around the world, carrying well over a million people all at once. A vast, around-the-clock network of air traffic controllers keeps them safely spaced apart. There is, quite literally, a small flying city in the air above you at all times.","At any given moment, 10,000+ planes are airborne worldwide, carrying over a million people.","aviation,air-traffic-control,scale,flight",44,false,"autopilot-straight-level-flight,gliders-fly-without-engines,area-51-real-base,hot-air-balloons-hot-air-lighter,hot-air-balloons-animal-passengers","flight-and-aviation,timekeeping",
gliders-fly-without-engines,aviation,Gliders,"Engineless Gliders Can Soar More Than 1,000 Miles","A glider has no engine, yet it can stay aloft for hours and travel astonishing distances. By riding columns of rising warm air called thermals, skilled pilots climb thousands of feet, then glide forward and find the next lift — much as soaring birds do. The best flights have covered well over 1,000 miles on nothing but air. Flight without an engine isn't a limitation; it's an art.","With no engine, a glider can ride rising air to soar thousands of feet and over 1,000 miles.","aviation,gliders,soaring,flight",50,false,"hot-air-balloons-hot-air-lighter,autopilot-straight-level-flight,surviving-a-fall-vulovic-33000-feet,air-traffic-control-air-and-ground,jet-engines-compress-burn-expand,helicopters-sikorsky-vs300","flight-and-aviation,energy-and-power",
supersonic-flight-hypersonic-mach-five,aviation,Supersonic Flight,A Cracking Whip Breaks the Sound Barrier,"That sharp 'crack' of a bullwhip isn't just a loud snap — it's a tiny sonic boom. As the whip flicks, its thin tip accelerates faster and faster until it actually breaks the speed of sound, creating a miniature shock wave you hear as a crack. In fact, the whip's tip may have been the first man-made object ever to go supersonic, long before any aircraft.",The 'crack' of a whip is a tiny sonic boom — its tip may be the first supersonic object humans made.,"aviation,supersonic,sound,physics",50,false,"concorde-mach-two-passengers,jet-engines-compress-burn-expand,snoring-airway-vibration,cicadas-loud-songs,autopilot-straight-level-flight,cheetahs-cannot-roar","flight-and-aviation,music-and-sound,motion-and-force",
flying-boats-fuselage-hull,aviation,Flying Boats,The Plane With the Longest Wingspan Ever Flew Just Once,"During World War II, billionaire Howard Hughes built an enormous wooden flying boat nicknamed the 'Spruce Goose.' Its wingspan was the longest of any aircraft ever built — wider than a football field. Critics doubted it could even fly. In 1947, Hughes proved them slightly wrong: he lifted it off the water for about a mile, roughly a minute in the air. Then it never flew again.","A wooden plane with the longest wingspan ever built flew exactly once, for about a minute.","aviation,flying-boats,history,spruce-goose",48,false,"autopilot-straight-level-flight,hot-air-balloons-animal-passengers,dragonflies-flight-hunters,airplanes-wing-airfoils,gliders-fly-without-engines","flight-and-aviation,record-extremes,war-and-conflict",
drones-national-airspace,aviation,Drones,"A Single Sky Show Can Fly Over 1,000 Drones as One Glowing 3-D Image","Fireworks have a high-tech rival. Light shows now use thousands of small drones flying in precise formation, each one a single point of colored light. Controlled by computers, a swarm of over a thousand drones can morph into glowing 3-D images, dragons, logos, spaceships, that drift and animate across the night sky as if they were one object. It's choreography written in the air.","Computer-controlled drone swarms, sometimes 1,000-plus strong, morph into animated 3-D shapes like dragons and spaceships drifting across the night sky.","aviation,drones,technology,light-shows",48,false,"drones-advanced-operations,autopilot-complex-flight-plans,autopilot-straight-level-flight,hot-air-balloons-animal-passengers,gliders-fly-without-engines","automation-robots-ai,flight-and-aviation,collective-behavior,color-and-light",
drones-advanced-operations,aviation,Drones,Drones Parachute Blood to Remote Clinics in Rwanda,"In Rwanda, where rough roads can make emergencies deadly, drones save lives. Delivery drones launch from a central hub, fly to remote clinics, and drop packages of blood and medicine by tiny parachute — often arriving far faster than any vehicle could on the ground. What started as a delivery experiment now handles a large share of the country's blood supply. The future of medicine arrives by air.","In Rwanda, drones drop blood and medicine to remote clinics by parachute, faster than any road.","aviation,drones,medicine,delivery",52,false,"drones-national-airspace,autopilot-complex-flight-plans,autopilot-straight-level-flight,hot-air-balloons-animal-passengers,airplanes-four-forces","automation-robots-ai,medicine-and-cures,human-body-quirks,flight-and-aviation",
ejection-seats-first-live-test,aviation,Ejection Seats,A Man Let Himself Be Shot Out of a Jet at 320 MPH to Prove the Seat Worked,"Testing an ejection seat took someone brave enough to try it on himself. Employee Bernard ""Benny"" Lynch attempted the first static ejection from a specially built tower on January 24, 1945. He later made the first mid-flight test ejection on July 24, 1946, blasting out of a modified Meteor 3 at 320 mph and 8,000 feet. Lynch landed safely, then went on to make many more test ejections.","Bernard Lynch tested the world's first ejection seat on himself, including a live mid-flight ejection at 320 mph from 8,000 feet, then walked away and did it again.","aviation,ejection-seats,bernard-lynch,test-flight,martin-baker",56,false,"hot-air-balloons-hot-air-lighter,hot-air-balloons-animal-passengers,autopilot-straight-level-flight,gliders-fly-without-engines,airplanes-wing-airfoils","flight-and-aviation,world-first,architecture-and-structures",
autopilot-straight-level-flight,aviation,Autopilot,Pilots Hand-Fly an Airliner Only a Few Minutes per Flight,"It may surprise nervous flyers, but the pilot isn't steering the plane most of the time. On a typical airline trip, the crew hand-flies for only a few minutes — mainly during takeoff and the early climb. For the long cruise, and often much of the descent, the autopilot does the flying. The pilots are highly trained managers, monitoring systems and ready to take over the instant they're needed.","On a typical flight, pilots hand-fly only a few minutes — autopilot handles most of the journey.","aviation,autopilot,pilots,flight",50,false,"autopilot-complex-flight-plans,gliders-fly-without-engines,hot-air-balloons-hot-air-lighter,area-51-real-base,air-traffic-control-air-and-ground,airplanes-wing-airfoils",flight-and-aviation,
autopilot-complex-flight-plans,aviation,Autopilot,Planes Can Land Themselves in Zero Visibility,"When fog blankets a runway and a pilot can barely see the nose of the plane, the aircraft can take over and land itself. Using a system called 'autoland,' the autopilot follows radio guidance beams down to the runway and touches the jet down automatically. It's how flights still arrive in thick fog that would otherwise ground them. Sometimes the safest landing is the one the computer flies.",Modern jets can land themselves in fog so thick the pilot can barely see the runway.,"aviation,autopilot,autoland,safety",50,false,"autopilot-straight-level-flight,airplanes-four-forces,helicopters-sikorsky-vs300,drones-advanced-operations,drones-national-airspace","flight-and-aviation,automation-robots-ai,numbers-and-mathematics,computing-and-web",
automobiles-thousands-of-parts,cars,Automobiles,The First Speeding Ticket Was for Going 8 MPH,"Speeding tickets are older than fast cars. In 1896, a British driver earned what's often called the world's first speeding ticket — for racing along at a reckless 8 miles per hour, four times the local limit. At the time, cars were so new and alarming that anything faster than a brisk walk seemed like a genuine public menace. By today's standards, the man who kicked off a century of traffic enforcement was barely moving at all.","The world's first speeding ticket, in 1896, went to a driver going a blistering 8 mph.","cars,history,speeding,driving",52,false,"cruise-control-set-speed,brakes-hydraulic-balance,internal-combustion-engines-hot-gas-work,internal-combustion-engines-combustion-inside,windshield-wipers-snowy-trolley","world-first,motion-and-force",
internal-combustion-engines-combustion-inside,cars,Internal-Combustion Engines,Only a Quarter of Your Gas Actually Moves the Car,"Fill up your tank, and most of that fuel never moves you an inch. In a typical gasoline engine, only about a quarter to a third of the energy in the gas actually turns into motion. The rest disappears as waste — mostly heat pouring out the exhaust pipe and radiator, plus friction inside the engine itself. Every time you fill up, you're really paying for a giant heater that happens to also drive the wheels.",Most of the gas you buy is wasted as heat — only about a quarter actually moves the car.,"cars,engines,energy,efficiency",50,false,"internal-combustion-engines-hot-gas-work,brakes-hydraulic-balance,air-bags-supplement-seat-belts,energy-capacity-to-work,hurricanes-tropical-cyclones","energy-and-power,transformation-metamorphosis,machines-and-mechanisms,motion-and-force",
internal-combustion-engines-hot-gas-work,cars,Internal-Combustion Engines,Your Engine Sets Off Thousands of Explosions a Minute,"A running car engine is a barely contained string of tiny blasts. Inside each cylinder, fuel and air are ignited in rapid, controlled explosions that shove the pistons down. At highway speed, those firings add up to thousands of mini-explosions every single minute, all perfectly timed. The smooth, quiet hum of a cruising car hides a frantic, fiery rhythm beneath the hood.",A cruising car engine fires off thousands of tiny controlled explosions every minute.,"cars,engines,combustion,science",52,false,"internal-combustion-engines-combustion-inside,air-bags-supplement-seat-belts,brakes-hydraulic-balance,shoelaces-ancient-shoes,combustion-oxygen-reaction,axolotls-regrow-leg","energy-and-power,music-and-sound,machines-and-mechanisms,motion-and-force",
seat-belts-prevent-ejection,cars,Seat Belts,Volvo Gave Away the Seat Belt That Saved Millions,"In 1959, Volvo engineer Nils Bohlin designed the modern three-point seat belt — the lap-and-shoulder strap in every car today. Volvo held the patent and could have charged rivals to use it. Instead, deciding the safety benefit was too important to hoard, the company gave the design away for free to all carmakers. That single act of generosity is estimated to have saved well over a million lives.","Volvo invented the modern seat belt, then gave the patent away free — saving 1M+ lives.","cars,safety,seat-belts,volvo",48,false,"windshield-wipers-snowy-trolley,cruise-control-set-speed,world-wide-web-cern-1989,air-bags-supplement-seat-belts,crash-test-dummies-different-bodies",invention-and-breakthrough,
cruise-control-set-speed,cars,Cruise Control,Cruise Control Was Invented by a Blind Engineer,"Cruise control owes its existence to a brilliant engineer named Ralph Teetor, who was blind from early childhood. The story goes that he grew so annoyed riding with his lawyer, who kept speeding up and slowing down while talking, that he set out to build a device to hold a steady speed. A man who could never drive a car invented one of driving's most relaxing features.","A blind engineer invented cruise control, fed up with his lawyer's jerky stop-and-go driving.","cars,cruise-control,invention,history",50,false,"windshield-wipers-snowy-trolley,seat-belts-prevent-ejection,sumerians-cuneiform,wheels-pottery-turntable,automobiles-thousands-of-parts","invention-and-breakthrough,storytelling-and-narrative,motion-and-force",
brakes-hydraulic-balance,cars,Brakes,Formula 1 Brakes Glow Red-Hot While Stopping,"Stopping a Formula 1 car is almost as violent as launching it. The carbon brakes can reach over 1,000 degrees Celsius — glowing bright orange — as they haul the car down from 200 mph to a near stop in around four seconds. The forces are so brutal that drivers are thrown hard against their belts. An F1 car can brake harder than most road cars can accelerate.","F1 brakes glow red-hot over 1,000C, hauling a car from 200 mph to a stop in about 4 seconds.","cars,formula-1,brakes,engineering",52,false,"internal-combustion-engines-hot-gas-work,internal-combustion-engines-combustion-inside,g-force-stapp-stop-broke-ribs,formula-1-name-rules,automobiles-thousands-of-parts","motion-and-force,extreme-temperature,bioluminescence-and-glow,machines-and-mechanisms",
windshield-wipers-snowy-trolley,cars,Windshield Wipers,"Before This Invention, Drivers Cleared Snow by Sticking Their Heads Out the Window","Windshield wipers began with a genuinely dangerous problem. Riding a trolley through snowy New York City in the early 1900s, Mary Anderson watched streetcar drivers open their windows, stop the vehicle, or step outside into the storm just to wipe the glass clear enough to see. She patented her hand-cranked blade in 1903, and by 1922 Cadillac was fitting wipers as standard equipment. A hazard that once meant driving half-blind through a blizzard became the spark for one of driving's most familiar safety features.","Mary Anderson invented the windshield wiper after watching trolley drivers stop, open windows, or step outside just to see through the snow.","cars,windshield-wipers,mary-anderson,invention,car-safety",48,false,"cruise-control-set-speed,seat-belts-prevent-ejection,patents-right-to-exclude,wheels-pottery-turntable,automobiles-thousands-of-parts,sumerians-cuneiform",invention-and-breakthrough,
air-bags-supplement-seat-belts,cars,Air Bags,Air Bags Inflate Using a Tiny Explosion,"An airbag has to go from folded to fully inflated in less than a twentieth of a second — far too fast for a simple pump. So it uses a small, controlled chemical explosion instead. A crash sensor triggers an igniter, which sets off a rapid reaction that floods the bag with gas almost instantly. There's basically a tiny, carefully tamed blast hidden inside your steering wheel.",An airbag fires faster than you can blink by setting off a tiny controlled explosion in the wheel.,"cars,airbags,safety,science",46,false,"internal-combustion-engines-hot-gas-work,crash-test-dummies-different-bodies,poison-ivy-three-leaflets,radioactivity-particles-energy,internal-combustion-engines-combustion-inside","materials-and-chemistry,machines-and-mechanisms,disaster-and-catastrophe",
crash-test-dummies-different-bodies,cars,Crash Test Dummies,Crash Test Dummies Were Built Mostly for Men,"For decades, the crash test dummies used to make cars safer were modeled on the 'average male' body. Female crash dummies were introduced far later and used far less. The result is sobering: in similar crashes, women can be significantly more likely to be injured than men. The cars we trust were largely tested for only half the people who ride in them.","Crash dummies were long modeled on men, leaving women significantly more likely to be hurt in crashes.","cars,safety,crash-test,equity",52,false,"air-bags-supplement-seat-belts,seat-belts-prevent-ejection,hysterical-strength-switches-off-pain,brakes-hydraulic-balance,internal-combustion-engines-combustion-inside",disaster-and-catastrophe,
relativity-redefined-space-time,physics,Relativity,Travel Near Light Speed and You'd Age Slower,"Time isn't the same for everyone. Under relativity, the faster you move, the slower your time runs compared with those you left behind. In the famous 'twin paradox,' one twin rockets off near the speed of light while the other stays home. When the traveler returns, they've aged only a little — while the twin on Earth has grown old. It isn't a trick; it's how time actually works.",Rocket away near light speed and you'd return younger than the twin who stayed on Earth.,"physics,relativity,time-dilation,einstein",52,false,"relativity-speed-of-light-limit,time-hard-to-define,light-exact-speed,black-holes-light-cannot-escape,inertia-no-net-force","relativity-and-time-warp,motion-and-force",
relativity-speed-of-light-limit,physics,Relativity,You Can Never Catch Up to a Beam of Light,"Here's something that broke physics wide open: no matter how fast you chase a beam of light, it always speeds away from you at the exact same rate. Fly at 99% of light speed toward a flashlight, and the light still passes you at full speed, as if you were standing still. Speeds don't add up the way intuition says. This bizarre fact is the foundation Einstein built relativity on.",Chase light at 99% of its speed and it still races away from you at full speed.,"physics,relativity,light,speed",52,false,"relativity-redefined-space-time,light-exact-speed,time-hard-to-define,black-holes-light-cannot-escape,cheetahs-built-for-speed","relativity-and-time-warp,flight-and-aviation,architecture-and-structures,motion-and-force",
gravity-weak-universe-shaping,physics,Gravity,A Fridge Magnet Beats the Entire Planet's Gravity,"Gravity feels powerful, but it's actually the weakest force in nature by far. The proof is on your fridge. A tiny magnet can hold a piece of paper up against the gravitational pull of the entire Earth — all six trillion trillion kilograms of it. Gravity only seems mighty because it adds up across planets and stars. Up close, it loses to a magnet you can buy for pennies.",A cheap magnet holds paper against the pull of the whole planet — gravity is that weak.,"physics,gravity,forces,magnetism",54,false,"motion-acceleration-changing-velocity,time-hard-to-define,black-holes-spaghettification,combustion-oxygen-reaction,motion-velocity-has-direction,magnetism-moving-charges","gravity-and-orbits,stars-and-cosmos,motion-and-force",
light-exact-speed,physics,Light,Light Could Circle the Earth 7 Times in One Second,"The speed of light is hard to picture until you put it to work. Light travels so fast that in a single second, a beam could loop all the way around the Earth's equator more than seven times. It crosses from your phone screen to your eyes instantly, and races from the Sun to your face in about eight minutes. Nothing in the universe moves faster.","In the time it takes to say 'one,' light could lap the planet more than seven times.","physics,light,speed,scale",48,false,"relativity-speed-of-light-limit,motion-velocity-has-direction,cheetahs-built-for-speed,quasars-angle-changes-view,motion-force-changes-motion,relativity-redefined-space-time","stars-and-cosmos,motion-and-force",
quantum-mechanics-hilbert-space,physics,Quantum Mechanics,Two Particles Can Stay Linked Across the Galaxy,"When two particles become 'entangled,' they share a single fate. Measure one and you instantly know the other, no matter how far apart they are — across a room or across the galaxy. Change one and the partner seems to respond at once, faster than light could carry a message. Einstein hated this idea and called it 'spooky action at a distance.' Experiments keep proving it's real.",Measure one entangled particle and its partner instantly responds — even galaxies away.,"physics,quantum-mechanics,entanglement,einstein",54,false,"quantum-mechanics-measurement-probabilities,lasers-light-copy-itself,light-exact-speed,quasars-angle-changes-view,energy-capacity-to-work",stars-and-cosmos,
quantum-mechanics-measurement-probabilities,physics,Quantum Mechanics,Particles Can Pass Straight Through Solid Walls,"In the quantum world, a particle can sometimes appear on the far side of a barrier it shouldn't be able to cross — like a ball passing through a wall. It's called quantum tunneling, and it's not science fiction. It's how the Sun shines: particles in its core tunnel through barriers to fuse and release energy. Without this ghostly trick, the stars wouldn't burn.",Quantum particles can slip through solid barriers — and it's the reason the Sun shines.,"physics,quantum-mechanics,tunneling,sun",56,false,"quantum-mechanics-hilbert-space,lasers-mirrors-build-beam,electricity-electric-charges,red-giants-sun-future,sun-billions-of-twins","hidden-underground,stars-and-cosmos,energy-and-power,storytelling-and-narrative",
electricity-electric-charges,physics,Electricity,Lightning Is Five Times Hotter Than the Sun,"A bolt of lightning unleashes an astonishing burst of electricity, and with it, astonishing heat. For a split second, the air inside a lightning channel can reach around 30,000 degrees Celsius — roughly five times hotter than the surface of the Sun. That sudden, violent heating is what makes the air explode outward, creating the crack of thunder. A flash you can blink away is briefly hotter than a star.","For a split second, a lightning bolt's channel is about five times hotter than the Sun's surface.","physics,electricity,lightning,heat",50,false,"electricity-static-electron-transfer,lasers-mirrors-build-beam,motion-force-changes-motion,thunder-lightning-sound,heatstroke-fan-useless-above-99,airplanes-four-forces","extreme-temperature,stars-and-cosmos,energy-and-power",
electricity-static-electron-transfer,physics,Electricity,That Doorknob Shock Is a Tiny Lightning Bolt,"Shuffle across a carpet and touch a doorknob, and — zap. That little jolt is essentially miniature lightning. By rubbing your feet, you've scraped off electrons and built up a charge, sometimes thousands of volts. When you near the metal, those electrons leap the gap all at once in a tiny spark. It's the same basic physics as a thunderstorm, just shrunk down to fit your fingertip.",The little zap from a doorknob is thousands of volts jumping the gap — tiny lightning.,"physics,electricity,static,voltage",54,false,"electricity-electric-charges,lasers-mirrors-build-beam,energy-capacity-to-work,airplanes-four-forces,light-bulb-changed-night","energy-and-power,materials-and-chemistry",
sound-pressure-waves,physics,Sound,"The Loudest Sound Ever Was Heard 3,000 Miles Away","When the volcano Krakatoa erupted in 1883, it produced what may be the loudest sound in recorded history. The blast was heard nearly 3,000 miles away — as if a sound in New York reached Los Angeles and kept going. Close to the eruption, the pressure wave was strong enough to rupture eardrums dozens of miles away, and it circled the globe several times. The planet quite literally rang.","An 1883 volcano made a sound so loud it was heard 3,000 miles away and circled the globe.","physics,sound,krakatoa,volcano",54,false,"sound-human-frequency-range,quantum-mechanics-hilbert-space,lasers-light-copy-itself,krakatoa-loudest-sound,supersonic-flight-hypersonic-mach-five,vinyl-turntable-speed-control","disaster-and-catastrophe,stars-and-cosmos,music-and-sound",
sound-human-frequency-range,physics,Sound,Some Sounds Only Teenagers Can Hear,"As you age, your ears quietly lose their highest notes first. Young people can usually hear very high-pitched tones that most adults simply can't detect anymore. This gap has been used in clever ways: some shops have played piercing 'mosquito' tones to drive off loitering teens, and students have used the same tones as ringtones their teachers can't hear. Your age is written into what you can hear.",High-pitched 'mosquito' tones can ring out to teenagers while most adults hear nothing.,"physics,sound,hearing,age",50,false,"sound-pressure-waves,apollo13-reentry-blackout-87-seconds,apollo13-reentry-shallow-angle-cause,cheetahs-cannot-roar,taos-hum-worldwide-pattern,praying-mantis-camouflage","music-and-sound,record-extremes,animal-intelligence",
energy-capacity-to-work,physics,Energy,The Matter in a Paperclip Could Level a City,"Einstein's famous equation, E=mc squared, says matter and energy are two forms of the same thing — and that even a speck of matter holds a staggering amount of energy. If you could fully convert the matter in an ordinary paperclip into energy, it would release a blast comparable to a large bomb, enough to flatten a city. Everyday objects are quietly packed with unimaginable power.","Fully unlocked, the matter in a single paperclip holds enough energy to flatten a city.","physics,energy,einstein,mass-energy",50,false,"quantum-mechanics-hilbert-space,lasers-light-copy-itself,pulsars-magnetar-burst-sunlight,hurricanes-tropical-cyclones,relativity-redefined-space-time,internal-combustion-engines-combustion-inside","energy-and-power,numbers-and-mathematics",
magnetism-moving-charges,physics,Magnetism,"If You Lived Long Ago, Your Compass Would Point South","The Earth is a giant magnet, but it's a restless one. Its magnetic north pole constantly wanders, drifting hundreds of miles over a lifetime. Stranger still, every few hundred thousand years the field flips entirely — north becomes south and back again. It has happened hundreds of times in Earth's history, recorded in ancient rocks. A compass needle that points 'north' would have pointed the other way in the deep past.",Earth's magnetic field has completely flipped hundreds of times — a compass reading 'north' today would have pointed the opposite way in the deep past.,"physics,magnetism,earth,poles",52,false,"time-relativity-observer-dependent,gravity-weak-universe-shaping,meteor-showers-tons-fall-daily,motion-velocity-has-direction,superconductivity-meissner-effect","exploration-and-navigation,deep-sea-and-abyss",
time-hard-to-define,physics,Time,Time Runs Faster at Your Head Than Your Feet,"Gravity slows down time — and the effect is so real that even a small difference in height matters. Clocks closer to the ground, where gravity is very slightly stronger, tick a hair slower than clocks higher up. This difference has been measured across a height of just a foot or two. So your head is, ever so slightly, aging faster than your feet. The gap is tiny, but it's genuinely there.",Gravity makes your head age a tiny bit faster than your feet — and we can measure it.,"physics,time,gravity,relativity",54,false,"time-relativity-observer-dependent,relativity-redefined-space-time,relativity-speed-of-light-limit,black-holes-light-cannot-escape,lucid-dreaming-common,gravity-weak-universe-shaping","relativity-and-time-warp,gravity-and-orbits,timekeeping",
time-relativity-observer-dependent,physics,Time,Dinosaurs Lived Through 23-Hour Days,"A day hasn't always been 24 hours. The Moon's gravity gently drags on Earth's spin, slowing it down a tiny bit each year. The effect is slow — a day lengthens by a fraction of a second per century — but over deep time it adds up. Hundreds of millions of years ago, when early dinosaurs roamed, a day lasted only around 23 hours. Far in the future, days will be longer still.","Earth's spin is slowly winding down — hundreds of millions of years ago, when early dinosaurs roamed, a full day lasted only about 23 hours.","physics,time,earth,moon",54,false,"time-hard-to-define,motion-velocity-has-direction,lasers-light-copy-itself,jupiter-shortest-day,dams-many-purposes,solar-system-galactic-year","gravity-and-orbits,stars-and-cosmos,collective-behavior,numbers-and-mathematics",
motion-force-changes-motion,physics,Motion,"In Space, a Thrown Object Coasts Forever","On Earth, anything you throw eventually stops, slowed by air and friction. But those forces are what stop it — motion itself never needs to end. In the emptiness of deep space, with nothing to push back, an object you toss would keep gliding in a straight line forever, at the same speed, for billions of years. This is exactly why spacecraft can drift across the solar system on almost no fuel.","Throw something in deep space and, with nothing to slow it, it glides on forever.","physics,motion,newton,space",50,false,"motion-velocity-has-direction,motion-acceleration-changing-velocity,inertia-no-net-force,indigo-ancient-dye,calculus-motion-and-geometry,light-exact-speed","motion-and-force,stars-and-cosmos,energy-and-power",
motion-velocity-has-direction,physics,Motion,You're Hurtling Through Space Right Now,"You may feel perfectly still, but you're moving at dizzying speeds. The Earth spins at about 1,000 miles per hour at the equator, and it races around the Sun at roughly 67,000 miles per hour. The whole solar system, in turn, is sweeping around the galaxy even faster. Sitting motionless in your chair, you're actually one of the fastest-moving things you'll ever experience.","Sitting perfectly still, you're racing around the Sun at about 67,000 miles per hour.","physics,motion,earth,speed",50,false,"motion-force-changes-motion,motion-acceleration-changing-velocity,light-exact-speed,cheetahs-built-for-speed,meteor-showers-tons-fall-daily,venus-backwards-rotation","stars-and-cosmos,record-extremes,gravity-and-orbits,motion-and-force",
motion-acceleration-changing-velocity,physics,Motion,Astronauts Float Because They're Constantly Falling,"It's a common myth that there's no gravity in space. Up at the Space Station, gravity is still nearly as strong as on the ground. So why do astronauts float? Because they — and the station — are continuously falling toward Earth, while also moving sideways so fast that they keep missing it. They're in a perpetual free fall around the planet. Floating in orbit is really endless falling.",Astronauts don't float because gravity is gone — they're endlessly falling around the Earth.,"physics,motion,orbit,gravity",50,false,"motion-velocity-has-direction,motion-force-changes-motion,gravity-weak-universe-shaping,venus-day-longer-than-year,black-holes-spaghettification","gravity-and-orbits,myth-vs-reality,stars-and-cosmos,lost-and-rediscovered",
inertia-no-net-force,physics,Inertia,The Tablecloth Trick Works Because of Inertia,"Yank a tablecloth out fast enough and the dishes stay put, barely wobbling. It looks like magic, but it's pure physics. The dishes have inertia — a resistance to changing their motion — so a quick enough pull slips the cloth away before it can drag them along. The brief tug simply isn't enough to overcome their tendency to stay at rest. Heavy plates make it easier, not harder.",Whip a tablecloth away fast and the dishes' inertia keeps them sitting still.,"physics,inertia,motion,demonstration",50,false,"inertia-mass-resists-acceleration,motion-force-changes-motion,motion-velocity-has-direction,light-exact-speed,superconductivity-meissner-effect,apollo13-reentry-shallow-angle-cause",motion-and-force,
inertia-mass-resists-acceleration,physics,Inertia,A Supertanker Can Take Miles to Stop,"A fully loaded oil supertanker is so massive that stopping it is a slow-motion ordeal. Even with engines thrown into full reverse, one of these giants can take several miles and 15 minutes or more to come to a halt. Its enormous mass means enormous inertia, and that much momentum simply can't be erased quickly. Captains have to start 'braking' long before they reach port.","A loaded supertanker has so much inertia it can take miles to stop, even in full reverse.","physics,inertia,momentum,ships",50,false,"inertia-no-net-force,apollo13-reentry-shallow-angle-cause,light-exact-speed,superconductivity-meissner-effect,motion-force-changes-motion",motion-and-force,
lasers-light-copy-itself,physics,Lasers,The Moon Is Slipping Away From Earth Every Year,"Astronauts left special mirrors on the Moon, and ever since, laser beams have been bounced off them. By timing how long the light takes to return, the distance to the Moon can be measured to within a fraction of an inch. The measurements revealed something surprising: the Moon is slowly drifting away, about an inch and a half farther each year. A laser turned the sky into a tape measure.","Astronauts left mirrors on the Moon, and ever since, laser beams bounced off them have measured its distance to a fraction of an inch — revealing the Moon is slowly drifting away, about an inch and a half farther every year.","physics,lasers,moon,measurement",52,false,"lasers-mirrors-build-beam,time-relativity-observer-dependent,quantum-mechanics-hilbert-space,asteroids-less-mass-than-moon,golf-scotland-real-golf,moon-volcanoes-io","stars-and-cosmos,numbers-and-mathematics",
lasers-mirrors-build-beam,physics,Lasers,The Strongest Lasers Briefly Out-Power the Sun,"For a tiny fraction of a second, the most powerful lasers on Earth can deliver more power than all the sunlight hitting the planet at once. Scientists focus these immense pulses onto a target smaller than a pea to recreate the crushing heat and pressure found inside stars. They're used to study nuclear fusion — the same reaction that powers the Sun. A flash of light briefly out-muscles a star.","For an instant, the most powerful lasers pack more power than all the sunlight hitting Earth.","physics,lasers,fusion,power",54,false,"lasers-light-copy-itself,electricity-static-electron-transfer,electricity-electric-charges,jet-engines-compress-burn-expand,motion-force-changes-motion","stars-and-cosmos,energy-and-power,materials-and-chemistry,human-body-quirks",
superconductivity-meissner-effect,physics,Superconductivity,Superconductors Can Make Magnets Float in Midair,"Superconductors don't just carry electricity perfectly — they also shove magnetic fields away from themselves. Place a magnet above a cold superconductor and it will hover in midair, locked in place as if held by an invisible hand. This eerie levitation isn't just a lab trick. It's the principle behind maglev trains, which float frictionlessly above their tracks and glide at hundreds of miles per hour.",Chill a superconductor and a magnet will hover above it in midair — the science behind maglev trains.,"physics,superconductivity,levitation,maglev",50,false,"motion-force-changes-motion,inertia-no-net-force,inertia-mass-resists-acceleration,apollo13-reentry-shallow-angle-cause,light-exact-speed","energy-and-power,motion-and-force",
atoms-mostly-empty-space,chemistry,Atoms,"If an Atom Were a Stadium, the Nucleus Would Be a Marble","Atoms feel solid, but they're almost entirely empty. Nearly all the mass sits in a tiny nucleus at the center, while the electrons buzz far, far away. If you blew an atom up to the size of a sports stadium, the nucleus would be a marble on the center spot and the rest would be empty air. Tap a table and you're really feeling electric forces, not solid stuff.","The solid world around you is, atom for atom, almost entirely empty space.","chemistry,atoms,nucleus,electrons",52,false,"atoms-atomic-number-identity,metals-free-electrons-conduct,polymers-giant-monomer-chains,chemical-reactions-rearrange-atoms,oxidation-numbers-track-change","materials-and-chemistry,energy-and-power,counterintuitive-scale,games-and-play",
atoms-atomic-number-identity,chemistry,Atoms,Steal One Proton From Gold and It Becomes Platinum,"An element's whole identity comes down to one number: how many protons sit in its nucleus. Six protons make carbon. Seventy-nine make gold. Knock one proton off gold and you've literally got platinum. This is the dream the old alchemists chased, and it's actually real, it just takes a particle accelerator instead of a magic spell. Change the proton count and you change the element itself.","Medieval alchemists wanted to turn one metal into another, and the only thing in their way was a single proton.","chemistry,atoms,protons,elements",50,false,"atoms-mostly-empty-space,chemical-elements-compounds-transform-properties,chemical-elements-cannot-break-down,periodic-table-group-patterns,metals-ores-and-free-state,acids-bases-ph-scale","materials-and-chemistry,numbers-and-mathematics",
molecules-smallest-identity-unit,chemistry,Molecules,A Single Glass of Water Outnumbers the Oceans,"A molecule is the smallest piece of a substance that's still that substance. Split water down and down and you eventually reach a single H2O molecule; break that, and you just have hydrogen and oxygen, not water. The wild part is how small they are. One ordinary glass of water holds more molecules than there are glasses of water in every ocean on Earth combined.",Molecules are so small that one glass of water contains more of them than the oceans hold glasses.,"chemistry,molecules,water,scale",54,false,"polymers-giant-monomer-chains,acids-bases-ph-scale,atmosphere-layered,giraffes-spread-legs-drink,metals-ores-and-free-state,chemical-elements-cannot-break-down","record-extremes,materials-and-chemistry",
periodic-table-group-patterns,chemistry,Periodic Table,A Whole Column of the Table Explodes in Water,"Elements in the same vertical column behave like family because they share the same number of outer electrons. Take the far-left column, the alkali metals. Drop a lump of sodium in water and it fizzes and pops; potassium bursts into purple flame; cesium explodes violently. They all react the same way, just more dramatically as you go down the column. The position predicts the personality.","Elements in a periodic-table column act like siblings, which is why an entire column reacts violently with water.","chemistry,periodic-table,alkali-metals,reactivity",52,false,"atoms-atomic-number-identity,chemical-elements-compounds-transform-properties,acids-bases-ph-scale,metals-ores-and-free-state,catalysts-speed-without-consuming","materials-and-chemistry,psychology-and-behavior,numbers-and-mathematics",
chemical-elements-cannot-break-down,chemistry,Chemical Elements,You Are Mostly Just Six Elements,"An element is a pure substance you can't break into anything simpler by chemistry, and only about 90 of them occur in nature. From that short list comes everything: oceans, mountains, air, and you. Strip away the details and about 99% of your body is basically just the stuff of air and rock — oxygen, carbon, and a handful of others, six elements in total. The whole dazzling variety of the world is built from a surprisingly tiny set of ingredients.",About 99% of your body is just six elements — the same basic stuff as air and rock.,"chemistry,elements,human-body,matter",50,false,"chemical-elements-compounds-transform-properties,atoms-atomic-number-identity,oxidation-numbers-track-change,metals-ores-and-free-state,molecules-smallest-identity-unit","materials-and-chemistry,food-and-cuisine",
chemical-elements-compounds-transform-properties,chemistry,Chemical Elements,A Poison Gas Plus a Metal That Explodes Equals Table Salt,"Bond two elements together and the result can behave nothing like either one. Sodium is a soft metal so reactive it bursts into flame in water. Chlorine is a green gas so toxic it was once used as a weapon. Combine these two killers and you get sodium chloride, ordinary table salt, the stuff you sprinkle on fries. The new compound erases the old identities completely.",Two of chemistry's most dangerous elements combine into the harmless salt on your dinner table.,"chemistry,elements,compounds,salt",52,false,"chemical-elements-cannot-break-down,atoms-atomic-number-identity,periodic-table-group-patterns,salt-only-rock-we-eat,turkish-coffee-salty-groom","materials-and-chemistry,war-and-conflict,food-and-cuisine,numbers-and-mathematics",
covalent-bonds-resonance,chemistry,Covalent Bonds,A Diamond Is One Single Giant Molecule,"Most molecules are small clusters of a few atoms. A diamond isn't. It's a single, unbroken web of carbon atoms, each one locked to four neighbors by covalent bonds, repeating across the whole stone. That rigid 3-D network is why diamond is the hardest natural material on Earth. The astonishing part: it's nothing but carbon, the same element as the soft graphite in your pencil. Arrangement is everything.","A diamond is technically one enormous molecule of carbon, the very same element as pencil lead.","chemistry,covalent-bonds,diamond,carbon",56,false,"molecules-smallest-identity-unit,metals-ores-and-free-state,advertising-funds-media,chemical-elements-cannot-break-down,atoms-atomic-number-identity","materials-and-chemistry,computing-and-web",
chemical-reactions-rearrange-atoms,chemistry,Chemical Reactions,"A Burning Log Doesn't Vanish, It Floats Away","A chemical reaction never makes atoms appear or disappear; it just reconnects them. Burn a log and it seems to mostly vanish into a little pile of ash. But the missing mass didn't disappear, it sailed off as invisible carbon dioxide and water vapor. Capture and weigh the smoke and gases and everything is still there. Reactions are just nature shuffling the same atoms into new arrangements.",The wood that seems to disappear in a fire is really just floating away as invisible gas.,"chemistry,reactions,combustion,conservation-of-matter",50,false,"combustion-heat-accelerates-reaction,combustion-oxygen-reaction,internal-combustion-engines-hot-gas-work,catalysts-speed-without-consuming,oxidation-numbers-track-change,catalysts-temporary-intermediates","materials-and-chemistry,energy-and-power,lost-and-rediscovered",
states-of-matter-plasma-fourth,chemistry,States of Matter,"The Most Common State of Matter in the Universe Isn't Solid, Liquid, or Gas — It's Plasma","On Earth, solids, liquids, and gases rule, so plasma feels exotic. Zoom out, though, and plasma wins by a landslide. Heat a gas until its atoms tear apart into a glowing soup of charged particles and you get plasma, the stuff of every star, including our Sun. Since stars make up most of the visible universe, plasma is actually the most common state of matter there is. You just live in a rare, cool pocket.","Solids, liquids, and gases feel like the whole story, but plasma — the glowing stuff of every star — actually makes up most of the visible universe.","chemistry,states-of-matter,plasma,stars",54,false,"radioactivity-particles-energy,metals-ores-and-free-state,stars-live-trillions-years,supernovae-outshine-galaxies,chemical-elements-cannot-break-down,pulsars-sugar-cube-mountain","stars-and-cosmos,materials-and-chemistry,transformation-metamorphosis,bioluminescence-and-glow",
acids-bases-ph-scale,chemistry,Acids & Bases,"Your Stomach Acid Is 100,000 Times More Acidic Than Water","The pH scale runs from 0 to 14 and looks like a gentle ruler, but it's secretly steep. Each single step isn't adding — it's multiplying by ten. So stomach acid at around pH 2 isn't a bit more acidic than pure water at 7. It's roughly 100,000 times more acidic. Two numbers that look close on the scale can be worlds apart.",The pH scale looks like a gentle ruler. It's secretly a cliff.,"chemistry,acids,ph,scale",52,false,"molecules-smallest-identity-unit,atoms-atomic-number-identity,periodic-table-group-patterns,metals-ores-and-free-state,chemical-elements-compounds-transform-properties","camouflage-and-mimicry,materials-and-chemistry,numbers-and-mathematics",
radioactivity-particles-energy,chemistry,Radioactivity,Factory Workers Licked Radium Paint to Tip Their Brushes,"Not all radiation is equally hard to block. Alpha particles are heavy and clumsy — a sheet of paper or even your skin stops them cold. That makes them sound harmless, and they aren't: swallowed, they do their damage from the inside. In the 1920s, the women painting glowing radium dials pointed their brushes with their lips, and paid for it. Beta particles need metal to stop. Gamma rays need thick lead.",The radiation a sheet of paper can block is the one you must never swallow.,"chemistry,radioactivity,history,safety",56,false,"states-of-matter-plasma-fourth,metals-ores-and-free-state,poison-ivy-three-leaflets,airplanes-four-forces,polymers-giant-monomer-chains,air-bags-supplement-seat-belts","materials-and-chemistry,human-body-quirks,bioluminescence-and-glow,music-and-sound",
metals-free-electrons-conduct,chemistry,Metals,A Metal That Melts in Your Hand,"Metals conduct heat and electricity because their outer electrons aren't tied to any one atom; they roam freely through the whole chunk like a shared sea. That same loose, social bonding makes some metals shockingly soft. Gallium looks like ordinary aluminum but melts at around 30 degrees Celsius, so a solid lump turns to liquid right in your warm palm. Mercury skips the trick entirely and is liquid at room temperature.","Metals share a sea of roaming electrons, and one metal is so loosely held it melts in your hand.","chemistry,metals,electrons,gallium",54,false,"metals-ores-and-free-state,atoms-mostly-empty-space,chemical-reactions-rearrange-atoms,catalysts-temporary-intermediates,oxidation-numbers-track-change","materials-and-chemistry,extreme-temperature,energy-and-power",
metals-ores-and-free-state,chemistry,Metals,Aluminum Was Once More Precious Than Gold,"Most metals hide inside rocky ores and take real effort to extract. Aluminum is everywhere in the Earth's crust, yet for a long time no one could cheaply separate it out. That made pure aluminum a luxury rarer than gold. Emperor Napoleon III reportedly served his most honored guests with aluminum cutlery while everyone else made do with mere gold. Then a new process made it cheap, and it became foil.",Aluminum was once so hard to extract that an emperor saved his aluminum cutlery for the most important guests.,"chemistry,metals,aluminum,ores",52,false,"metals-free-electrons-conduct,atoms-atomic-number-identity,molecules-smallest-identity-unit,chemical-elements-cannot-break-down,covalent-bonds-resonance",materials-and-chemistry,
oxidation-numbers-track-change,chemistry,Oxidation,Breathing Is Just Slow-Motion Burning,"A campfire and your own body run on the same chemistry. Burning wood combines fuel with oxygen and releases energy fast, in flames. Your cells do the identical thing to sugar, just slowly and carefully, releasing the energy in tiny controlled steps instead of one blaze. Both are oxidation, fuel losing electrons to oxygen. In a real sense, you're gently burning your breakfast all day long just to stay alive.","Your cells stay alive by oxidizing sugar, the same reaction as a fire, just slowed to a gentle smolder.","chemistry,oxidation,respiration,energy",50,false,"chemical-elements-cannot-break-down,chemical-reactions-rearrange-atoms,energy-capacity-to-work,pulsars-magnetar-burst-sunlight,combustion-heat-accelerates-reaction","energy-and-power,materials-and-chemistry,human-body-quirks,food-and-cuisine",
combustion-oxygen-reaction,chemistry,Combustion,"In Space, a Flame Is a Tiny Blue Sphere","A candle flame is teardrop-shaped for one reason: gravity. Hot gases rise and pull fresh oxygen up from below, stretching the flame into its familiar point. Take gravity away, as on the Space Station, and that updraft vanishes. Oxygen can only creep in slowly from every side, so the flame becomes a small, dim, blue sphere that barely flickers. Fire needs gravity just to look like fire.","Without gravity to feed it oxygen from below, a flame becomes a dim blue ball instead of a flickering point.","chemistry,combustion,fire,gravity",50,false,"combustion-heat-accelerates-reaction,chemical-reactions-rearrange-atoms,polymers-life-natural-polymers,black-holes-spaghettification,gravity-weak-universe-shaping,internal-combustion-engines-hot-gas-work","gravity-and-orbits,energy-and-power",
combustion-heat-accelerates-reaction,chemistry,Combustion,A Single Match Can Destroy Thousands of Acres of Forest,"A fire is its own engine. Once it starts, the heat it throws off raises the temperature of nearby fuel, which makes that fuel catch too, which throws off even more heat — a runaway loop that feeds itself. That's how one match, holding almost no energy at all, can end up consuming an entire forest. It also explains how to stop a fire: break any link in the loop — remove the fuel, smother the oxygen, or cool it down — and the whole chain collapses.","One tiny match holds almost no energy — and can still burn down a forest, thanks to a runaway loop.","chemistry,combustion,fire,chain-reaction",52,false,"combustion-oxygen-reaction,chemical-reactions-rearrange-atoms,oxidation-numbers-track-change,phoenix-reborn-from-fire,internal-combustion-engines-hot-gas-work,giant-sequoias-fire-bark","energy-and-power,parental-care,materials-and-chemistry,disaster-and-catastrophe",
catalysts-speed-without-consuming,chemistry,Catalysts,Your Enzymes Do in a Fraction of a Second What Would Otherwise Take Millions of Years,"A catalyst speeds up a reaction without being used up, coming back ready to do it again and again. Your body runs on them. Enzymes are biological catalysts, and some are almost unbelievably fast. One enzyme can take a reaction that would crawl along for millions of years on its own and finish it in a fraction of a second. Without these tiny helpers, the chemistry of life would simply be too slow to live.",Some enzymes finish in a heartbeat a reaction that would otherwise crawl along for millions of years on its own.,"chemistry,catalysts,enzymes,reactions",48,false,"catalysts-temporary-intermediates,chemical-reactions-rearrange-atoms,atoms-atomic-number-identity,periodic-table-group-patterns,chemical-elements-compounds-transform-properties","materials-and-chemistry,collective-behavior,numbers-and-mathematics,motion-and-force",
catalysts-temporary-intermediates,chemistry,Catalysts,Your Car Turns Poison Into Harmless Gas as You Drive,"Bolted onto every modern car is a quiet chemistry lab: the catalytic converter. Engine exhaust is full of poisons like carbon monoxide, and as those toxic gases pass through it, a coating of special metals rearranges the molecules into far safer stuff — mostly carbon dioxide, nitrogen, and water. The metal does this trick over and over without ever being used up, quietly scrubbing your exhaust clean mile after mile. Every drive you take is really a tiny chemistry experiment happening under the hood.",A honeycomb of precious metal in your exhaust pipe quietly converts poisonous fumes into harmless gas.,"chemistry,catalysts,catalytic-converter,platinum",54,false,"catalysts-speed-without-consuming,crystals-unit-cells-repeat,crystals-structure-changes-strength,chemical-reactions-rearrange-atoms,metals-free-electrons-conduct","materials-and-chemistry,energy-and-power,self-organizing-patterns",
polymers-giant-monomer-chains,chemistry,Polymers,"The DNA Coiled Inside Your Cells Could Stretch to the Sun and Back, Many Times Over","A polymer is a giant molecule built by linking thousands of small repeating units into a long chain, like beads on a string. They're not just plastics. Your DNA is a polymer, and the strand packed into a single one of your cells, if unwound, would stretch about two meters. Multiply that by your trillions of cells and the total DNA in your body could reach to the Sun and back many times over.","Uncoiled, the DNA in just one of your cells stretches about two meters — multiplied across your trillions of cells, it could reach the Sun and back many times over.","chemistry,polymers,dna,molecules",50,false,"polymers-life-natural-polymers,polymers-tunable-materials,molecules-smallest-identity-unit,skin-melanin-protects-dna,yeti-himalayan-snowline,atoms-mostly-empty-space","materials-and-chemistry,human-body-quirks,counterintuitive-scale",
polymers-life-natural-polymers,chemistry,Polymers,Engineers Still Can't Copy What a Spider Spins in Seconds,"Nature has been making polymers far longer than we have. Proteins, starch, and the cellulose in wood are all long chains of repeating units. The showstopper is spider silk: weight for weight it's tougher than steel and stretchier than rubber. Engineers have spent decades trying to manufacture something equivalent, and a spider still whips it up in seconds just to catch a fly.","Weight for weight it beats steel, and decades of labs haven't matched it.","chemistry,polymers,spider-silk,materials",50,false,"polymers-giant-monomer-chains,polymers-tunable-materials,metals-ores-and-free-state,jet-engines-throw-air-backward,concrete-aggregate-cement-water,steel-iron-carbon-alloy","gravity-and-orbits,materials-and-chemistry,flight-and-aviation",
polymers-tunable-materials,chemistry,Polymers,Teflon and Vulcanized Rubber Were Both Lucky Accidents,"By tweaking how the chains are built, chemists can dial a polymer to be soft, stretchy, or bulletproof. Some of the greatest hits were total accidents. Teflon's slippery coating was discovered when a gas mysteriously vanished and left a slick residue behind. Vulcanized rubber came from a careless spill onto a hot stove. From those happy mistakes came nonstick pans, car tires, and Kevlar vests, all just chains tuned to a purpose.","From nonstick pans to bulletproof vests, many world-changing polymers were discovered entirely by accident.","chemistry,polymers,teflon,materials-science",56,false,"polymers-giant-monomer-chains,polymers-life-natural-polymers,crystals-structure-changes-strength,nonstick-pans-accidental-teflon,chemical-reactions-rearrange-atoms","materials-and-chemistry,accidental-discovery,lost-and-rediscovered",
crystals-unit-cells-repeat,chemistry,Crystals,Every Snowflake Has Six Sides for the Same Reason,"A whole crystal grows from one tiny repeating block, called a unit cell, copied over and over in every direction. In ice, the water molecules lock into a six-sided pattern, and that single rule echoes outward across the entire snowflake. That's why every snowflake, however different, has six points. The branches vary because each one forms in slightly different air, but the six-fold rule never breaks.",Snowflakes all have six sides because one six-sided ice pattern repeats across the whole crystal.,"chemistry,crystals,snowflakes,unit-cell",50,false,"crystals-structure-changes-strength,catalysts-temporary-intermediates,polymers-giant-monomer-chains,snow-deposition,giants-causeway-basalt-columns","materials-and-chemistry,human-body-quirks,self-organizing-patterns",
crystals-structure-changes-strength,chemistry,Crystals,Cold Can Turn Solid Tin Into Crumbling Powder,"The same atoms can make a strong material or a crumbly one depending only on how their crystals are arranged. Tin has a nasty trick: in deep cold its atoms rearrange into a brittle crystal form, and the solid metal slowly disintegrates into gray powder, a process nicknamed tin pest. Legend even blames it for Napoleon's army, whose tin coat buttons supposedly crumbled in the Russian winter. Same metal, different crystal, total collapse.","In extreme cold, tin's crystals rearrange and the solid metal crumbles to powder, a fate once blamed on Napoleon's buttons.","chemistry,crystals,tin-pest,materials-science",54,false,"crystals-unit-cells-repeat,polymers-tunable-materials,catalysts-temporary-intermediates,metals-ores-and-free-state,chemical-elements-compounds-transform-properties","materials-and-chemistry,self-organizing-patterns,disaster-and-catastrophe,war-and-conflict",
pi-never-repeats,mathematics,Pi,You Only Need 40 Digits of Pi to Measure the Universe,"Pi's digits famously run on forever without repeating, and people have now computed trillions of them. But here's the twist: you almost never need them. NASA steers spacecraft across the solar system using just 15 digits of pi. And with only about 40 digits, you could calculate the circumference of the entire observable universe accurate to the width of a single hydrogen atom. The endless digits are mostly for fun.","Pi runs on forever, yet 40 digits is enough to size the whole universe to an atom's width.","pi,circles,space",52,false,"pi-ancient-approximations,topology-loops-cannot-shrink,topology-rubber-sheet-geometry,chess-indian-war-game,cosmic-microwave-background-atoms-five-percent","numbers-and-mathematics,stars-and-cosmos,materials-and-chemistry",
pi-ancient-approximations,mathematics,Pi,A US State Once Nearly Made Pi Equal 3.2,"In 1897, an amateur mathematician convinced Indiana's legislature to consider a bill that effectively redefined pi as 3.2. The state House passed it unanimously. It was only halted when a real mathematician happened to be visiting the statehouse, overheard the debate, and quietly coached the senators to kill it. Pi is fixed by nature, not by vote, but Indiana came surprisingly close to legislating bad geometry.","In 1897 a legislature almost voted pi into being 3.2, stopped only by a visiting mathematician.","pi,history,oddities",54,false,"pi-never-repeats,topology-rubber-sheet-geometry,probability-gambling-origin,patents-three-main-types,topology-loops-cannot-shrink",numbers-and-mathematics,
prime-numbers-building-blocks,mathematics,Prime Numbers,Cicadas Survive Using Prime Numbers,"Some cicadas spend exactly 13 or 17 years underground, then emerge all at once to breed. Those numbers aren't random; they're prime. A life cycle that's a prime number of years is hard for predators with shorter cycles to sync up with, so the cicadas rarely surface in step with a boom in their enemies. Evolution, it seems, stumbled onto number theory long before mathematicians named it.",13- and 17-year cicadas may use prime-numbered life cycles to keep from syncing up with predators.,"prime-numbers,cicadas,nature",54,false,"prime-numbers-cryptography,chaos-theory-butterfly-effect,pi-ancient-approximations,cicadas-underground-years,cicadas-loud-songs,cicadas-shed-skins","numbers-and-mathematics,hidden-underground,accidental-discovery",
prime-numbers-cryptography,mathematics,Prime Numbers,A 41-Million-Digit Prime Number Is Quietly Guarding Your Bank Login,"For ages, hunting giant prime numbers looked like a hobby with no purpose. Then cryptographers realized something: multiplying two huge primes is easy, but working backward to find them from the result is brutally hard, even for supercomputers. That one-way difficulty quietly guards your bank logins and private messages. The largest prime ever found has over 41 million digits, and printing it would fill thousands of books.","Multiplying two huge primes is easy, but reversing it is so brutally hard that this quirk protects your bank logins and private messages — the largest known prime has over 41 million digits.","prime-numbers,cryptography,security",53,false,"prime-numbers-building-blocks,topology-rubber-sheet-geometry,pi-ancient-approximations,voynich-yale-library,keys-serrated-flat-key,enigma-rotors-plugboard","numbers-and-mathematics,record-extremes,codes-and-cryptography,storytelling-and-narrative",
probability-gambling-origin,mathematics,Probability,"In a Room of 23 People, Two Probably Share a Birthday","It feels like you'd need hundreds of people for a birthday match, since there are 365 days. But you only need 23 for better-than-even odds. The trick is that you're not comparing yourself to everyone; you're comparing every possible pair, and 23 people make 253 pairs. By 70 people, a shared birthday is nearly certain. Our gut sense of chance is often wildly off.",It takes just 23 people for a coin-flip chance that two of them share a birthday.,"probability,birthday-paradox,statistics",52,false,"probability-unfinished-bet,probability-logic-uncertainty,topology-rubber-sheet-geometry,pi-ancient-approximations,topology-loops-cannot-shrink",numbers-and-mathematics,
probability-unfinished-bet,mathematics,Probability,Switching Doors Doubles Your Odds on a Game Show,"You pick one of three doors; a car hides behind one, goats behind the others. The host, who knows where the car is, opens a different door to reveal a goat, then asks if you want to switch. It feels like a 50/50 toss, so why bother. But switching wins two times out of three, because the host's choice leaks information. This Monty Hall puzzle fooled thousands, including professional mathematicians.","On the Monty Hall problem, switching doors wins two-thirds of the time, a result that stumped even experts.","probability,monty-hall,counterintuitive",54,false,"probability-gambling-origin,probability-logic-uncertainty,pi-ancient-approximations,topology-rubber-sheet-geometry,game-theory-not-winning-alone","games-and-play,numbers-and-mathematics,deception-and-hoax",
probability-logic-uncertainty,mathematics,Probability,Roulette Once Hit Black 26 Times in a Row,"In 1913, a roulette wheel in Monte Carlo landed on black 26 spins straight. Gamblers crowded in betting on red, certain it was 'due,' and lost fortunes as black kept coming. But the wheel has no memory: each spin is independent, and red was never any more likely. This is the gambler's fallacy, the false belief that past random results change future ones. The odds simply don't care.",A 26-spin black streak in 1913 bankrupted bettors who wrongly thought red was 'due.',"probability,gamblers-fallacy,gambling",53,false,"probability-unfinished-bet,probability-gambling-origin,chaos-theory-rules-unpredictable,prime-numbers-building-blocks,geometry-earth-measurement","gravity-and-orbits,collective-behavior,lost-and-rediscovered,psychology-and-behavior",
geometry-earth-measurement,mathematics,Geometry,He Measured the Whole Earth With a Stick and a Shadow,"Around 240 BCE, Eratosthenes noticed that at noon on the longest day, the sun lit the bottom of a well in one Egyptian city but cast a shadow in another. From the shadow's angle and the distance between the cities, he calculated the Earth's circumference. His answer landed within a few percent of the modern value. No satellites, no instruments, just shadows, geometry, and a clever mind.","Using only shadows and geometry, Eratosthenes sized up the entire Earth and got remarkably close.","geometry,eratosthenes,ancient-math",51,false,"pi-ancient-approximations,topology-rubber-sheet-geometry,probability-gambling-origin,prime-numbers-cryptography,topology-loops-cannot-shrink","numbers-and-mathematics,record-extremes,animal-intelligence,music-and-sound",
calculus-motion-and-geometry,mathematics,Calculus,Two Men Invented Calculus and Then Went to War,"Isaac Newton and Gottfried Leibniz each developed calculus independently in the late 1600s, then spent years in a bitter feud over who did it first. Accusations of plagiarism flew across Europe and split the math world along national lines for generations. Historians now credit both. Ironically, the notation we all use today, including the integral sign, came mostly from Leibniz, the very man Newton's camp attacked.","Newton and Leibniz invented calculus separately, then waged a bitter decades-long feud over the credit.","calculus,newton,leibniz",54,false,"prime-numbers-building-blocks,pi-never-repeats,motion-force-changes-motion,indigo-ancient-dye,topology-loops-cannot-shrink","invention-and-breakthrough,war-and-conflict,motion-and-force",
chaos-theory-rules-unpredictable,mathematics,Chaos Theory,A Double Pendulum Never Swings the Same Way Twice,"Attach one pendulum to the bottom of another and set it swinging. Despite following simple, exact physics, its motion turns wild and unpredictable, flipping and looping in patterns that never repeat. Start it from a position a hair's breadth different and it soon traces a completely different path. The double pendulum is a favorite demonstration of chaos: total determinism producing behavior no one can forecast.",A double pendulum obeys exact physics yet swings so unpredictably it never retraces the same path.,"chaos-theory,double-pendulum,unpredictability",53,false,"chaos-theory-butterfly-effect,probability-logic-uncertainty,probability-unfinished-bet,geometry-earth-measurement,game-theory-not-winning-alone",psychology-and-behavior,
chaos-theory-butterfly-effect,mathematics,Chaos Theory,A Rounding Error Gave Us the Butterfly Effect,"In 1961, meteorologist Edward Lorenz reran a weather simulation and typed in 0.506 instead of the full 0.506127 the computer had stored. That tiny shortcut produced a wildly different forecast. Lorenz realized that in some systems, microscopic differences explode into enormous ones, an idea he captured as the butterfly effect: a butterfly flapping its wings could, in principle, help set off a distant storm weeks later.","Edward Lorenz discovered the butterfly effect by accident, when rounding one number reshaped an entire forecast.","chaos-theory,butterfly-effect,weather",52,false,"chaos-theory-rules-unpredictable,prime-numbers-building-blocks,probability-gambling-origin,topology-rubber-sheet-geometry,pi-ancient-approximations","flight-and-aviation,accidental-discovery,numbers-and-mathematics,computing-and-web",
game-theory-not-winning-alone,mathematics,Game Theory,A Simple 'Be Nice' Strategy Beat All the Sharks,"In 1980, a political scientist ran a tournament pitting strategies against each other in repeated prisoner's dilemmas. Brainy, ruthless programs poured in. The winner was the simplest: tit-for-tat, which just cooperates first, then copies whatever the opponent did last. By being nice but never a pushover, it quietly outscored every cutthroat rival. The result suggested cooperation can win, even in a contest built around betrayal.","In a famous tournament, a simple cooperate-first strategy called tit-for-tat beat every more ruthless rival.","game-theory,tit-for-tat,cooperation",54,false,"probability-unfinished-bet,chaos-theory-rules-unpredictable,prime-numbers-cryptography,probability-logic-uncertainty,topology-rubber-sheet-geometry","games-and-play,symbiosis-and-cooperation",
topology-rubber-sheet-geometry,mathematics,Topology,A Mobius Strip Has Only One Side,"Take a strip of paper, give it a single half-twist, and tape the ends together. Run your finger along the surface and you'll travel both 'sides' and return to the start without ever lifting it. You've made a Mobius strip, a loop with just one side and one edge. Cut it down the middle and, instead of two loops, you get one longer twisted band. It's geometry that quietly defies common sense.",A strip of paper with a half-twist becomes a Mobius strip: a surface with only one side and one edge.,"topology,mobius-strip,surfaces",52,false,"topology-loops-cannot-shrink,pi-ancient-approximations,probability-gambling-origin,pi-never-repeats,prime-numbers-building-blocks",numbers-and-mathematics,
topology-loops-cannot-shrink,mathematics,Topology,"Somewhere on Earth, the Wind Is Always Still","There's a theorem nicknamed the hairy ball theorem: you can't comb the hair flat on a fuzzy ball without leaving at least one cowlick somewhere. Now picture Earth's winds as that hair. The math guarantees that at any moment there must be at least one point on the planet where the horizontal wind is exactly zero, a calm spot, somewhere. You simply can't smooth it all away. Topology says so.",The hairy ball theorem proves there's always at least one spot on Earth with no horizontal wind.,"topology,hairy-ball-theorem,wind",52,false,"topology-rubber-sheet-geometry,pi-never-repeats,pi-ancient-approximations,probability-gambling-origin,prime-numbers-building-blocks","stars-and-cosmos,numbers-and-mathematics",
advertising-persuades-public,business,Advertising,Listerine Invented a Disease to Sell Mouthwash,"Listerine started life as a surgical antiseptic and even a floor cleaner. Sales were sluggish until, in the 1920s, its makers seized on an obscure medical word for bad breath: halitosis. Their ads recast everyday morning breath as a shameful social condition that kept people single and unhired. Within years, revenue jumped from tens of thousands to millions. They didn't just sell a product; they sold the fear of a problem.",Listerine's sales exploded once its ads turned ordinary bad breath into a dreaded 'medical' condition.,"advertising,marketing,persuasion",52,false,"advertising-funds-media,advertising-modern-printing,monopolies-one-seller-power,scarcity-raises-value,entrepreneurship-risk-profit","money-trade-and-value,medicine-and-cures,invention-and-breakthrough,psychology-and-behavior",
advertising-funds-media,business,Advertising,One Ad Campaign Convinced the World to Buy Diamond Rings,"Diamond engagement rings feel like an ancient tradition, but they're largely a 20th-century invention. In 1947, an ad agency working for De Beers coined the slogan 'A Diamond Is Forever,' tying the gem to eternal love and quietly discouraging anyone from ever reselling theirs. Demand soared, and a 'two months' salary' rule appeared out of thin air. One of history's most successful campaigns manufactured a global custom.","The diamond engagement ring isn't an old tradition, it's the result of a brilliant 1947 ad slogan.","advertising,de-beers,diamond",53,false,"advertising-persuades-public,advertising-modern-printing,monopolies-one-seller-power,covalent-bonds-resonance,patents-three-main-types","origins-and-naming,money-trade-and-value,invention-and-breakthrough",
advertising-modern-printing,business,Advertising,The First Web Banner Ad Got Almost Half Its Viewers to Click,"In October 1994, the website HotWired ran what's considered the first paid banner ad, a simple bar reading 'Have you ever clicked your mouse right here? You will.' It worked astonishingly well: about 44% of the people who saw it clicked. Today's banner ads are lucky to get a single click from a thousand viewers. The internet's very first ad may still be its most successful one ever.","The internet's first banner ad in 1994 had a 44% click rate, thousands of times today's average.","advertising,internet,digital-marketing",52,false,"advertising-persuades-public,advertising-funds-media,trademarks-protect-brands,memes-cultural-power,internet-arpanet-first-connection,world-wide-web-cern-1989","computing-and-web,internet-and-virality,money-trade-and-value",
brands-shape-perception,business,Brands,People Prefer Pepsi in Blind Tests but Coke on the Shelf,"In blind taste tests, more people tend to pick Pepsi, drawn to its sweeter hit. Yet Coca-Cola outsells it. Scientists scanned testers' brains to find out why: when people could see the Coke label, the brand lit up memory and reward areas that overpowered the taste itself. Dubbed the Pepsi Paradox, it shows a brand can literally change how good something tastes inside your head.","Brain scans show the Coca-Cola label can override taste itself, making Coke 'win' despite losing blind tests.","brands,neuroscience,perception",52,false,"trademarks-protect-brands,advertising-persuades-public,perception-brain-fills-gaps,afterimages-one-eye,branding-protected-by-trademarks,memory-fading-helps-time","perception-and-brain,psychology-and-behavior",
corporations-limit-owner-risk,business,Corporations,"The World's Oldest Company Ran for Over 1,400 Years","Most businesses are lucky to last a few decades. A Japanese construction firm called Kongo Gumi lasted from 578 CE until 2006, more than fourteen centuries, building Buddhist temples through generations of the same family. It survived wars, disasters, and changing dynasties before finally being absorbed by a larger company. Dozens of businesses in Japan are over a thousand years old, often inns and temple builders.","A Japanese temple-building firm stayed in business for over 1,400 years before closing in 2006.","corporations,history,japan",53,false,"franchises-support-control-tradeoff,franchises-license-a-business,cherry-blossoms-1912-gift,supply-demand-price-signal,stock-market-fuels-growth","architecture-and-structures,record-extremes,disaster-and-catastrophe,war-and-conflict",
entrepreneurship-risk-profit,business,Entrepreneurship,"He Built 5,127 Vacuums Before One Worked","Frustrated with a vacuum that kept losing suction, James Dyson set out to design a better one. It took him fifteen years and 5,126 failed prototypes; the 5,127th finally worked. He was deep in debt by the time it succeeded, and no manufacturer wanted his bagless design, so he launched his own company. Today he's a billionaire. Entrepreneurship often looks less like a flash of genius and more like stubborn failure.","James Dyson made 5,126 failed prototypes over 15 years before his bagless vacuum finally worked.","entrepreneurship,dyson,persistence",51,false,"patents-three-main-types,patents-right-to-exclude,monopolies-one-seller-power,advertising-funds-media,trade-secrets-can-last-indefinitely",invention-and-breakthrough,
monopolies-one-seller-power,business,Monopolies,The Game Monopoly Was Invented to Attack Monopolies,"The board game began as 'The Landlord's Game,' patented in 1904 by Elizabeth Magie. She designed it to show how landlords and monopolists grow rich by squeezing everyone else, a pointed warning against concentrated wealth. Decades later a man sold a nearly identical game to Parker Brothers as his own, and it became Monopoly, a celebration of bankrupting your rivals. The original anti-monopoly lesson got completely flipped.","Monopoly started as a game designed to warn players about the evils of monopolists, then became a tribute to them.","monopolies,history,board-games",51,false,"monopolies-competition-spectrum,monopolies-entry-barriers,patents-three-main-types,advertising-funds-media,advertising-persuades-public","invention-and-breakthrough,games-and-play,money-trade-and-value",
monopolies-entry-barriers,business,Monopolies,Breaking Up His Monopoly Made Rockefeller Richer,"By 1900, John D. Rockefeller's Standard Oil controlled about 90% of America's oil. In 1911, the Supreme Court declared it an illegal monopoly and split it into 34 separate companies, ancestors of today's ExxonMobil and Chevron. Here's the twist: Rockefeller owned shares in every piece, and as those new companies thrived on their own, his fortune actually grew. The breakup meant to humble him helped make him the richest man alive.","When Standard Oil was broken into 34 companies, Rockefeller owned them all and grew even richer.","monopolies,standard-oil,rockefeller",53,false,"monopolies-one-seller-power,monopolies-competition-spectrum,franchises-support-control-tradeoff,supply-demand-price-signal,trade-secrets-can-last-indefinitely",,
monopolies-competition-spectrum,business,Monopolies,You Used to Have to Rent Your Telephone,"For most of the 20th century, one company, AT&T, so completely dominated US phone service that you couldn't even own your home telephone. You rented it, month after month, and were forbidden from attaching any device the company hadn't approved. This near-total monopoly, nicknamed Ma Bell, was finally broken up in 1984 into regional 'Baby Bells.' Only then could Americans freely buy and own their own phones.","Under AT&T's old monopoly, Americans rented their telephones and couldn't legally own one until the 1984 breakup.","monopolies,att,telecommunications",54,false,"monopolies-one-seller-power,monopolies-entry-barriers,franchises-license-a-business,corporations-limit-owner-risk,advertising-funds-media",,
supply-demand-price-signal,business,Supply and Demand,"In 2020, Oil Was Worth Less Than Nothing","Prices almost always stay above zero, but in April 2020 something bizarre happened: the price of US oil went negative, plunging to about minus $37 a barrel. With the pandemic crushing demand and storage tanks overflowing, traders stuck holding oil they couldn't store were willing to pay other people to take it off their hands. For one strange day, supply so overwhelmed demand that oil became a liability, not an asset.","In April 2020, US oil prices crashed below zero, so sellers paid buyers to haul it away.","supply-and-demand,oil,prices",52,false,"stock-market-fuels-growth,franchises-license-a-business,monopolies-one-seller-power,advertising-funds-media,advertising-modern-printing","money-trade-and-value,disaster-and-catastrophe,numbers-and-mathematics",
branding-protected-by-trademarks,business,Branding,Every Fast-Food Giant Uses the Same 'Hunger Hack' Color Combo on Purpose,"Look at McDonald's, Burger King, KFC, Wendy's: red and yellow everywhere. It's no accident. Marketers lean on color psychology, the idea that certain hues nudge your feelings without you noticing. Red is thought to stir appetite and urgency, while yellow grabs attention and feels cheerful and fast. Together they're sometimes called the 'ketchup and mustard' effect, colors picked specifically to make you hungry and keep you moving through the line.","McDonald's, Burger King, KFC, and Wendy's all lean on the same red-and-yellow trick, colors thought to spark appetite, urgency, and attention on sight.","branding,color-psychology,fast-food",53,false,"franchises-license-a-business,trade-secrets-can-last-indefinitely,velcro-manufacturing-challenge,trade-secrets-valuable-because-secret,advertising-persuades-public","money-trade-and-value,color-and-light,psychology-and-behavior,food-and-cuisine",
franchises-license-a-business,business,Franchises,McDonald's Makes More From Real Estate Than Burgers,"McDonald's may look like a burger company, but at its core it acts like a landlord. The corporation often owns or leases the land and building beneath each franchised restaurant, then rents it to the franchisee, frequently earning more from that rent than from food royalties. As one executive put it, the business they're really in is real estate. The burgers mostly help fill the buildings the company profits from.","McDonald's earns much of its money as a landlord, renting land to franchisees rather than selling burgers.","franchises,mcdonalds,real-estate",53,false,"franchises-fees-and-royalties,franchises-support-control-tradeoff,branding-protected-by-trademarks,trade-secrets-valuable-because-secret,trade-secrets-can-last-indefinitely","money-trade-and-value,architecture-and-structures,food-and-cuisine",
franchises-fees-and-royalties,business,Franchises,The McDonald's You Know Was Taken From Two Brothers,"Richard and Maurice McDonald built a fast, efficient burger stand in California. A milkshake-machine salesman named Ray Kroc saw it, talked his way into franchising it nationwide, and eventually bought the brothers out, then opened a competing restaurant right near theirs and squeezed them out of the business they'd created. He even disputed their original handshake deal. The empire still bears their name, but Kroc made it his.","Ray Kroc franchised the McDonald brothers' restaurant, then bought them out and pushed them aside.","franchises,mcdonalds,ray-kroc",53,false,"franchises-license-a-business,franchises-support-control-tradeoff,branding-protected-by-trademarks,monopolies-one-seller-power,startups-first-years-matter",,
franchises-support-control-tradeoff,business,Franchises,The World's Biggest Chain Is Japanese-Owned 7-Eleven,"No restaurant or retail brand has more locations than 7-Eleven, which operates well over 80,000 stores worldwide, more than McDonald's or any other chain. Here's the twist: although 7-Eleven was founded in Texas, the brand is now owned by a Japanese company, and Japan has more 7-Elevens than the United States does. The convenience store that defined American late-night runs is, today, largely a Japanese empire.","7-Eleven has more locations than any chain on Earth, and the Texas-born brand is now Japanese-owned.","franchises,7-eleven,retail",54,false,"franchises-fees-and-royalties,franchises-license-a-business,corporations-limit-owner-risk,monopolies-entry-barriers,trademarks-protect-brands",record-extremes,
startups-first-years-matter,business,Startups,"Instagram Started as a Check-In App, YouTube as a Dating Site",Many famous companies began as something completely different and pivoted when their first idea flopped. Instagram started as a clunky location check-in app called Burbn before stripping down to just photos. YouTube launched as a video dating site where almost no one uploaded a date. Slack was the leftover chat tool from a failed video game. Sometimes the real business is hiding inside the wreckage of the original plan.,"Instagram, YouTube, and Slack each began as a different failing idea before pivoting into what we know.","startups,pivot,tech-history",54,false,"advertising-modern-printing,monopolies-one-seller-power,corporations-limit-owner-risk,entrepreneurship-risk-profit,franchises-support-control-tradeoff","games-and-play,internet-and-virality",
stock-market-fuels-growth,business,Stock Market,A Single Tulip Bulb Once Cost More Than a House,"The first great speculative bubble wasn't about stocks or crypto, it was about flowers. In 1630s Holland, tulips became a craze, and prices for rare bulbs spiraled to insane heights, with a single prized bulb reportedly trading for more than a grand Amsterdam house. Then, in early 1637, the market collapsed almost overnight, ruining buyers left holding worthless bulbs. 'Tulip mania' is still invoked as a warning about crowds and greed.","In 1630s Holland, speculation drove a single tulip bulb's price above that of a house, then it crashed.","stock-market,bubble,tulip-mania",53,false,"supply-demand-price-signal,monopolies-one-seller-power,franchises-license-a-business,advertising-funds-media,advertising-modern-printing","money-trade-and-value,disaster-and-catastrophe,plants-and-botany,collective-behavior",
patents-right-to-exclude,business,Patents,Abraham Lincoln Is the Only US President With a Patent,"Long before the White House, Abraham Lincoln invented a device to lift riverboats over sandbars using inflatable chambers, earning Patent No. 6,469 in 1849. His boat lifter was never actually built, but he remains the only US president ever to hold a patent. Lincoln loved the system, once saying it 'added the fuel of interest to the fire of genius.' For him, protecting ideas was central to human progress.","Abraham Lincoln patented a boat-lifting device in 1849, making him the only US president to ever hold a patent.","patents,abraham-lincoln,invention",54,false,"patents-three-main-types,entrepreneurship-risk-profit,monopolies-one-seller-power,safety-pin-debt,windshield-wipers-snowy-trolley,wheels-pottery-turntable","invention-and-breakthrough,energy-and-power",
patents-three-main-types,business,Patents,Someone Patented Swinging Sideways on a Swing,"Patents are supposed to protect genuine inventions, but odd ones slip through. In 2002, the US patent office actually granted a patent for a 'method of swinging on a swing', side to side instead of back and forth, filed on behalf of a five-year-old. It was later revoked after public mockery. Other real patents have covered a stick for throwing to a dog and the combover hairstyle. The system isn't foolproof.","The US once granted a patent for swinging sideways on a swing, filed for a five-year-old, before revoking it.","patents,oddities,intellectual-property",53,false,"patents-right-to-exclude,trade-secrets-valuable-because-secret,entrepreneurship-risk-profit,safety-pin-debt,pi-ancient-approximations,telephone-transmits-speech",invention-and-breakthrough,
trade-secrets-valuable-because-secret,business,Trade Secrets,Coca-Cola's Recipe Sits in a Bank Vault,"Coca-Cola has guarded its formula as a trade secret for more than a century, never patenting it, because a patent would have forced the company to publish the recipe for all to see. Instead the formula lives behind heavy security; the company even moved it into a purpose-built vault in Atlanta that you can visit. Legend says only a couple of executives know it. Secrecy, not the law, is what keeps it safe.","Coca-Cola never patented its formula, guarding it as a trade secret locked in an Atlanta vault for over a century.","trade-secrets,coca-cola,intellectual-property",53,false,"trade-secrets-can-last-indefinitely,patents-three-main-types,franchises-license-a-business,monopolies-one-seller-power,entrepreneurship-risk-profit","money-trade-and-value,myth-vs-reality,invention-and-breakthrough,food-and-cuisine",
trade-secrets-can-last-indefinitely,business,Trade Secrets,KFC Splits Its Secret Recipe Between Two Companies,"A patent protects an invention for about 20 years, then expires. A trade secret can last forever, as long as it stays secret, which is why some recipes are guarded obsessively. KFC reportedly keeps its blend of '11 herbs and spices' locked away, with the formula split so that two separate companies each mix only part of it, and neither knows the whole thing. Decades later, it's still a closely held mystery.","Unlike a 20-year patent, a trade secret can last forever, which is why KFC splits its recipe between two firms.","trade-secrets,kfc,confidentiality",54,false,"trade-secrets-valuable-because-secret,patents-three-main-types,franchises-license-a-business,branding-protected-by-trademarks,monopolies-one-seller-power","invention-and-breakthrough,food-and-cuisine,money-trade-and-value,counterintuitive-scale",
trademarks-protect-brands,business,Trademarks,Aspirin and Escalator Were Once Brand Names,"A trademark can be too successful. When a brand name becomes the everyday word for the whole product, the company can lose its exclusive rights, a fate called genericide. Aspirin, escalator, thermos, trampoline, and zipper were all once protected brand names that slipped into common speech and lost their trademarks. It's exactly why companies nervously remind us to 'search on a search engine' rather than just google something.","Aspirin, escalator, and thermos were all trademarks lost to 'genericide' when the names became everyday words.","trademark,genericide,brands",52,false,"brands-shape-perception,advertising-modern-printing,velcro-manufacturing-challenge,search-engines-google-backrub,franchises-license-a-business","money-trade-and-value,energy-and-power,lost-and-rediscovered,computing-and-web",
banking-deposits-become-loans,economics,Banking,Banks Create Most Money Out of Thin Air,"Here's a fact that surprises most people: banks don't just lend out money that others deposited. When a bank approves a loan, it largely creates new money by typing the amount into the borrower's account. That freshly made money didn't exist a moment before. Governments print only a sliver of the cash supply; the vast majority of money in a modern economy is conjured into being by commercial banks making loans.","Most money isn't printed by governments, it's created by commercial banks the moment they make a loan.","banking,money-creation,loans",51,false,"banking-creates-bank-money,currency-more-than-cash,supply-chains-raw-to-retail,barter-gift-exchange-different,taxes-fund-public-needs",money-trade-and-value,
banking-creates-bank-money,economics,Banking,Your Bank Doesn't Actually Have Your Money,"If everyone with an account showed up tomorrow demanding their cash, the bank couldn't pay. Banks keep only a small fraction of deposits on hand and lend the rest out, so the money on your screen isn't sitting in a vault, it's circulating in loans. When savers panic and rush to withdraw all at once, it's called a bank run, and it can topple even a healthy bank. Deposit insurance was invented to calm the panic.","Banks lend out most of your deposit, so if everyone withdrew at once, the cash simply wouldn't be there.","banking,bank-runs,deposits",52,false,"banking-deposits-become-loans,scarcity-raises-value,barter-oldest-commerce,currency-more-than-cash,supply-chains-raw-to-retail","money-trade-and-value,invention-and-breakthrough,numbers-and-mathematics",
barter-oldest-commerce,economics,Barter,"In POW Camps, Cigarettes Became Real Money","When official money disappears, people invent their own. In World War II prisoner-of-war camps, cigarettes spontaneously became the currency. Prices for food, clothes, and services were quoted in cigarettes, even by prisoners who didn't smoke. They were durable, portable, and came in handy small units, everything money needs to be. An economist who lived it later wrote a famous paper describing how a tiny cashless economy reinvented money from scratch.","In WWII prison camps, cigarettes became a full-blown currency, even among prisoners who never smoked.","barter,currency,history",51,false,"barter-gift-exchange-different,currency-more-than-cash,currency-can-be-unusual,banking-creates-bank-money,banking-deposits-become-loans","money-trade-and-value,invention-and-breakthrough,war-and-conflict,food-and-cuisine",
barter-gift-exchange-different,economics,Barter,This Culture Won Status by Burning Their Own Wealth in Public,"Not every economy chases profit. Among Indigenous peoples of the Pacific Northwest, the potlatch was a grand ceremony where hosts boosted their status by giving away, or even destroying, enormous amounts of property: blankets, food, canoes, sometimes burning valuables outright. The more you gave up, the higher you rose. Colonial governments found it so baffling and threatening that Canada and the US actually banned the practice for decades.","In the potlatch, hosts raised their status by giving away — or even destroying — blankets, canoes, and food. It baffled colonial governments so much they banned it for decades.","barter,gift-economy,potlatch",53,false,"barter-oldest-commerce,banking-deposits-become-loans,inflation-weakens-buying-power,currency-more-than-cash,supply-chains-raw-to-retail","money-trade-and-value,food-and-cuisine",
capitalism-growth-not-guaranteed,economics,Capitalism,Two Koreas Look Like Night and Day From Space,"One of history's starkest economic experiments is visible from orbit. Satellite photos of the Korean Peninsula at night show South Korea blazing with electric light while North Korea sits in near-total darkness, a black void between China and the glowing south. The two share a language, a history, and a people, split in 1945. The dramatic difference in brightness is, in large part, a difference in economic systems.","From space at night, prosperous South Korea glows while North Korea is dark, a vivid map of two economic systems.","capitalism,north-korea,economic-systems",53,false,"currency-more-than-cash,supply-chains-raw-to-retail,banking-deposits-become-loans,inflation-weakens-buying-power,taxes-fund-public-needs","gravity-and-orbits,money-trade-and-value,energy-and-power,bioluminescence-and-glow",
currency-more-than-cash,economics,Currency,There Are More $100 Bills Than $1 Bills,"You see one-dollar bills constantly and rarely handle a hundred, so it feels like small bills must dominate. They don't. There are actually more $100 bills in existence than $1 bills. The catch: most of those hundreds aren't in American wallets at all. A large share of US cash circulates overseas, hoarded abroad as a stable store of value. The bill you see least is the one there's the most of.","There are more $100 bills in circulation than $1 bills, and most of them sit outside the United States.","currency,cash,money-supply",52,false,"currency-can-be-unusual,barter-oldest-commerce,banking-deposits-become-loans,supply-chains-raw-to-retail,barter-gift-exchange-different,inflation-has-multiple-causes",money-trade-and-value,
currency-can-be-unusual,economics,Currency,This Island Used Giant Stone Coins Too Heavy to Move,"On the Pacific island of Yap, money came in the form of rai: enormous carved stone discs, some twelve feet across and weighing tons. They were far too heavy to carry, so they simply stayed put while everyone agreed on who owned which stone. Ownership could change hands without the stone ever moving an inch. One famous rai sank to the sea floor, and the islanders kept treating it as valuable anyway.","The island of Yap used stone discs the size of cars as money, including one at the bottom of the sea.","currency,yap-stones,money",52,false,"currency-more-than-cash,barter-oldest-commerce,recession-not-depression,banking-deposits-become-loans,inflation-has-multiple-causes","money-trade-and-value,disaster-and-catastrophe,counterintuitive-scale",
economic-bubbles-name-matters,economics,Economic Bubbles,Isaac Newton Lost a Fortune in a Stock Bubble,"Even history's greatest genius wasn't immune to market mania. In 1720, Isaac Newton invested in the booming South Sea Company, sold early for a tidy profit, then watched prices keep climbing and jumped back in near the top, just before the bubble burst. He lost a fortune, perhaps millions in today's money. He reportedly grumbled that he could calculate the motions of the heavens but not the madness of people.","Isaac Newton was wiped out by the 1720 South Sea Bubble, saying he could predict planets but not human madness.","economic-bubbles,south-sea-bubble,isaac-newton",54,false,"inflation-weakens-buying-power,banking-deposits-become-loans,currency-more-than-cash,supply-chains-raw-to-retail,barter-gift-exchange-different","money-trade-and-value,stars-and-cosmos,human-body-quirks,lost-and-rediscovered",
inflation-weakens-buying-power,economics,Inflation,Germans Once Burned Cash to Stay Warm,"In 1923, runaway inflation in Germany made money nearly worthless almost overnight. Prices doubled every few days, and workers were paid twice a day so they could spend before their wages lost value. People hauled wheelbarrows of banknotes just to buy a loaf of bread, and some found it cheaper to burn stacks of cash in the stove than to buy firewood with it. Money had literally become fuel.","During Germany's 1923 hyperinflation, cash grew so worthless that burning it for heat was cheaper than buying wood.","inflation,hyperinflation,weimar-germany",51,false,"inflation-has-multiple-causes,barter-gift-exchange-different,economic-bubbles-name-matters,banking-deposits-become-loans,currency-more-than-cash","money-trade-and-value,energy-and-power,lost-and-rediscovered,food-and-cuisine",
inflation-has-multiple-causes,economics,Inflation,One Country's Prices Doubled Every 15 Hours,"Germany's famous inflation looks mild next to the all-time record. In Hungary in 1946, prices doubled roughly every 15 hours, the fastest inflation ever recorded, forcing the government to print a banknote worth 100 quintillion pengo. Decades later Zimbabwe came close, issuing a single 100-trillion-dollar bill that could barely buy a bus ticket. When trust in money collapses, the zeros pile up faster than anyone can spend them.","Hungary's 1946 inflation doubled prices every 15 hours, the fastest ever, with a 100-quintillion-pengo note.","inflation,hyperinflation,hungary",54,false,"inflation-weakens-buying-power,recession-not-depression,currency-more-than-cash,banking-deposits-become-loans,currency-can-be-unusual","money-trade-and-value,record-extremes,disaster-and-catastrophe,music-and-sound",
recession-not-depression,economics,Recession,'Depression' Was Picked Because It Sounded Gentle,"Earlier downturns were bluntly called 'panics' or 'crises.' When the economy cratered around 1929, President Herbert Hoover and others preferred the word 'depression,' reportedly because it sounded milder and less alarming than panic. The irony is brutal: the slump grew so catastrophic, with unemployment near 25%, that 'the Great Depression' became the very byword for economic disaster the soft word was meant to avoid.","Leaders chose the word 'depression' because it sounded gentler than 'panic', just before the Great Depression made it terrifying.","recession,great-depression,history",52,false,"inflation-has-multiple-causes,banking-deposits-become-loans,currency-can-be-unusual,currency-more-than-cash,supply-chains-raw-to-retail","disaster-and-catastrophe,money-trade-and-value,music-and-sound",
supply-chains-raw-to-retail,economics,Supply Chains,One Stuck Ship Jammed $10 Billion of Trade a Day,"In March 2021, a single colossal container ship, the Ever Given, wedged itself sideways across Egypt's Suez Canal and got stuck for six days. The canal is a chokepoint for roughly 12% of global trade, so the blockage froze an estimated $10 billion worth of goods every day, with hundreds of ships backed up waiting. It was a vivid reminder of how the world's supply chains can hinge on one narrow waterway.","When the Ever Given wedged across the Suez Canal in 2021, it stalled an estimated $10 billion in trade per day.","supply-chains,suez-canal,global-trade",53,false,"banking-deposits-become-loans,currency-more-than-cash,barter-gift-exchange-different,taxes-fund-public-needs,scarcity-raises-value",money-trade-and-value,
taxes-fund-public-needs,economics,Taxes,England Once Taxed You by Your Windows,"In 1696, England introduced a tax based on how many windows a house had, an easy way to estimate wealth without prying into people's income. The result was predictable: homeowners bricked up their windows to dodge the charge, and you can still spot the blocked-up openings on old British buildings today. Some say the resulting gloom gave us the phrase 'daylight robbery.' Tax people on something visible, and they will hide it.","England's old window tax led people to brick up their windows, and may be the origin of 'daylight robbery.'","taxes,window-tax,history",52,false,"banking-deposits-become-loans,currency-more-than-cash,supply-chains-raw-to-retail,barter-gift-exchange-different,scarcity-raises-value","money-trade-and-value,architecture-and-structures",
scarcity-raises-value,economics,Scarcity,Companies Invent Scarcity on Purpose,"Not all shortages are natural; some are manufactured to drive desire. Disney famously locked its classic films 'in the vault,' releasing them only briefly so families felt they had to buy now. Sneaker brands drop tiny batches, luxury makers cap production, and 'limited editions' are everywhere, all engineering artificial rarity. Because scarcity raises perceived value, making something feel hard to get can be more profitable than simply making more of it.","From the Disney 'vault' to limited sneaker drops, companies engineer artificial scarcity because rarity raises value.","scarcity,marketing,artificial-scarcity",51,false,"banking-creates-bank-money,currency-more-than-cash,advertising-persuades-public,barter-oldest-commerce,banking-deposits-become-loans","money-trade-and-value,invention-and-breakthrough,storytelling-and-narrative",
world-records-global-brand,literature,Guinness World Records,The Guinness Book Is One of the Most-Stolen Library Books,"The Guinness Book of Records is packed with the world's extremes — and, fittingly, it holds an unofficial one of its own. For years it has been reported as one of the most frequently stolen books from public libraries, swiped so often that some branches keep it behind the desk. A book devoted to record-breaking apparently inspires a record amount of shoplifting.",A book full of world records is itself reportedly one of the most-stolen from libraries.,"literature,guinness-world-records,books,libraries",48,false,"printing-gutenberg-revolution,libraries-alexandria-symbol,libraries-store-memory,book-covers-before-dust-jackets,banned-books-can-increase-interest","record-extremes,parental-care,storytelling-and-narrative",
banned-books-ideas-under-pressure,literature,Banned Books,Alice in Wonderland Was Banned for Its Talking Animals,"Censors have targeted some surprisingly gentle books. In 1931, a governor in China's Hunan province banned Alice's Adventures in Wonderland, objecting that animals shouldn't be shown using human language as equals with people. Putting beasts and humans on the same level, he argued, was an insult. A whimsical children's classic was treated as a threat to the social order. Bans often say more about the censor's fears than about the book.",Alice in Wonderland was banned in 1930s China for the crime of letting animals talk like people.,"banned-books,censorship,alice-in-wonderland",53,false,"banned-books-can-increase-interest,book-covers-before-dust-jackets,printing-gutenberg-revolution,libraries-alexandria-symbol,comics-sequential-art","storytelling-and-narrative,numbers-and-mathematics",
banned-books-can-increase-interest,literature,Banned Books,"A Judge Asked If This Book Was Fit for Your Servants to Read, Then It Sold 2 Million Copies","In 1960, British publisher Penguin was prosecuted for obscenity over D.H. Lawrence's Lady Chatterley's Lover. The trial became a sensation when the prosecutor famously asked jurors whether it was a book they would even let their servants read. Penguin won. The moment the verdict cleared it, the novel went on sale and flew off shelves, around two million copies within weeks. Trying to bury a book can be the best publicity it ever gets.","Prosecuted for obscenity in 1960, Lady Chatterley's Lover became an instant sensation the moment it won, selling roughly two million copies within weeks.","banned-books,obscenity-trial,publishing",51,false,"banned-books-ideas-under-pressure,shakespeare-borrowed-sources,printing-gutenberg-revolution,book-covers-before-dust-jackets,comics-sequential-art,detective-fiction-poe-origin",storytelling-and-narrative,
comics-sequential-art,literature,Comics,A 10-Cent Comic Now Sells for Millions,"In 1938, a comic book called Action Comics #1 hit newsstands for ten cents and introduced a new character: Superman. Most copies were read to tatters or thrown out. Today a single well-preserved copy is among the most valuable comics on Earth, with one selling for more than $3 million. The humble dime that launched the entire superhero genre became one of the best investments in pop-culture history.","Action Comics #1, the 1938 dime comic that introduced Superman, has sold for more than $3 million.","comics,superman,collecting",52,false,"fairy-tales-childlike-dark,printing-press-idea-machine,banned-books-can-increase-interest,book-covers-before-dust-jackets,printing-gutenberg-revolution","storytelling-and-narrative,money-trade-and-value",
detective-fiction-poe-origin,literature,Detective Fiction,Readers Forced an Author to Resurrect Sherlock Holmes,"By 1893, Arthur Conan Doyle was so tired of Sherlock Holmes that he killed him off, sending the detective plunging over a waterfall. The public reacted with fury and grief; some readers reportedly wore black mourning bands, and thousands canceled their magazine subscriptions. The pressure was relentless. Years later, Conan Doyle gave in and brought Holmes back from the dead. Fans had simply refused to let a fictional character stay buried.","When Conan Doyle killed Sherlock Holmes, outraged fans mourned in the streets until he resurrected the detective.","detective-fiction,sherlock-holmes,conan-doyle",53,false,"detective-fiction-hard-boiled,epic-poems-heroic-scale,storytelling-older-than-writing,banned-books-can-increase-interest,printing-gutenberg-revolution","storytelling-and-narrative,hidden-underground",
detective-fiction-hard-boiled,literature,Detective Fiction,The Queen of Mystery Vanished for 11 Days,"Agatha Christie, the best-selling novelist in history, once became a real-life mystery. In 1926 she disappeared; her car was found abandoned, and a manhunt thousands strong searched the countryside. Eleven days later she turned up at a hotel, registered under a false name, claiming she could not remember how she got there. The truth was never fully explained. The author who plotted countless puzzles left behind one of her own.","In 1926 Agatha Christie vanished for 11 days, sparking a national manhunt she never fully explained.","detective-fiction,agatha-christie,mystery",53,false,"detective-fiction-poe-origin,shakespeare-borrowed-sources,printing-press-idea-machine,voynich-strange-illustrations,lighthouse-keepers-aids-navigation,indus-undeciphered-script","lost-and-rediscovered,storytelling-and-narrative,record-extremes,games-and-play",
epic-poems-heroic-scale,literature,Epic Poems,The Oldest Epic Has a Flood Story Older Than Noah's,"The Epic of Gilgamesh, written in Mesopotamia over 4,000 years ago, is among the oldest stories humans have. Buried inside it is a startling scene: a man is warned of a world-destroying flood, builds a great boat, loads it with animals, and later releases a bird to find dry land. The parallels to Noah's Ark are unmistakable, and Gilgamesh's version was written down many centuries earlier.","The 4,000-year-old Epic of Gilgamesh contains a flood-and-ark tale strikingly like Noah's, written centuries before it.","epic-poems,gilgamesh,ancient-literature",51,false,"epic-poems-gilgamesh-old,storytelling-older-than-writing,detective-fiction-poe-origin,poetry-compressed-language,myths-explain-world","record-extremes,hidden-underground,storytelling-and-narrative",
epic-poems-gilgamesh-old,literature,Epic Poems,The Longest Poem Ever Runs to 1.8 Million Words,"The ancient Indian epic the Mahabharata isn't just long, it's staggering. At roughly 1.8 million words, it's about ten times the combined length of Homer's Iliad and Odyssey, and many times longer than the Bible. It weaves together war, philosophy, family, and the famous spiritual dialogue of the Bhagavad Gita. Reading it straight through would take weeks. It may well be the longest poem humanity has ever composed.","India's Mahabharata, at about 1.8 million words, is roughly ten times the Iliad and Odyssey combined.","epic-poems,mahabharata,ancient-literature",54,false,"epic-poems-heroic-scale,poetry-compressed-language,libraries-alexandria-symbol,libraries-store-memory,myths-explain-world","record-extremes,war-and-conflict",
fairy-tales-folk-and-art,literature,Fairy Tales,Some Fairy Tales Are Thousands of Years Old,"Fairy tales feel timeless, and it turns out some literally are. Researchers using techniques borrowed from biology, tracing how stories change as languages split apart, estimate that certain tales are astonishingly ancient. One, 'The Smith and the Devil,' may date back around 6,000 years, older than the Bible or the classical Greek myths. These stories were being told around fires long before anyone could write them down.","Researchers traced some fairy tales back roughly 6,000 years, older than the Bible or Greek mythology.","fairy-tales,folklore,ancient-stories",52,false,"fairy-tales-childlike-dark,myths-explain-world,printing-gutenberg-revolution,sleep-paralysis-hallucinations,werewolves-medical-theories,kraken-may-reflect-squid","myth-vs-reality,storytelling-and-narrative",
fairy-tales-childlike-dark,literature,Fairy Tales,The Original Little Mermaid Dissolves Into Sea Foam,"Disney's Little Mermaid marries the prince and lives happily ever after. Hans Christian Andersen's 1837 original is heartbreaking. The mermaid trades her tongue for legs that feel like walking on knives, the prince marries someone else, and she is given a terrible choice: kill him to save herself, or die. She refuses to hurt him, throws herself into the sea, and dissolves into foam. The fairy tale was always a tragedy.","In Andersen's original, the Little Mermaid loses the prince and dissolves into sea foam, far from Disney's ending.","fairy-tales,hans-christian-andersen,little-mermaid",51,false,"fairy-tales-folk-and-art,comics-sequential-art,printing-press-idea-machine,book-covers-before-dust-jackets,printing-gutenberg-revolution","money-trade-and-value,storytelling-and-narrative",
legends-place-person-history,literature,Legends,Atlantis Came From a Single Ancient Author,"People have hunted for the lost city of Atlantis for centuries, mounting expeditions and writing thousands of books. Yet every trace of it leads back to one source: the Greek philosopher Plato, who described the sunken civilization around 360 BCE, probably as a moral fable about pride and downfall. No earlier mention exists. An invented illustration in a philosophy lesson became one of history's most enduring and obsessively searched-for legends.","Every Atlantis legend traces to a single Plato passage from around 360 BCE, likely invented as a moral fable.","legend,atlantis,plato",50,false,"legends-travel-and-change,legends-between-history-and-myth,shakespeare-borrowed-sources,socotra-mistaken-for-atlantis,detective-fiction-hard-boiled","storytelling-and-narrative,exploration-and-navigation,lost-and-rediscovered,invention-and-breakthrough",
legends-between-history-and-myth,literature,Legends,"Dracula Was Based on a Real, Brutal Prince","Count Dracula feels like pure invention, but Bram Stoker borrowed the name and some of the menace from history. Vlad III, a 15th-century ruler of Wallachia, was nicknamed Vlad the Impaler for his favorite method of executing enemies, and his father belonged to the Order of the Dragon, 'Dracul.' Stoker stitched that grim reputation onto his vampire. The world's most famous fictional bloodsucker has roots in a very real, very feared warlord.","Bram Stoker's Dracula draws his name and menace from Vlad the Impaler, a real and brutal 15th-century prince.","legend,dracula,vlad-the-impaler",52,false,"legends-place-person-history,legends-travel-and-change,world-records-global-brand,detective-fiction-poe-origin,epic-poems-heroic-scale","parental-care,hidden-underground,plants-and-botany,invention-and-breakthrough",
legends-travel-and-change,literature,Legends,The Pied Piper May Record a Real Tragedy,"The Pied Piper of Hamelin sounds like pure fable: a piper lures away a town's children after he isn't paid. But a Hamelin town record from 1284 soberly notes that 130 of its children 'left' and were lost, with no rats or magic mentioned at all. Historians still argue over what really happened, plague, emigration, some disaster, but the eerie detail is that the town seems to be remembering something that genuinely occurred.","A 1284 Hamelin record says 130 children were lost, hinting the Pied Piper legend recalls a real tragedy.","legend,pied-piper,medieval-history",53,false,"legends-place-person-history,legends-between-history-and-myth,printing-gutenberg-revolution,shakespeare-borrowed-sources,shakespeare-language-lives","music-and-sound,exploration-and-navigation,disaster-and-catastrophe,lost-and-rediscovered",
libraries-store-memory,literature,Libraries,"This Library Has Been Open Since 859 CE, Older Than Almost Every Country on Earth","In 859 CE, a woman named Fatima al-Fihri used her inheritance to found a place of learning in Fez, Morocco. It grew into al-Qarawiyyin, home to a library that has been operating ever since, over 1,100 years and counting, making it widely recognized as the oldest working library on Earth. Its shelves still hold manuscripts more than a thousand years old, older than most modern nations, the gift of one determined woman.","Founded by a woman named Fatima al-Fihri in Fez, Morocco, the world's oldest still-operating library has been running continuously for over 1,100 years.","libraries,history,morocco",51,false,"libraries-alexandria-symbol,world-records-global-brand,storytelling-can-be-sung,epic-poems-gilgamesh-old,epic-poems-heroic-scale","record-extremes,animal-intelligence",
libraries-alexandria-symbol,literature,Libraries,Alexandria Stole Books From Every Passing Ship,"The Library of Alexandria was so hungry for knowledge that, by some accounts, every ship docking in the city had to surrender its books to be copied. The library often kept the originals and handed back the copies. And despite the famous image of it burning down in a single dramatic blaze, it more likely faded slowly over centuries of neglect, war, and budget cuts. The greatest library died not in flames, but from indifference.","Alexandria seized books off docking ships to copy, and likely declined slowly rather than burning in one fire.","libraries,alexandria,ancient-world",52,false,"libraries-store-memory,world-records-global-brand,printing-gutenberg-revolution,book-covers-before-dust-jackets,banned-books-can-increase-interest","storytelling-and-narrative,war-and-conflict",
myths-explain-world,literature,Myths,"Some Myths Remember the Coastline From 10,000 Years Ago","Aboriginal Australian oral traditions include stories of a time when the sea was lower and the shoreline lay far out from where it is now. Scientists checking these tales against the geological record found they match real sea-level rise from the end of the last Ice Age, roughly 7,000 to 10,000 years ago. Passed down by voice across hundreds of generations, these may be the oldest accurate stories humanity has ever kept.","Aboriginal myths accurately describe coastlines from up to 10,000 years ago, possibly Earth's oldest true stories.","myth,aboriginal-australia,oral-history",50,false,"myths-culture-validation,fairy-tales-folk-and-art,epic-poems-heroic-scale,taste-buds-thousands-on-tongue,apollo13-failure-not-option-myth","record-extremes,myth-vs-reality,storytelling-and-narrative,music-and-sound",
myths-culture-validation,literature,Myths,You Name Norse Gods Every Day of the Week,"The days of the week are a hidden roll call of ancient gods. Tuesday honors Tiw, a Norse war god; Wednesday is Woden's day, for Odin; Thursday belongs to Thor; and Friday to the goddess Frigg. Saturday still carries the Roman god Saturn, while Sunday and Monday tip their hats to the sun and moon. Every time you check a calendar, you're quietly invoking a pantheon most people forgot they ever named.","Tuesday through Friday are named for Norse gods, and Saturday for Saturn, hidden in your weekly calendar.","myth,norse-mythology,language",52,false,"myths-explain-world,fairy-tales-folk-and-art,epic-poems-gilgamesh-old,check-mark-yes-symbol,norse-mythology-fragmentary-sources,pasta-vermicelli-little-worms","origins-and-naming,stars-and-cosmos,myth-vs-reality,timekeeping",
novels-long-prose-worlds,literature,Novels,The World's First Novel Was Written by a Woman 600 Years Before Cervantes,"Long before Europe's celebrated novels, a Japanese noblewoman known as Murasaki Shikibu wrote The Tale of Genji around the year 1000, roughly 600 years before authors like Cervantes. Following the loves and intrigues of a prince across more than a thousand pages, with deep psychological detail, it is often called the world's first real novel. It was written by a woman, in a royal court, centuries before the form even had a name in the West.","Japan's The Tale of Genji, written by noblewoman Murasaki Shikibu around 1000 CE, is often called history's first true novel, roughly six centuries before Europe's celebrated ones.","novels,tale-of-genji,murasaki-shikibu",52,false,"poetry-compressed-language,banned-books-can-increase-interest,book-covers-before-dust-jackets,printing-gutenberg-revolution,pseudonyms-author-mask","storytelling-and-narrative,world-first,psychology-and-behavior",
poetry-compressed-language,literature,Poetry,The First Author in History Was a Woman Poet,"We know the names of very few ancient writers, but the earliest one we can name at all was a poet, and a woman. Enheduanna, a high priestess in Mesopotamia around 2300 BCE, wrote hymns and poems and signed her name to them, more than four thousand years ago. That makes her the first known author in human history. Long before Homer or the Bible, the written word's first credited voice belonged to her.","Enheduanna, a Mesopotamian priestess writing around 2300 BCE, is the earliest author known by name, and a woman.","poetry,enheduanna,ancient-literature",50,false,"novels-long-prose-worlds,epic-poems-heroic-scale,epic-poems-gilgamesh-old,myths-explain-world,banned-books-can-increase-interest","world-first,storytelling-and-narrative,music-and-sound",
printing-gutenberg-revolution,literature,Printing,Books Were Once So Precious They Were Chained Down,"Before printing, every book was copied by hand, a single one taking a scribe months and costing as much as a small farm. Books were treasures, and libraries protected them like jewels, literally chaining the volumes to the shelves so no one could walk off with them. A few of these chained libraries still survive in Europe today. The idea of a cheap, disposable book would have seemed absurd, even a little obscene.","Before printing, hand-copied books were so valuable that libraries chained them to the shelves.","printing,books,medieval-history",51,false,"printing-press-idea-machine,world-records-global-brand,book-covers-before-dust-jackets,banned-books-can-increase-interest,libraries-alexandria-symbol,banned-books-ideas-under-pressure",storytelling-and-narrative,
printing-press-idea-machine,literature,Printing,Cheap 'Penny Dreadfuls' Sparked a Panic Over Trashy Books,"In the 1800s, new printing made fiction dirt cheap. Britain got 'penny dreadfuls,' lurid serialized tales of crime and horror sold for a penny; America got 'dime novels' full of outlaws and adventure. Working-class readers, including children, devoured them. Respectable society was horrified, warning that this trashy reading would corrupt the young, the same panic later aimed at comics, radio, and video games. Cheap stories created the first true mass readers.",Cheap Victorian 'penny dreadfuls' and 'dime novels' created mass readers and the first panic over 'trashy' fiction.,"printing,penny-dreadfuls,popular-fiction",53,false,"printing-gutenberg-revolution,comics-sequential-art,fairy-tales-childlike-dark,detective-fiction-hard-boiled,book-covers-before-dust-jackets","storytelling-and-narrative,games-and-play,money-trade-and-value",
shakespeare-theatre-career,literature,Shakespeare,Shakespeare Left His Wife His 'Second-Best Bed',"For the most famous writer in English, Shakespeare's life is oddly murky. We have only a handful of his signatures, and he seems to have spelled his own name several different ways. Whole years of his life are simply blank to us. And in his will, he left his wife Anne a curious bequest: his 'second-best bed.' People have argued for centuries over whether that was an insult, a tender gesture, or just routine paperwork.",Shakespeare's life is so murky he spelled his name several ways and willed his wife only his 'second-best bed.',"shakespeare,biography,mystery",52,false,"shakespeare-borrowed-sources,shakespeare-language-lives,detective-fiction-hard-boiled,poetry-compressed-language,banned-books-ideas-under-pressure",,
shakespeare-language-lives,literature,Shakespeare,You Quote Shakespeare Without Knowing It,"Shakespeare didn't just use English, he expanded it. He's credited with coining or popularizing well over a thousand words, including 'eyeball,' 'lonely,' 'swagger,' and 'gossip.' Everyday phrases pour from his plays too: 'break the ice,' 'wild-goose chase,' 'heart of gold,' and 'in a pickle.' If you've ever vanished 'into thin air' or refused to 'budge an inch,' you've quoted a playwright who died four centuries ago.","Shakespeare coined over a thousand words and phrases, from 'eyeball' to 'break the ice,' that we still use daily.","shakespeare,english-language,phrases",52,false,"shakespeare-borrowed-sources,shakespeare-theatre-career,detective-fiction-hard-boiled,legends-place-person-history,legends-travel-and-change","human-body-quirks,lost-and-rediscovered",
shakespeare-borrowed-sources,literature,Shakespeare,Half of Shakespeare's Plays Were Nearly Lost,"Shakespeare never bothered to publish his plays; they were scripts for performance, not books. When he died, many existed only as scattered, fragile copies. Seven years later, in 1623, two of his fellow actors gathered them into a single collection now called the First Folio. Without it, about eighteen plays, including Macbeth, Twelfth Night, and The Tempest, might have vanished entirely. Two loyal friends quietly saved half the Shakespeare we have.","Without the 1623 First Folio compiled by two friends, about 18 Shakespeare plays, including Macbeth, might be lost.","shakespeare,first-folio,publishing",52,false,"shakespeare-language-lives,shakespeare-theatre-career,banned-books-can-increase-interest,detective-fiction-hard-boiled,book-covers-before-dust-jackets,legends-place-person-history","lost-and-rediscovered,storytelling-and-narrative",
storytelling-older-than-writing,literature,Storytelling,The Oldest Known Story Is Painted on a Cave Wall,"Deep in a cave on the Indonesian island of Sulawesi lies a painting at least 44,000 years old, showing part-human, part-animal figures hunting wild pigs and buffalo. It isn't just decoration; it appears to depict a scene, a narrative — making it possibly the oldest recorded story on Earth. Tens of thousands of years before writing, our ancestors were already doing the most human thing of all: telling tales.","A 44,000-year-old hunting scene painted in an Indonesian cave may be the oldest recorded story ever found.","storytelling,cave-art,prehistory",50,false,"storytelling-can-be-sung,storytelling-griots-memory,epic-poems-heroic-scale,musical-instruments-human-universal,sharks-older-than-dinosaurs,detective-fiction-poe-origin","storytelling-and-narrative,record-extremes,optical-illusion,hidden-underground",
storytelling-can-be-sung,literature,Storytelling,Scheherazade Told Stories to Stay Alive,"In the frame of One Thousand and One Nights, a king takes a new bride each night and executes her by morning. A clever woman named Scheherazade volunteers, then begins a thrilling tale, but stops at dawn on a cliffhanger. Desperate to hear the ending, the king spares her another day. Night after night she does it again, for years, until he abandons his cruel plan. It's storytelling itself as a matter of life and death.","In 1,001 Nights, Scheherazade survives by ending each night's story on a cliffhanger the king must hear resolved.","storytelling,1001-nights,scheherazade",52,false,"storytelling-older-than-writing,storytelling-griots-memory,libraries-store-memory,printing-gutenberg-revolution,book-covers-before-dust-jackets","animal-intelligence,storytelling-and-narrative",
storytelling-griots-memory,literature,Storytelling,"When a Griot Dies, 'a Library Burns'","In parts of West Africa, griots are living archives. These hereditary storytellers memorize generations of genealogy, history, and music, reciting a community's entire past from memory and passing it to the next griot in line. A famous saying captures their value: when a griot dies, it is as if a whole library has burned to the ground. In a world without written records, a single trained mind could hold centuries.","West African griots memorize centuries of history, so it's said that when one dies, 'a library burns.'","storytelling,griots,oral-tradition",53,false,"storytelling-older-than-writing,storytelling-can-be-sung,pliny-younger-skipped-rescue,sacred-texts-written-and-oral,novels-long-prose-worlds","counterintuitive-scale,music-and-sound,psychology-and-behavior",
book-covers-before-dust-jackets,literature,Book Covers,The Wrapper People Threw Away Is Now Worth a Fortune,"Early dust jackets were considered disposable, just protective paper wrapping meant to be tossed once you got the book home. So almost no one kept them. That is exactly why surviving original jackets on famous first editions are now wildly valuable. For some classic novels, the fragile paper jacket can be worth far more than the book inside it, sometimes the difference between a few hundred dollars and a small fortune.",Dust jackets were once thrown away as trash; today an original jacket can be worth far more than the book itself.,"book-covers,dust-jackets,rare-books",54,false,"printing-gutenberg-revolution,banned-books-can-increase-interest,libraries-alexandria-symbol,comics-sequential-art,fairy-tales-childlike-dark,banned-books-ideas-under-pressure",storytelling-and-narrative,
pseudonyms-author-mask,literature,Pseudonyms,J.K. Rowling Has Hidden Behind Two Pen Names,"When Harry Potter was first published, the author Joanne Rowling was urged to use initials, becoming 'J.K.,' over fears that boys wouldn't read a book by a woman. Years later, already world-famous, she secretly published crime novels under a completely different name, 'Robert Galbraith,' just to be judged fresh. The disguise lasted only months before a leak from a law firm exposed her. One author, at least two carefully built masks.","Rowling became 'J.K.' to hide her gender, then secretly wrote crime novels as 'Robert Galbraith' until she was outed.","pseudonyms,jk-rowling,pen-names",51,false,"pseudonyms-genre-expectations,banned-books-can-increase-interest,book-covers-before-dust-jackets,printing-gutenberg-revolution,banned-books-ideas-under-pressure","storytelling-and-narrative,camouflage-and-mimicry",
pseudonyms-genre-expectations,literature,Pseudonyms,Nancy Drew's Author Never Actually Existed,"Generations grew up reading Nancy Drew mysteries by 'Carolyn Keene,' but she was never a real person. The name was a house pseudonym owned by a publishing syndicate, and the books were churned out by a rotating team of ghostwriters following strict outlines. The Hardy Boys' 'Franklin W. Dixon' was the very same trick. Behind some of the most beloved children's series stands not a single author, but a faceless fiction factory.","'Carolyn Keene' of Nancy Drew was never real, just a publisher's pen name shared by a team of ghostwriters.","pseudonyms,nancy-drew,ghostwriters",53,false,"pseudonyms-author-mask,banned-books-can-increase-interest,printing-gutenberg-revolution,book-covers-before-dust-jackets,banned-books-ideas-under-pressure","storytelling-and-narrative,gravity-and-orbits",
accents-not-same-as-dialects,languages,Accents,A Head Injury Can Give You a Foreign Accent,"It sounds like science fiction, but it's a real, documented condition. After a stroke or brain injury, a small number of people suddenly start speaking their own native language with what sounds like a foreign accent, a Brit waking up sounding French, an American sounding British. It's called foreign accent syndrome. Their brain hasn't learned a new language; subtle damage has shifted how they form sounds, and listeners' ears do the rest.",Foreign accent syndrome can leave someone speaking their native language in what sounds like a foreign accent after a brain injury.,"accents,foreign-accent-syndrome,neuroscience",52,false,"tongue-twisters-practice-tools,sign-language-complete-language,lucid-dreaming-rem,writing-systems-sound-or-meaning,dictionaries-not-always-alphabetical","storytelling-and-narrative,music-and-sound,numbers-and-mathematics",
emojis-unicode-shared-code,languages,Emojis,Almost Everyone Quietly Replaced the Gun Emoji,"The pistol emoji used to be a realistic handgun on most phones. Then, starting around 2016, Apple swapped its version for a bright green water pistol, and one by one Google, Samsung, Twitter, and the rest followed to avoid the violent connotations. Now the 'same' emoji is a harmless squirt gun nearly everywhere. It caused real confusion: a threatening message on one phone could arrive looking like a pool toy on another.","Phone makers quietly turned the realistic pistol emoji into a green water gun, so the 'same' symbol now means a toy.","emojis,unicode,design",52,false,"emojis-replace-body-language,sign-language-face-is-grammar,morse-code-sos-pattern,alphabet-name-alpha-beta,morse-code-not-a-language",internet-and-virality,
emojis-replace-body-language,languages,Emojis,A Thumbs-Up Emoji Counted as a Signed Contract,"Emojis have started showing up in courtrooms, with real legal weight. In a 2023 Canadian case, a farmer replied to a grain-purchase agreement with a simple thumbs-up emoji. When he later backed out, a judge ruled that the thumbs-up was a valid way to accept the contract, and ordered him to pay tens of thousands of dollars. A tiny cartoon thumb did the legal work of a signature.","A Canadian court ruled a thumbs-up emoji was a valid acceptance of a contract, costing the sender tens of thousands.","emojis,law,communication",51,false,"emojis-unicode-shared-code,sign-language-face-is-grammar,hieroglyphics-always-phonetic,ai-hallucinations-real-world-harm,alphabet-name-alpha-beta",internet-and-virality,
hieroglyphics-always-phonetic,languages,Hieroglyphics,"One Stone Cracked a Language Dead for 1,400 Years","By around 400 CE, the knowledge of how to read Egyptian hieroglyphs had completely died out; for over a thousand years, the symbols were a total mystery. Then, in 1799, soldiers found the Rosetta Stone, which carried the same decree in hieroglyphs, everyday Egyptian script, and Greek. Because scholars could still read Greek, they finally had a key. Decades of work later, an entire lost civilization could speak again.","Hieroglyphs were unreadable for 1,400 years until the Rosetta Stone's matching Greek text provided the key.","hieroglyphics,rosetta-stone,ancient-egypt",53,false,"sign-language-complete-language,writing-systems-sound-or-meaning,indus-undeciphered-script,prosthetics-more-than-limbs,translation-more-than-word-swapping","language-and-writing,lost-and-rediscovered,war-and-conflict",
morse-code-not-a-language,languages,Morse Code,A Prisoner Sent a Secret Message by Blinking on TV,"Morse code can hide a message in almost anything, even a blink. In 1966, captured US Navy pilot Jeremiah Denton was forced onto North Vietnamese television for a propaganda interview. As he spoke the words his captors wanted to hear, he repeatedly blinked his eyes in Morse code, spelling out a warning about how prisoners were really being treated. US intelligence caught it. The first word of their true conditions arrived in dots and dashes of the eyelids.","A captured pilot blinked a hidden Morse message during a 1966 propaganda interview, and intelligence analysts caught it.","morse-code,history,prisoners-of-war",49,false,"morse-code-sos-pattern,palindromes-ancient-wordplay,tongue-twisters-practice-tools,barcode-checkout-problem,dictionaries-began-bilingual","codes-and-cryptography,deception-and-hoax,flight-and-aviation,war-and-conflict",
morse-code-sos-pattern,languages,Morse Code,SOS Doesn't Actually Stand for Anything,"Everyone 'knows' SOS means Save Our Ship or Save Our Souls. It doesn't. When it was adopted as the international distress signal in the early 1900s, it was chosen purely because its Morse pattern, three dots, three dashes, three dots, is simple, rhythmic, and almost impossible to mistake, even in a panic. The catchy phrases were invented afterward to help people remember it. The letters were the message, not an abbreviation.","SOS isn't short for 'Save Our Souls'; it was picked purely for its clear, unmistakable Morse pattern.","morse-code,sos,distress-signal",51,false,"morse-code-not-a-language,writing-systems-sound-or-meaning,palindromes-ancient-wordplay,barcode-checkout-problem,sign-language-complete-language","codes-and-cryptography,invention-and-breakthrough,music-and-sound",
palindromes-ancient-wordplay,languages,Palindromes,"A 2,000-Year-Old Word Puzzle No One Can Explain","Scratched into walls in the ruins of Pompeii is the Sator square: five Latin words arranged in a grid that reads the same left to right, right to left, top to bottom, and bottom to top. It's a palindrome in several directions at once, nearly 2,000 years old. The strangest part is that scholars still aren't sure what it actually meant, whether it was a prayer, a charm, or a secret code. The mystery endures.","The ancient Sator square reads the same four ways, and after 2,000 years no one is sure what it meant.","palindromes,sator-square,ancient-writing",52,false,"morse-code-sos-pattern,morse-code-not-a-language,hieroglyphics-always-phonetic,writing-systems-sound-or-meaning,tongue-twisters-practice-tools","codes-and-cryptography,survival-adaptation,luck-ritual-superstition,games-and-play",
sign-language-complete-language,languages,Sign Language,Deaf Babies Babble With Their Hands,"Hearing babies babble 'bababa' as they experiment with speech. Deaf babies exposed to sign language do exactly the same thing, but with their hands. They produce rhythmic, repetitive gestures that aren't real signs yet — the visual version of babbling. It happens at the same age and the same developmental stage. It's powerful evidence that sign languages are true languages, wired into the same deep human instinct as speech.",Deaf babies 'babble' with rhythmic hand movements at the same age hearing babies babble vocally.,"sign-language,language-development,linguistics",51,false,"sign-language-face-is-grammar,writing-systems-sound-or-meaning,alphabet-name-alpha-beta,hieroglyphics-always-phonetic,translation-more-than-word-swapping","language-and-writing,music-and-sound",
sign-language-face-is-grammar,languages,Sign Language,A Whole Island Once Spoke Sign Language,"For about two centuries, the island of Martha's Vineyard had such a high rate of inherited deafness that nearly everyone, deaf and hearing alike, used a local sign language as a matter of course. Deafness simply wasn't a barrier; people signed in shops, at church, across fields. Some residents later recalled that you often couldn't even remember who in a conversation had been deaf. A community had quietly made signing everyone's second language.","On Martha's Vineyard, so many people were deaf that for 200 years nearly everyone, hearing or not, could sign.","sign-language,marthas-vineyard,deaf-history",52,false,"sign-language-complete-language,writing-systems-sound-or-meaning,accents-not-same-as-dialects,emojis-unicode-shared-code,morse-code-sos-pattern",,
tongue-twisters-sound-collisions,languages,Tongue Twisters,Scientists Found a Twister So Hard People Stopped Talking,"In 2013, researchers at MIT went hunting for the most difficult tongue twister and landed on a brutal little phrase: 'pad kid poured curd pulled cod.' When volunteers tried to repeat it rapidly, some simply seized up and stopped speaking altogether. The phrase jams the brain's speech-planning system so badly it can shut down mid-attempt. A handful of ordinary words, in the wrong order, can briefly break the machinery of speech.",MIT researchers found 'pad kid poured curd pulled cod' so hard that some people just stopped talking.,"tongue-twisters,speech,research",50,false,"tongue-twisters-practice-tools,sign-language-complete-language,accents-not-same-as-dialects,writing-systems-sound-or-meaning,dictionaries-began-bilingual",,
tongue-twisters-practice-tools,languages,Tongue Twisters,Tongue Twisters Have Been Used to Catch Spies,"A sound your enemy can't pronounce makes a perfect password. In World War II, the Dutch reportedly used their town name 'Scheveningen' to unmask German infiltrators, because German speakers gave the opening sound away. The ancient idea even has a name: a shibboleth, from a Bible story in which mispronouncing a single word could cost a person their life. A word you can't quite say can mark you as an outsider, sometimes fatally.","Hard-to-say words have served as wartime passwords, like the Dutch 'Scheveningen' used to expose German spies.","tongue-twisters,shibboleth,history",51,false,"tongue-twisters-sound-collisions,accents-not-same-as-dialects,dictionaries-not-always-alphabetical,dictionaries-began-bilingual,sign-language-complete-language","storytelling-and-narrative,music-and-sound,war-and-conflict",
writing-systems-sound-or-meaning,languages,Writing Systems,One Man Invented a Whole Writing System Alone,"Around the 1820s, a Cherokee man named Sequoyah did something almost no one in history has: he invented a complete writing system by himself. Remarkably, he couldn't read any language when he started; he just grasped that marks could capture speech. He built a syllabary of around 85 symbols for Cherokee sounds. It worked so well that the Cherokee Nation became widely literate within years, and even began publishing its own newspaper.","Sequoyah, who couldn't read any language, single-handedly invented the Cherokee syllabary in the 1820s.","writing-systems,sequoyah,cherokee",51,false,"sign-language-complete-language,alphabet-name-alpha-beta,translation-more-than-word-swapping,hieroglyphics-always-phonetic,morse-code-sos-pattern","language-and-writing,invention-and-breakthrough,music-and-sound",
alphabet-name-alpha-beta,languages,Alphabet,The Letter A Is an Upside-Down Ox,"Our letters started as little pictures. Flip a capital A over and you can almost see it: the two legs become horns, the crossbar a face. It descends from an ancient symbol for an ox's head, whose name began with the right sound. The letter B comes from a pictogram of a house, and other letters trace back to a hand, water, or an eye. The alphabet is a gallery of forgotten drawings.",The letter A began as a drawing of an ox's head; flip it over and the horns reappear.,"alphabet,letters,etymology",50,false,"sign-language-complete-language,writing-systems-sound-or-meaning,ampersand-more-than-decoration,nightmares-common-adults,hieroglyphics-always-phonetic,dollar-sign-spanish-pesos","origins-and-naming,language-and-writing,music-and-sound",
dictionaries-began-bilingual,languages,Dictionaries,The Oxford Dictionary Was Crowdsourced by Mail,"The Oxford English Dictionary took around 70 years to complete and leaned on an army of volunteers mailing in examples of words in use. One of the most prolific was Dr. William Chester Minor, an American surgeon, who contributed thousands of entries from his room — he was confined to an asylum, and for years the editors had no idea. The definitive dictionary of English was assembled largely by strangers writing letters.",Its most prolific volunteer mailed in thousands of entries from a cell in an asylum.,"dictionaries,oxford-english-dictionary,history",45,false,"dictionaries-not-always-alphabetical,tongue-twisters-practice-tools,hieroglyphics-always-phonetic,morse-code-not-a-language,writing-systems-sound-or-meaning","human-body-quirks,collective-behavior,war-and-conflict",
dictionaries-not-always-alphabetical,languages,Dictionaries,Dictionaries Hide Fake Words to Catch Copycats,"Some reference books contain a deliberate lie. Editors occasionally plant a fake, invented entry, sometimes called a mountweazel, so that if a rival copies their work, the bogus word becomes proof of theft. The New Oxford American Dictionary once slipped in 'esquivalience,' a completely made-up term, as a copyright trap. Mapmakers do the same with fake 'trap streets.' The most trustworthy-looking books sometimes hide a single intentional fiction.","Dictionaries sometimes plant fake words, like 'esquivalience,' as copyright traps to catch copiers.","dictionaries,mountweazel,copyright",52,false,"dictionaries-began-bilingual,tongue-twisters-practice-tools,accents-not-same-as-dialects,writing-systems-sound-or-meaning,translation-more-than-word-swapping","storytelling-and-narrative,plants-and-botany,invention-and-breakthrough",
translation-more-than-word-swapping,languages,Translation,A Translation Slip Convinced the World Mars Had Canals,"In the 1870s, an Italian astronomer described seeing 'canali' on Mars, meaning natural channels or grooves. Translated into English, it became 'canals,' a word implying something built by intelligent beings. The mistranslation caught fire. Soon people imagined a dying Martian civilization digging waterways across the planet, and the idea fueled decades of belief in Martians and countless science-fiction tales. One slippery word helped invent the aliens of Mars.","An astronomer's 'canali' (channels) on Mars was mistranslated as 'canals,' sparking decades of belief in Martians.","translation,mars,mistranslation",51,false,"writing-systems-sound-or-meaning,sign-language-complete-language,natural-language-processing-more-than-speech,mars-search-for-life,hieroglyphics-always-phonetic","stars-and-cosmos,energy-and-power,language-and-writing,invention-and-breakthrough",
ancient-temples-sacred-design,architecture,Ancient Temples,The Oldest Temple Is Older Than Farming,"For a long time, experts assumed humans built monuments only after they settled down to farm. Then archaeologists uncovered Gobekli Tepe in Turkey, a complex of massive carved stone pillars erected around 11,500 years ago, by hunter-gatherers. It predates agriculture, pottery, metal, and the wheel, and it's roughly 6,000 years older than Stonehenge. It suggests the urge to build something sacred may have come before farming, not after.","Gobekli Tepe, built by hunter-gatherers ~11,500 years ago, is older than farming, pottery, and the wheel.","ancient-temples,gobekli-tepe,archaeology",53,false,"ancient-temples-oriented-space,ancient-temples-cella-inner-room,skyscrapers-elevators-made-height-usable,stonehenge-solstice-alignment,musical-instruments-human-universal","record-extremes,materials-and-chemistry,architecture-and-structures,machines-and-mechanisms",
ancient-temples-cella-inner-room,architecture,Ancient Temples,"Ancient Temples Were Garishly Painted, Not White","We picture Greek temples as pure, gleaming white marble, the height of restrained good taste. They weren't. Originally, temples and their statues were slathered in bright, even gaudy, colors: reds, blues, golds, and greens. Over thousands of years the paint weathered away, leaving bare stone, and Renaissance artists wrongly assumed white was the classical ideal. The 'noble simplicity' of ancient architecture is really just faded paint.","Greek temples and statues were originally painted in bright, gaudy colors; the 'classical white' look is just faded paint.","ancient-temples,color,greece",53,false,"ancient-temples-oriented-space,ancient-temples-sacred-design,bridges-materials-changed-spans,afterimages-retina-desensitized,fly-geyser-art-landscape,columns-capitals-show-style",color-and-light,
ancient-temples-oriented-space,architecture,Ancient Temples,This Temple Lights Up Inside Just Twice a Year,"When Egyptian builders carved the great temple of Abu Simbel into a cliff over 3,000 years ago, they aimed it with astonishing precision. Twice a year, around February and October, the rising sun shoots straight down the long inner corridor and illuminates the statues of the gods in the deepest chamber, while one statue, the god of the underworld, deliberately stays in shadow. The whole mountain is an astronomical clock.","Abu Simbel was aligned so the sun reaches its inner sanctuary only twice a year, lighting the gods but not the underworld god.","ancient-temples,abu-simbel,astronomy",52,false,"ancient-temples-sacred-design,ancient-temples-cella-inner-room,castles-not-palaces,skyscrapers-technology-coincidence,domes-arch-turned-space","record-extremes,timekeeping",
bauhaus-house-of-building,architecture,Bauhaus,"The Nazis Shut Down the Bauhaus, and It Conquered America","The Bauhaus design school taught that simple, functional forms could improve everyday life. The Nazis hated it, branding its modern style un-German and 'degenerate,' and forced it to close in 1933. But that backfired spectacularly. Its leading teachers fled to the United States, where Walter Gropius landed at Harvard and Ludwig Mies van der Rohe in Chicago. The crackdown meant to kill modern design instead seeded it across America.","The Nazis forced the Bauhaus to close in 1933, but its exiled teachers carried modern design straight to America.","bauhaus,modernism,history",53,false,"brutalism-postwar-function,glass-buildings-postwar-energy,domes-arch-turned-space,columns-support-and-symbol,castles-not-palaces",,
bridges-five-basic-forms,architecture,Bridges,Some Bridges Are Grown From Living Tree Roots,"In the wet hills of northeastern India, the Khasi people don't build bridges so much as grow them. They guide the long, pliable roots of rubber fig trees across streams, training them over years until they knit into a living, walkable span. These root bridges can take decades to mature, but unlike wood or steel, they get stronger as they grow, and some are thought to be centuries old.","In India, living root bridges are grown from tree roots over decades and grow stronger with age, unlike steel.","bridges,living-root-bridges,india",54,false,"bridges-materials-changed-spans,bridges-live-dead-loads,glass-buildings-postwar-energy,bonsai-living-sculptures,suspension-bridges-tacoma-narrows,mangroves-snorkel-roots","plants-and-botany,hidden-underground,architecture-and-structures",
bridges-live-dead-loads,architecture,Bridges,Soldiers Break Step When Crossing a Bridge,"Marching armies are ordered to stop marching in unison before crossing a bridge, and for good reason. When hundreds of feet stamp in perfect rhythm, the beat can match the bridge's natural sway and amplify it, a resonance that grows with every step. In 1831, a bridge near Manchester reportedly collapsed under marching soldiers. Ever since, 'break step' has been a standard command. Sometimes order is more dangerous than chaos.",Troops are ordered to 'break step' on bridges because marching in rhythm can resonate with the structure and collapse it.,"bridges,resonance,military",52,false,"bridges-five-basic-forms,bridges-materials-changed-spans,domes-romans-scaled-up,suspension-bridges-tacoma-narrows,urban-planning-city-shaping","war-and-conflict,architecture-and-structures,disaster-and-catastrophe,music-and-sound",
bridges-materials-changed-spans,architecture,Bridges,The Golden Gate Was Almost Painted With Stripes,"The Golden Gate Bridge's famous warm orange color was nearly a casualty of practicality. The US Navy wanted it painted with black and yellow stripes for visibility in fog. But the consulting architect noticed the steel arrived coated in a reddish primer that looked striking against the sea and hills, and pushed to keep it. The shade, called 'International Orange,' became iconic. A safety-stripe candy cane was one decision away.",The Golden Gate Bridge was nearly painted in black-and-yellow stripes before an architect championed 'International Orange.',"bridges,golden-gate,color",53,false,"bridges-five-basic-forms,bridges-live-dead-loads,ancient-temples-cella-inner-room,afterimages-retina-desensitized,fly-geyser-art-landscape","color-and-light,psychology-and-behavior,architecture-and-structures",
brutalism-postwar-function,architecture,Brutalism,The Most Hated Buildings Became Instagram Stars,"For decades, Brutalist buildings were widely loathed, dismissed as ugly grey concrete monstrosities, and many were demolished. Then the internet flipped the script. Their bold, sculptural, photogenic forms became wildly popular on Instagram and in design books, sparking a preservation movement to save the survivors. Some of the same structures once slated for the wrecking ball are now protected landmarks. One generation's eyesore became the next one's aesthetic.","Once-hated Brutalist concrete buildings became Instagram favorites, flipping from demolition targets to protected landmarks.","brutalism,architecture,taste",54,false,"gothic-architecture-pointed-up,pyramids-global-form,airplanes-wing-airfoils,taste-buds-thousands-on-tongue,skyscrapers-technology-coincidence","architecture-and-structures,stars-and-cosmos,internet-and-virality,language-and-writing",
columns-support-and-symbol,architecture,Columns,The Parthenon Has Almost No Straight Lines,"The Parthenon looks like a model of perfect, ruler-straight geometry. It isn't. Its builders knew that truly straight lines look subtly bowed and lifeless to the human eye, so they curved nearly everything to compensate. The columns bulge gently in the middle, lean slightly inward, and sit on a floor that domes upward by several centimeters. Almost nothing is actually straight, all to make it look flawlessly straight.","The Parthenon's columns and floor are subtly curved, with almost no true straight lines, to correct optical illusions.","columns,parthenon,optical-illusion",51,false,"columns-capitals-show-style,domes-push-outward,castles-keeps-replaced-donjons,optical-illusions-mirror-therapy,domes-romans-scaled-up","optical-illusion,camouflage-and-mimicry,numbers-and-mathematics",
columns-capitals-show-style,architecture,Columns,Some Columns Are Carved as Women Holding Up Roofs,"Not every column is a plain shaft. Caryatids are columns sculpted in the form of standing women, who appear to hold up the roof on their heads. The most famous stand on the Erechtheion temple in Athens. One ancient story says they represented women of a defeated city, condemned to bear a heavy load forever. A structural support became a statue, and a punishment turned into one of architecture's most elegant features.","Caryatids are columns carved as standing women who appear to hold up the roof, most famously on Athens' Erechtheion.","columns,caryatids,greece",50,false,"columns-support-and-symbol,ancient-temples-cella-inner-room,gothic-architecture-walls-of-light,ancient-temples-oriented-space,urban-planning-city-shaping",storytelling-and-narrative,
concrete-aggregate-cement-water,architecture,Concrete,Making Concrete Emits More Carbon Than Every Airplane Combined,"Nothing humans manufacture gets used more than concrete; after water, it's the most consumed substance on Earth. We pour enough of it every year to bury entire cities. But there's a hidden cost: making cement, concrete's key binder, releases huge amounts of carbon dioxide. If the concrete industry were a country, it would be one of the world's top carbon emitters, producing more CO2 than all the planet's airplanes combined.","After water, it's the most-used substance on Earth; we pour enough each year to bury whole cities.","concrete,environment,materials",51,false,"urban-planning-technical-political,glass-buildings-postwar-energy,concrete-steel-reinforcement,polymers-life-natural-polymers,gothic-architecture-walls-of-light","stars-and-cosmos,flight-and-aviation",
domes-arch-turned-space,architecture,Domes,"A 1,900-Year-Old Dome Still Holds a World Record","Rome's Pantheon, finished around 1,900 years ago, still has the largest unreinforced concrete dome on Earth. No steel holds it up; the Romans cleverly made the concrete lighter toward the top and left a 27-foot hole, the oculus, open to the sky at its center. Rain does fall straight in, but the floor is gently sloped with hidden drains. Modern engineers still study how it has survived so long.","The Pantheon's nearly 1,900-year-old dome is still the world's largest in unreinforced concrete, with an open hole at its top.","domes,pantheon,roman-engineering",50,false,"domes-romans-scaled-up,domes-push-outward,skyscrapers-technology-coincidence,concrete-steel-reinforcement,urban-planning-industrial-pressure","record-extremes,animal-intelligence,architecture-and-structures",
domes-push-outward,architecture,Domes,This Dome Looked So Light People Thought It Floated,"When Hagia Sophia was built in Constantinople in the 530s, its enormous dome, ringed with windows at its base, seemed to glow and hover unsupported. One writer said it looked as if it were suspended from heaven by a golden chain. The illusion was daring engineering pushed to its limit, perhaps too far: the original dome partly collapsed in an earthquake about twenty years later and had to be rebuilt higher.","Hagia Sophia's window-ringed dome seemed to float 'on a golden chain,' until it partly collapsed in an earthquake.","domes,hagia-sophia,byzantine",52,false,"domes-romans-scaled-up,domes-arch-turned-space,gothic-architecture-walls-of-light,gothic-architecture-pointed-up,columns-support-and-symbol","disaster-and-catastrophe,optical-illusion,bioluminescence-and-glow,architecture-and-structures",
domes-romans-scaled-up,architecture,Domes,Some Domes Let You Hear a Whisper Across the Room,"Step into the right domed space and physics does something magical. In a 'whispering gallery,' like the one beneath the dome of St Paul's Cathedral in London, the smooth curved wall guides sound along its surface with almost no loss. A whisper murmured against the wall on one side can be heard clearly by someone standing more than thirty meters away on the far side. The dome's geometry quietly carries secrets.","In a domed 'whispering gallery' like St Paul's, the curved wall carries a whisper clearly across 30 meters.","domes,acoustics,whispering-gallery",53,false,"domes-arch-turned-space,domes-push-outward,gothic-architecture-pointed-up,bridges-live-dead-loads,skyscrapers-technology-coincidence","architecture-and-structures,music-and-sound,numbers-and-mathematics",
glass-buildings-curtain-wall,architecture,Glass Buildings,A Glass Skyscraper Melted a Parked Car,"In 2013, London's curved 'Walkie-Talkie' tower revealed an unexpected power. Its concave glass facade acted like a giant magnifying mirror, focusing sunlight into a searing beam on the street below. The concentrated heat blistered paint and partly melted parts of a parked Jaguar, and reportedly even fried an egg nearby. Locals nicknamed it the 'Walkie-Scorchie.' The designers had to bolt on shading to tame their accidental death ray.",London's concave 'Walkie-Talkie' tower focused sunlight so intensely it melted parts of a parked car below.,"glass-buildings,walkie-talkie,sunlight",52,false,"glass-buildings-postwar-energy,gothic-architecture-pointed-up,skyscrapers-technology-coincidence,urban-planning-technical-political,domes-romans-scaled-up","architecture-and-structures,energy-and-power,accidental-discovery",
glass-buildings-postwar-energy,architecture,Glass Buildings,Glass Towers Kill Up to a Billion Birds a Year,"A bird can't see glass, and a window reflecting the sky or trees looks to it like open air or habitat. The result is a quiet slaughter: in the United States alone, collisions with glass buildings are estimated to kill hundreds of millions, possibly up to a billion, birds every year. Cities are now starting to require 'bird-friendly' glass, etched with faint patterns birds can see but people barely notice.","Birds can't see glass, so collisions with windows kill up to a billion of them a year in the US alone.","glass-buildings,birds,environment",53,false,"glass-buildings-curtain-wall,bridges-five-basic-forms,gothic-architecture-pointed-up,dead-sea-lowest-water,ravens-solve-problems-together,irrigation-theory-debated","architecture-and-structures,plants-and-botany,psychology-and-behavior",
gothic-architecture-walls-of-light,architecture,Gothic Architecture,Cathedrals Moved Their Skeleton Outside So the Walls Could Disappear Into Glass,"Gothic cathedrals wanted walls of glowing stained glass, but glass can't hold up a heavy stone roof. The solution was the flying buttress: an arched arm of stone reaching from the building out to a separate pier, catching the roof's outward thrust and pushing it safely down to the ground. With the load carried outside, the walls were freed to dissolve into towering windows. The skeleton moved out so the light could come in.","Flying buttresses hauled a Gothic cathedral's crushing roof-thrust outside the building entirely, so the solid stone walls could dissolve into towering stained glass.","gothic-architecture,flying-buttress,stained-glass",52,false,"gothic-architecture-pointed-up,urban-planning-technical-political,domes-push-outward,glass-buildings-postwar-energy,skyscrapers-technology-coincidence","architecture-and-structures,flight-and-aviation,bioluminescence-and-glow,motion-and-force",
gothic-architecture-pointed-up,architecture,Gothic Architecture,A Cathedral Could Take Six Centuries to Finish,"Building a Gothic cathedral was a project that outlived everyone who started it. Many took well over a hundred years; Germany's Cologne Cathedral was begun in 1248 and not completed until 1880, more than six centuries later, with a long pause when work simply stopped. The masons who laid the foundations knew they would never see the spires. They were building for great-great-grandchildren they would never meet.","Gothic cathedrals often took over a century to build; Cologne Cathedral took 600+ years, finishing in 1880.","gothic-architecture,cathedrals,construction",52,false,"gothic-architecture-walls-of-light,skyscrapers-technology-coincidence,urban-planning-technical-political,glass-buildings-postwar-energy,pyramids-global-form",architecture-and-structures,
pyramids-global-form,architecture,Pyramids,"The Great Pyramid Was the Tallest Building for 3,800 Years","When the Great Pyramid of Giza was completed around 4,500 years ago, it rose about 146 meters high, and nothing humans built would surpass it for an astonishing 3,800 years. Only in the Middle Ages did a European cathedral spire finally climb higher. For most of recorded history, the tallest structure on the planet was a tomb of stone blocks, raised by a civilization without iron tools or wheels for hauling.","The Great Pyramid of Giza remained the tallest human-made structure on Earth for about 3,800 years.","pyramids,great-pyramid,giza",52,false,"pyramids-sloping-sides,pyramids-giza-fame,skyscrapers-technology-coincidence,ancient-egypt-3000-years,woolly-mammoths-late-islands,gothic-architecture-pointed-up","architecture-and-structures,record-extremes,stars-and-cosmos,ancient-engineering",
pyramids-sloping-sides,architecture,Pyramids,The Great Pyramid Points Almost Perfectly North,"The Great Pyramid isn't just huge, it's eerily precise. Its four sides are aligned to true north, south, east, and west to within a tiny fraction of a single degree, more accurately than many buildings put up with modern instruments. The Egyptians achieved this without compasses, probably by carefully watching the stars. A monument weighing millions of tons was set down on the desert with the accuracy of a fine instrument.","The Great Pyramid's sides align to true north within a fraction of a degree, achieved without compasses.","pyramids,great-pyramid,astronomy",51,false,"pyramids-global-form,pyramids-giza-fame,gothic-architecture-pointed-up,ancient-egypt-3000-years,urban-planning-technical-political","architecture-and-structures,stars-and-cosmos,ancient-engineering,exploration-and-navigation",
pyramids-giza-fame,architecture,Pyramids,The World's Largest Pyramid Is Hidden Under a Hill,"The biggest pyramid on Earth isn't in Egypt. By total volume, the Great Pyramid of Cholula in Mexico is larger than any Egyptian pyramid, a colossal stepped structure built up over centuries. But it was abandoned and so overgrown that when Spanish conquistadors arrived, they mistook it for a natural hill and built a church right on top. The world's most massive pyramid spent centuries disguised as a mountain.","Mexico's Great Pyramid of Cholula is the largest by volume, but it's so overgrown that conquistadors built a church atop it.","pyramids,cholula,mexico",53,false,"pyramids-global-form,pyramids-sloping-sides,castles-keeps-replaced-donjons,ancient-egypt-3000-years,woolly-mammoths-late-islands","record-extremes,camouflage-and-mimicry,ancient-engineering,architecture-and-structures",
skyscrapers-technology-coincidence,architecture,Skyscrapers,The Chrysler Building Hid a Spire to Win a Race,"In the late 1920s, two New York skyscrapers were racing to become the world's tallest, and the rivalry got sneaky. The team behind the Chrysler Building secretly assembled a 38-meter spire inside the building's crown. Once their competitor topped out, certain it had won, the Chrysler's hidden spire was hoisted up into place in about 90 minutes, vaulting it past its rival overnight. A surprise needle stole the title in plain sight.","The Chrysler Building secretly hid a spire inside, then raised it to beat a rival as the world's tallest building.","skyscrapers,chrysler-building,new-york",53,false,"skyscrapers-elevators-made-height-usable,gothic-architecture-pointed-up,pyramids-global-form,earthquake-engineering-strong-joints,elevators-otis-safety-brake,domes-arch-turned-space","architecture-and-structures,record-extremes",
skyscrapers-elevators-made-height-usable,architecture,Skyscrapers,Elevators Made the Top Floor the Best Address,"For most of history, the top floor of a building was the worst place to live: a sweaty, exhausting climb up endless stairs, usually left to servants and the poor. Then the passenger elevator arrived and flipped everything. Suddenly the highest floors were the easiest to reach, and they came with the best light, quiet, and views. The once-undesirable attic became the prized 'penthouse.' A machine turned the worst floor into the most expensive.","Before elevators the top floor was the worst (a long climb); elevators made it the prized, expensive 'penthouse.'","skyscrapers,elevators,penthouse",52,false,"skyscrapers-technology-coincidence,ancient-temples-sacred-design,domes-arch-turned-space,elevators-otis-safety-brake,earthquake-engineering-strong-joints","architecture-and-structures,record-extremes,money-trade-and-value,machines-and-mechanisms",
urban-planning-city-shaping,architecture,Urban Planning,Paris's Grand Boulevards Were Designed to Stop Revolts,"Paris's famously elegant wide avenues weren't only about beauty. In the mid-1800s, Napoleon III had Baron Haussmann tear straight, broad boulevards through the city's tangle of medieval streets. Those narrow old lanes had been easy for rebels to barricade. The new wide, straight boulevards were much harder to block and let troops and cannons move quickly to crush an uprising. The City of Light was partly redesigned to be revolution-proof.",Haussmann's wide Paris boulevards were partly designed to prevent barricades and let troops crush revolts.,"urban-planning,paris,haussmann",53,false,"urban-planning-industrial-pressure,urban-planning-technical-political,castles-motte-bailey-fast,castles-keeps-replaced-donjons,bridges-live-dead-loads",war-and-conflict,
urban-planning-industrial-pressure,architecture,Urban Planning,Car Companies Invented the Crime of Jaywalking,"For centuries, streets belonged to everyone: pedestrians, carts, children at play. When cars arrived and started killing people, public anger first blamed the drivers. So in the 1920s, the auto industry fought back with a clever campaign, popularizing the insult 'jaywalker', a 'jay' being a clueless country bumpkin, to shift blame onto people crossing 'wrong.' They helped rewrite laws and public opinion until walking in the street became the pedestrian's fault.",'Jaywalking' was pushed by the 1920s auto industry to blame pedestrians and claim the streets for cars.,"urban-planning,jaywalking,cars",52,false,"urban-planning-city-shaping,urban-planning-technical-political,domes-arch-turned-space,glass-buildings-curtain-wall,concrete-aggregate-cement-water","animal-intelligence,invention-and-breakthrough",
urban-planning-technical-political,architecture,Urban Planning,Brazil Built a Capital From Scratch in Under 4 Years,"Most cities grow slowly over centuries. Brazil's capital, Brasilia, was conjured out of empty highland scrub in well under four years, opening in 1960. Planners laid it out from a blank slate, and from above its master plan resembles an airplane or a bird, with government buildings, housing, and monuments arranged along its 'wings' and 'fuselage.' It's a whole city designed as one giant diagram, and it's now a World Heritage Site.","Brazil built its capital Brasilia from empty scrubland in under four years, laid out from above like an airplane.","urban-planning,brasilia,planned-cities",54,false,"urban-planning-industrial-pressure,urban-planning-city-shaping,gothic-architecture-pointed-up,concrete-aggregate-cement-water,gothic-architecture-walls-of-light","flight-and-aviation,architecture-and-structures",
castles-not-palaces,architecture,Castles,Castle Staircases Spiral Clockwise for a Reason,"Look at the spiral staircases in old stone castles and you'll usually find they wind clockwise as you climb. That wasn't decoration, it was combat design. A defender backing up the stairs could swing his sword in his right hand with the open center giving him room, while an attacker climbing up had his right arm jammed against the central pillar. The architecture itself fought on the defender's side.",Castle spiral stairs usually wind clockwise so a right-handed defender on the stairs above had room to swing his sword.,"castles,defense,medieval",53,false,"castles-motte-bailey-fast,castles-keeps-replaced-donjons,ancient-temples-oriented-space,beetles-help-and-harm,bread-used-as-plates","self-organizing-patterns,timekeeping,war-and-conflict",
castles-motte-bailey-fast,architecture,Castles,Castle Toilets Just Dropped Waste Down the Wall,"Castle life was far from romantic. The toilet, called a garderobe, was a stone seat over a chute that sent waste tumbling straight down the outer wall, often into the moat below. The moat, in other words, was frequently a stinking ditch. Oddly, people hung their clothes in the foul-smelling garderobe because the ammonia fumes kept moths away, and that is where we get the word 'wardrobe.'","A castle's 'garderobe' toilet dumped waste down the outer wall, and storing clothes in its fumes gave us 'wardrobe.'","castles,garderobe,medieval-life",53,false,"castles-keeps-replaced-donjons,castles-not-palaces,urban-planning-city-shaping,moats-obstacle-design,bridges-live-dead-loads",war-and-conflict,
castles-keeps-replaced-donjons,architecture,Castles,The Classic Fairy-Tale Castle Is a Victorian Fake,"The dreamy turreted castle that inspired Disney's logo, Neuschwanstein in Bavaria, looks medieval but isn't. It was built in the 1800s for an eccentric, reclusive king who loved fantasy and opera, and it never served any military purpose at all. Behind the storybook towers were thoroughly modern comforts: running water, flush toilets, and central heating. The most iconic 'medieval' castle in the world is really a 19th-century fantasy in disguise.","Neuschwanstein, the fairy-tale castle that inspired Disney, is a 19th-century fantasy with running water, not a real fortress.","castles,neuschwanstein,disney",52,false,"castles-motte-bailey-fast,castles-not-palaces,pyramids-giza-fame,forced-perspective-focus-planning,urban-planning-city-shaping","war-and-conflict,camouflage-and-mimicry,architecture-and-structures",
dragons-east-west-difference,myths-legends,Dragons,Old Maps Almost Never Said 'Here Be Dragons',"We picture ancient mapmakers scrawling 'here be dragons' across unknown lands. In reality, that exact phrase appears on essentially just one surviving historical artifact: a small copper globe from around 1510, which reads 'HC SVNT DRACONES.' Mapmakers did sometimes draw sea monsters in blank oceans, but the famous warning phrase is almost a myth itself, far more common in modern imagination than on any real old map.","The famous map warning 'here be dragons' actually survives on essentially one object, a globe from around 1510.","dragons,maps,history",53,false,"dragons-hero-test,unicorns-purity-symbol,norse-mythology-fragmentary-sources,taste-buds-thousands-on-tongue,maps-preserve-worldviews,fairies-close-to-humans",myth-vs-reality,
dragons-hero-test,myths-legends,Dragons,"There's a Real Dragon, and It's Venomous","The closest thing to a living dragon prowls a few Indonesian islands. The Komodo dragon is the world's largest lizard, growing over three meters long, and it's a genuine apex predator. Long thought to kill with filthy, bacteria-laden bites, it was later found to have actual venom glands that drop a victim's blood pressure and prevent clotting. It can take down deer and water buffalo. Dragons, it turns out, are partly real.","The Komodo dragon, the world's largest lizard, is a real venomous predator that can kill animals as big as buffalo.","dragons,komodo-dragon,animals",52,false,"dragons-east-west-difference,kraken-may-reflect-squid,egyptian-religion-many-gods,megalodon-teeth-tell-story,sasquatch-footprint-legend","record-extremes,human-body-quirks,counterintuitive-scale",
egyptian-religion-cosmos-order,myths-legends,Egyptian Religion,Egyptian Embalmers Threw the Brain Away,"When preparing a mummy, ancient Egyptian embalmers carefully preserved the heart, liver, lungs, and stomach, but not the brain. They scrambled it and pulled it out through the nose with a hooked tool, then discarded it as useless. The reason: they believed the heart, not the brain, was the seat of thought, emotion, and the soul. The organ we now know does all the thinking was the one part they didn't bother to keep.","Egyptian embalmers pulled the brain out through the nose and tossed it, believing the heart did the thinking.","egyptian-religion,mummification,afterlife",52,false,"egyptian-religion-many-gods,kraken-may-reflect-squid,sasquatch-footprint-legend,heart-symbol-ancient-beliefs,yeti-himalayan-snowline","human-body-quirks,psychology-and-behavior",
egyptian-religion-many-gods,myths-legends,Egyptian Religion,Your Heart Was Weighed Against a Feather After Death,"Egyptians believed that to enter the afterlife, your heart was placed on a scale and weighed against the feather of Maat, the goddess of truth and justice. A heart light as the feather meant a good life, and you passed on. But a heart heavy with wrongdoing tipped the scale, and a fearsome monster called Ammit, part lion, hippo, and crocodile, devoured it on the spot, erasing you from existence forever.","Egyptians believed the dead's heart was weighed against a feather; if it was too heavy, a monster ate it.","egyptian-religion,afterlife,maat",52,false,"egyptian-religion-cosmos-order,sasquatch-footprint-legend,yeti-himalayan-snowline,dragons-hero-test,greek-mythology-art-afterlife",human-body-quirks,
fairies-not-always-sweet,myths-legends,Fairies,Two Girls Faked Fairy Photos and Fooled a Genius,"In 1917, two young English cousins took photographs that appeared to show them surrounded by tiny winged fairies. The pictures became a sensation, and one famous believer was Arthur Conan Doyle, the brilliant creator of the hyper-rational Sherlock Holmes, who declared them genuine proof of fairies. The fairies were paper cutouts propped up with hatpins. The girls didn't confess the hoax until the 1980s, more than sixty years later.","The 1917 Cottingley fairy photos, really paper cutouts, fooled even Sherlock Holmes's creator, Arthur Conan Doyle.","fairies,cottingley,hoax",51,false,"fairies-close-to-humans,sasquatch-patterson-film,mermaids-sailor-stories,crop-circles-field-art,king-arthur-medieval-expansion,loch-ness-home",deception-and-hoax,
fairies-close-to-humans,myths-legends,Fairies,Some 'Fairy Rings' Are a Single Living Thing Centuries Old,"Folklore says those eerie circles of mushrooms in a field are fairy dance floors, and stepping inside could trap you in the fairy world. The real explanation is almost as strange. A fungus underground grows outward from a central point in an ever-expanding ring, sending up mushrooms at its edge. Some fairy rings are centuries old and hundreds of meters across. The magic circle is really one single, slowly spreading organism.","Those mushroom circles from folklore are really one fungus spreading outward for hundreds of years, some hundreds of meters wide.","fairies,fairy-rings,fungus",52,false,"fairies-not-always-sweet,dragons-east-west-difference,unicorns-purity-symbol,cicadas-shed-skins,ants-queen-role","hidden-underground,plants-and-botany,myth-vs-reality",
greek-mythology-art-afterlife,myths-legends,Greek Mythology,An Elephant Skull's Nose Hole May Have Invented the Cyclops,"The ancient Greeks had no concept of dinosaurs, but they did dig up enormous, strange bones. Those fossil finds may well have helped inspire their monsters. The skull of a prehistoric elephant, with its large central nasal hole, looks eerily like a one-eyed giant — perhaps the origin of the Cyclops. Beaked dinosaur skeletons in Central Asia may have shaped the griffin. Real bones became the building blocks of myth.",Ancient Greeks digging up fossilized elephant skulls may have mistaken the nasal cavity for a giant's single eye socket.,"greek-mythology,fossils,cyclops",52,false,"dragons-east-west-difference,werewolves-medical-theories,fossils-permineralization,fossils-careful-excavation,unicorns-purity-symbol,ankylosaurus-tail-club","human-body-quirks,myth-vs-reality,invention-and-breakthrough,architecture-and-structures",
king-arthur-medieval-expansion,myths-legends,King Arthur,Broke Monks Faked King Arthur's Grave to Cash In on Tourists,"In 1191, monks at Glastonbury Abbey announced an astonishing discovery: they had unearthed the bones of King Arthur and Queen Guinevere, complete with an identifying cross. The timing was suspicious. The abbey had recently burned down and badly needed money for rebuilding, and a celebrity grave drew floods of paying pilgrims. Most historians now consider it a medieval publicity stunt, one of history's great tourism hoaxes dressed up as archaeology.","After their abbey burned down, Glastonbury monks 'discovered' Arthur and Guinevere's bones just in time to save their finances.","king-arthur,glastonbury,hoax",53,false,"fairies-not-always-sweet,sasquatch-patterson-film,crop-circles-field-art,mermaids-sailor-stories,loch-ness-home","deception-and-hoax,money-trade-and-value,human-body-quirks",
kraken-may-reflect-squid,myths-legends,Kraken,Sailors Feared the Kraken Was as Big as an Island,"In old Scandinavian accounts, the kraken wasn't just large, it was monstrous beyond reckoning. Tales described a creature so vast that sailors mistook its back for an island, landing on it before it suddenly submerged and dragged them down. Its diving was said to create whirlpools strong enough to swallow ships. The legend likely grew from rare glimpses of giant squid, but fear stretched a big animal into a living landmass.","Legend said the kraken was so enormous that sailors mistook it for an island, until it dove and dragged them under.","kraken,sea-monster,folklore",52,false,"werewolves-medical-theories,unicorns-purity-symbol,sleep-paralysis-hallucinations,fairy-tales-folk-and-art,werewolves-trials-europe","myth-vs-reality,counterintuitive-scale,psychology-and-behavior",
loch-ness-home,myths-legends,Loch Ness Monster,Nessie's Most Famous Photo Was a Toy Submarine,"The iconic 1934 image of the Loch Ness Monster, a graceful neck and head rising from the water, convinced the world something lurked in the lake. It was completely fake. Decades later, one of the men involved confessed: the 'monster' was a small model head and neck stuck onto a clockwork toy submarine bought from a shop, photographed in the shallows. One of history's most famous monster photos was a bathtub toy.","The famous 1934 'Surgeon's Photo' of Nessie was a fake, made by mounting a model head on a toy submarine.","loch-ness-monster,hoax,nessie",50,false,"loch-ness-global-myth,fairies-not-always-sweet,sasquatch-patterson-film,crop-circles-field-art,mermaids-sailor-stories,king-arthur-medieval-expansion","deception-and-hoax,timekeeping",
loch-ness-global-myth,myths-legends,Loch Ness Monster,"A DNA Survey Found No Monster, but Lots of Eels","In 2018, scientists tried to settle the question by sampling DNA from the waters of Loch Ness, catching tiny traces of every creature living there. They found no sign of a plesiosaur, a giant reptile, or any unknown beast. What they did find was a surprising abundance of eel DNA, everywhere. The leading scientific theory for Nessie sightings is now refreshingly mundane: an unusually large eel.","A 2018 DNA survey of Loch Ness found no monster but lots of eel DNA, suggesting Nessie may just be a big eel.","loch-ness-monster,dna,eels",52,false,"loch-ness-home,yeti-himalayan-snowline,kraken-may-reflect-squid,greek-mythology-art-afterlife,sasquatch-footprint-legend",,
mermaids-half-human-sea,myths-legends,Mermaids,Columbus Saw 'Mermaids' That Were Really Manatees,"In 1493, Christopher Columbus recorded spotting three mermaids near what is now the Caribbean. He was distinctly unimpressed, noting in his log that they were 'not half as beautiful as they are painted.' That's because they almost certainly weren't mermaids at all but manatees, slow, whiskered sea cows that can look vaguely human-shaped from a distance. Lonely, weary sailors had long mistaken these gentle creatures for the women of the sea.","Columbus logged seeing 'mermaids' in 1493 that were really manatees, grumbling they weren't as pretty as painted.","mermaids,columbus,manatees",50,false,"mermaids-sailor-stories,kraken-may-reflect-squid,greek-mythology-art-afterlife,fairies-close-to-humans,werewolves-trials-europe",,
mermaids-sailor-stories,myths-legends,Mermaids,A Famous 'Mermaid' Was a Monkey Sewn to a Fish,"In the 1840s, showman P.T. Barnum drew crowds with the 'FeeJee Mermaid,' advertised as the preserved body of a real mermaid. Posters showed a beautiful sea maiden. What visitors actually saw was a grotesque little horror: the head and torso of a monkey crudely stitched onto the tail of a fish, blackened and shriveled. It was a complete fraud, and it became one of the most famous hoaxes of the century.","P.T. Barnum's celebrated 'FeeJee Mermaid' was a hoax, a monkey's torso sewn onto a fish tail.","mermaids,pt-barnum,hoax",52,false,"mermaids-half-human-sea,fairies-not-always-sweet,sasquatch-patterson-film,crop-circles-field-art,loch-ness-home,king-arthur-medieval-expansion","deception-and-hoax,collective-behavior",
minotaur-labyrinth-prison,myths-legends,Minotaur,Athens Sent Teenagers to Be Eaten by the Minotaur,"The Minotaur myth has a brutal core. After Athens lost a war to Crete, it was forced to pay a horrifying tribute: every several years it had to send fourteen young men and women into the labyrinth to be devoured by the monster. The horror of sacrificing a city's youth is what makes the hero's arrival matter. Prince Theseus volunteered to be one of the victims, planning to kill the beast and end the nightmare for good.","In the myth, Athens had to send 14 young people into the labyrinth to be devoured by the Minotaur as tribute.","minotaur,theseus,tribute",51,false,"norse-mythology-fragmentary-sources,dragons-east-west-difference,unicorns-purity-symbol,greek-mythology-art-afterlife,fairies-close-to-humans","self-sacrifice,myth-vs-reality,lost-and-rediscovered,war-and-conflict",
phoenix-reborn-from-fire,myths-legends,Phoenix,The Phoenix Doesn't Die of Old Age — It Burns Itself Alive on Purpose,"The classic phoenix doesn't simply die of old age. As its long life, said to last 500 years or more, draws to a close, it builds a nest of fragrant branches and spices, settles in, and bursts into flame, burning itself to ashes. From those ashes a new phoenix rises, sometimes said to carry its parent's remains onward. Destruction and rebirth are folded into a single, deliberate, fiery act.","After 500 years, legend says the phoenix builds its own funeral pyre, settles in, and sets itself on fire to be reborn from the ashes.","phoenix,rebirth,fire",51,false,"dragons-east-west-difference,norse-mythology-world-tree,combustion-heat-accelerates-reaction,unicorns-purity-symbol,norse-mythology-fragmentary-sources","parental-care,myth-vs-reality,food-and-cuisine",
sasquatch-footprint-legend,myths-legends,Sasquatch,The FBI Once Tested Bigfoot Hair,"It sounds like a joke, but it's in the files. In the 1970s, a Bigfoot researcher sent the FBI fifteen hairs attached to a bit of skin, begging them to analyze whether they came from an unknown creature. The bureau actually did it. When the results were finally declassified in 2019, the verdict was deflating: the hairs came from a deer. America's most famous monster turned out, in that sample at least, to be a deer.",The FBI analyzed alleged Bigfoot hair in the 1970s; declassified files revealed it came from a deer.,"sasquatch,fbi,bigfoot",52,false,"sasquatch-patterson-film,egyptian-religion-many-gods,yeti-himalayan-snowline,egyptian-religion-cosmos-order,dragons-hero-test","human-body-quirks,music-and-sound",
sasquatch-patterson-film,myths-legends,Sasquatch,The Name 'Bigfoot' Came From a Prankster's Wooden Feet,"The word 'Bigfoot' entered the language in 1958, when a California newspaper reported huge mysterious footprints found at a logging site. The story spread nationwide and the legend was born. But decades later, after a man named Ray Wallace died in 2002, his family revealed the truth: he had carved giant wooden feet and stomped around the site as a prank. The footprints that named Bigfoot were strapped to a jokester's boots.",The name 'Bigfoot' came from 1958 footprints later revealed to be a prankster stomping around in carved wooden feet.,"sasquatch,bigfoot,hoax",53,false,"sasquatch-footprint-legend,fairies-not-always-sweet,mermaids-sailor-stories,crop-circles-field-art,loch-ness-home,king-arthur-medieval-expansion","deception-and-hoax,storytelling-and-narrative",
unicorn-one-horn,myths-legends,Unicorns,Narwhal Tusks Were Sold as Unicorn Horns,"Medieval Europeans were sure unicorn horns were real and magical, able to detect or neutralize poison. They paid astronomical sums for them, often many times their weight in gold. The catch: the horns were actually the long, spiraled tusks of the narwhal, an Arctic whale, sold by traders who kept the true source secret. Queen Elizabeth I reportedly owned one valued at the price of a castle. A whale tooth funded the unicorn legend.",Prized 'unicorn horns' sold for fortunes in medieval Europe were really narwhal tusks passed off as magical.,"unicorn,narwhals,middle-ages",51,false,"unicorns-purity-symbol,norse-mythology-fragmentary-sources,king-arthur-medieval-expansion,minotaur-labyrinth-prison,werewolves-trials-europe","money-trade-and-value,self-organizing-patterns,war-and-conflict",
unicorns-purity-symbol,myths-legends,Unicorns,Scotland's National Animal Is the Unicorn,"Most countries pick a real, proud beast as their national symbol — a lion, an eagle, a bear. Scotland looked at all of that and picked an animal that has never existed. The unicorn has been Scotland's national symbol since the 1300s, chosen as a proud, untamable creature that legend said would rather die than be captured — a fitting emblem for a fiercely independent nation. It still appears on the royal coat of arms today, shown in chains, to suggest even an unconquerable beast subdued.","Scotland's official national animal is the mythical unicorn, a symbol of proud, untamable independence since the 1300s.","unicorn,scotland,national-symbols",51,false,"unicorn-one-horn,dragons-east-west-difference,norse-mythology-fragmentary-sources,kraken-may-reflect-squid,phoenix-reborn-from-fire",myth-vs-reality,
werewolves-trials-europe,myths-legends,Werewolves,Some People Truly Believe They Turn Into Animals,"There's a rare psychiatric condition with a mythic name: clinical lycanthropy. People experiencing it sincerely believe they are transforming, or have transformed, into an animal, sometimes a wolf, sometimes a dog, bird, or other creature. They may growl, move on all fours, or feel fur growing. It's understood today as a symptom of underlying mental illness, but it shows how the ancient werewolf legend may have brushed up against real human experience.",Clinical lycanthropy is a real rare disorder in which people sincerely believe they're turning into an animal.,"werewolves,clinical-lycanthropy,psychology",53,false,"werewolves-medical-theories,norse-mythology-world-tree,kraken-may-reflect-squid,unicorns-purity-symbol,dragons-east-west-difference","transformation-metamorphosis,myth-vs-reality,psychology-and-behavior",
werewolves-medical-theories,myths-legends,Werewolves,Full Moons and Silver Bullets Came From Hollywood,"The familiar rules of werewolves, that they transform under a full moon and can only be killed with a silver bullet, feel ancient, but they're mostly modern movie inventions. Old folklore was a chaotic grab-bag with no consistent rules. It was 20th-century films, especially 1941's The Wolf Man, that codified the now-standard package of full moons, silver weapons, and the curse passed by a bite. The 'classic' werewolf was largely scripted in Hollywood.","Werewolf 'rules' like full moons and silver bullets are mostly 20th-century Hollywood inventions, not old folklore.","werewolves,hollywood,folklore",53,false,"werewolves-trials-europe,kraken-may-reflect-squid,dragons-east-west-difference,fairy-tales-folk-and-art,rabbits-foot-graveyard-rules","storytelling-and-narrative,stars-and-cosmos,myth-vs-reality,invention-and-breakthrough",
yeti-himalayan-snowline,myths-legends,Yeti,Tested 'Yeti' Remains Keep Turning Out to Be Bears,"For generations, Himalayan monasteries and explorers preserved relics said to belong to the Yeti: tufts of hair, scraps of skin, a bone, even a supposed scalp. In a 2017 study, scientists ran DNA tests on a collection of these revered samples. Nearly every one came back as a bear, mostly Himalayan brown and black bears, with one from a dog. The Abominable Snowman, it seems, has been a bear all along.","DNA tests on revered 'Yeti' relics in 2017 found they were almost all from bears, not an unknown creature.","yeti,dna,bears",50,false,"loch-ness-global-myth,egyptian-religion-many-gods,hibernation-slowed-body,polymers-giant-monomer-chains,sasquatch-footprint-legend,skin-melanin-protects-dna","human-body-quirks,exploration-and-navigation",
norse-mythology-world-tree,myths-legends,Norse Mythology,Loki Gave Birth to Odin's Eight-Legged Horse,"Norse mythology gets strange fast. The trickster god Loki could change shape and sex at will, and in one tale he transformed into a mare to lure away a giant's powerful stallion. The plan worked a little too well: Loki, as a mare, later gave birth to a foal. That foal was Sleipnir, a magnificent eight-legged horse that became the steed of Odin himself, chief of the gods. Loki was, quite literally, its mother.","In Norse myth the trickster Loki turned into a mare and gave birth to Sleipnir, Odin's eight-legged horse.","norse-mythology,loki,sleipnir",51,false,"norse-mythology-fragmentary-sources,werewolves-trials-europe,phoenix-reborn-from-fire,myths-culture-validation,dragons-east-west-difference","parental-care,myth-vs-reality,transformation-metamorphosis",
norse-mythology-fragmentary-sources,myths-legends,Norse Mythology,Valhalla's Warriors Train for a Battle They'll Lose,"In Norse belief, warriors who died bravely were carried to Valhalla, Odin's great hall. It wasn't a peaceful paradise. Each day the fallen heroes fought and slaughtered one another, then rose again healed by evening to feast and drink. The grim purpose: Odin was assembling an army for Ragnarok, the prophesied final battle, in which the gods and their warriors were fated to die anyway. They trained eternally for a war they knew they would lose.","Norse warriors in Valhalla fought and feasted daily, training for Ragnarok, a final battle they were destined to lose.","norse-mythology,valhalla,ragnarok",54,false,"norse-mythology-world-tree,unicorns-purity-symbol,dragons-east-west-difference,myths-culture-validation,minotaur-labyrinth-prison","war-and-conflict,myth-vs-reality",
amelia-earhart-final-flight,mysteries,Amelia Earhart,Amelia Earhart Vanished Almost Within Reach of Land,"In 1937, Amelia Earhart was near the end of an around-the-world flight when she and her navigator simply disappeared over the Pacific. Their target was Howland Island, a flat speck barely two miles long in a vast empty ocean. Her final radio messages said she was running low on fuel and couldn't see the island. Then silence. One of the most famous people alive vanished trying to find a dot on the map.","Amelia Earhart disappeared in 1937 hunting for tiny Howland Island, radioing that she was low on fuel and couldn't find it.","amelia-earhart,aviation,disappearance",53,false,"amelia-earhart-howland-island,bermuda-triangle-disputed-map,dyatlov-tent-cut-open,wow-signal-never-repeated,nazca-lines-desert-drawings","lost-and-rediscovered,energy-and-power,flight-and-aviation,exploration-and-navigation",
amelia-earhart-howland-island,mysteries,Amelia Earhart,Earhart May Have Died a Castaway on a Desert Island,"One leading theory says Earhart didn't crash into the sea but landed on Nikumaroro, an uninhabited island, and survived for a time as a castaway before dying there. Investigators have found suggestive clues on the island: a jar of 1930s freckle cream, a woman's shoe, and bones once measured as possibly female. None of it is proof, but it paints a haunting picture of a famous aviator stranded and alone.","A leading theory holds that Earhart died a castaway on Nikumaroro island, where a freckle-cream jar and bones were found.","amelia-earhart,nikumaroro,theories",53,false,"amelia-earhart-final-flight,taos-hum-worldwide-pattern,ufos-unidentified-not-alien,oak-island-flooded-shaft,easter-island-moai-not-just-heads","human-body-quirks,disaster-and-catastrophe",
antikythera-ancient-computer,mysteries,Antikythera Mechanism,Sponge Divers Found an Ancient Marvel by Accident,"In 1901, Greek sponge divers sheltering from a storm anchored near the island of Antikythera and dove down to find an ancient shipwreck littered with bronze and marble statues. Among the treasure was a corroded lump of bronze no one understood. It sat ignored for years. That lump turned out to be the Antikythera mechanism, a stunningly sophisticated geared device, recovered purely by chance by divers who were hunting sponges.",Greek sponge divers sheltering from a storm in 1901 stumbled onto the Antikythera mechanism in an ancient shipwreck.,"antikythera-mechanism,shipwreck,archaeology",54,false,"antikythera-predicted-eclipses,easter-island-moai-not-just-heads,stonehenge-solstice-alignment,gears-speed-torque-tradeoff,shoelaces-areni-one,titanic-lifeboat-capacity-gap","accidental-discovery,ancient-engineering,machines-and-mechanisms",
antikythera-predicted-eclipses,mysteries,Antikythera Mechanism,The Ancient Device Came With an Instruction Manual,"Modern scanning revealed something remarkable hidden in the Antikythera mechanism's corroded bronze: thousands of tiny Greek letters engraved across its surfaces and inside its workings. Researchers realized this was essentially a built-in user manual, explaining what the dials showed and how to read the heavens it modeled. Two thousand years ago, someone wrote operating instructions in metal, the oldest known how-to guide for a machine.","Scans found thousands of tiny engraved Greek letters on the Antikythera mechanism, an ancient built-in instruction manual.","antikythera-mechanism,inscriptions,ancient-greece",53,false,"antikythera-ancient-computer,stonehenge-built-in-stages,easter-island-remote-statues,gears-speed-torque-tradeoff,steganography-hidden-message,olympic-games-ancient-greek-festival","ancient-engineering,record-extremes,materials-and-chemistry,machines-and-mechanisms",
area-51-real-base,mysteries,Area 51,Many 'UFOs' Over Area 51 Were Secret Spy Planes,"Area 51 in the Nevada desert was where the US tested its most secret aircraft, including the U-2 spy plane in the 1950s. The U-2 flew far higher than any airliner of the day, and its silver body could catch sunlight and gleam strangely to people far below. Airline pilots and observers reported eerie objects in the sky. A huge share of early UFO sightings were really classified planes no one was allowed to know about.",Secret high-flying spy planes tested at Area 51 caused a large share of early UFO sightings.,"area-51,spy-planes,ufos",53,false,"area-51-acknowledged-late,ufos-unidentified-not-alien,nazca-lines-desert-drawings,autopilot-straight-level-flight,air-traffic-control-air-and-ground,bermuda-triangle-disputed-map",flight-and-aviation,
area-51-acknowledged-late,mysteries,Area 51,Two Million People Joked About Storming Area 51,"In 2019, a joke event appeared on Facebook titled 'Storm Area 51, They Can't Stop All of Us,' urging people to rush the secret base and 'see them aliens.' It was obviously a meme, but it went wildly viral, with around two million people clicking that they'd attend. The military issued an actual warning against it. In the end only a few hundred showed up to party in the desert, but the internet had turned a top-secret base into a punchline.","A 2019 joke event to 'Storm Area 51' and 'see them aliens' went viral, with about 2 million people RSVPing.","area-51,internet-culture,memes",51,false,"area-51-real-base,oak-island-money-pit,roanoke-supply-delay,memes-cultural-power,ufos-unidentified-not-alien","internet-and-virality,war-and-conflict,computing-and-web",
bermuda-triangle-disputed-map,mysteries,Bermuda Triangle,"Five Bombers Vanished, Then So Did Their Rescue Plane","The Bermuda Triangle legend exploded after a single 1945 event. Flight 19, a training squadron of five US Navy bombers, became disoriented over the Atlantic and vanished without a trace, the radio crackling with confused pilots unsure of their position. Then a large rescue plane sent to find them disappeared too. Fourteen airmen, then thirteen more, gone in a day. The double tragedy became the founding legend of the Triangle.","In 1945, five Navy bombers (Flight 19) vanished over the Atlantic, and the rescue plane sent after them disappeared too.","bermuda-triangle,flight-19,navy",52,false,"amelia-earhart-final-flight,area-51-real-base,amundsen-airship-north-pole,wow-signal-never-repeated,nazca-lines-desert-drawings","flight-and-aviation,lost-and-rediscovered",
crop-circles-field-art,mysteries,Crop Circles,Two Friends Faked Crop Circles for Years With a Plank,"The crop-circle craze that gripped England seemed to defy explanation, until 1991, when two men in their sixties, Doug Bower and Dave Chorley, confessed they'd been making them for over a decade. Their high-tech tools? A plank of wood, some rope, and a wire sight on a cap to walk straight. Inspired by a pub conversation about UFOs, they'd flattened hundreds of fields for a laugh, and fooled the world.","Two Englishmen, Doug Bower and Dave Chorley, confessed in 1991 to faking crop circles for years using a plank and rope.","crop-circles,hoax,england",49,false,"voynich-strange-illustrations,easter-island-remote-statues,fairies-not-always-sweet,sasquatch-patterson-film,ufos-unidentified-not-alien,king-arthur-medieval-expansion","deception-and-hoax,plants-and-botany",
easter-island-remote-statues,mysteries,Easter Island,Easter Island's Statues May Have 'Walked' Into Place,"How did islanders move nearly 900 multi-ton stone statues across Easter Island without wheels or large animals? Local legend always insisted the moai 'walked.' Modern researchers took that literally and tried it: with just a few teams and ropes, they rocked an upright statue side to side, and it shuffled forward, 'walking' almost exactly as the legend described. The impossible feat may have been a clever waddle, powered by rope and rhythm.","Experiments show Easter Island's multi-ton moai could be 'walked' upright by teams rocking them with ropes, as legend claimed.","easter-island,moai,engineering",53,false,"easter-island-moai-not-just-heads,taos-hum-low-frequency,oak-island-money-pit,antikythera-ancient-computer,antikythera-predicted-eclipses","energy-and-power,animal-intelligence,music-and-sound,machines-and-mechanisms",
easter-island-moai-not-just-heads,mysteries,Easter Island,Easter Island's 'Heads' Have Hidden Bodies,"Most people picture the moai of Easter Island as giant disembodied heads poking from the grass. They're wrong. Excavations revealed that many of those 'heads' have full torsos, arms, and hands, buried under centuries of accumulated soil and rubble. Some are dozens of feet tall. The famous heads-only image is just an accident of how much dirt has piled up around them. There was always a whole body underground.","Easter Island's famous moai 'heads' actually have full buried bodies, hidden by centuries of accumulated soil.","easter-island,moai,archaeology",50,false,"easter-island-remote-statues,stonehenge-solstice-alignment,oak-island-money-pit,pompeii-preserved-city,shoelaces-areni-one,musical-instruments-human-universal",hidden-underground,
nazca-lines-desert-drawings,mysteries,Nazca Lines,The Nazca Lines Were Hidden Until Planes Flew Over,"Across the Peruvian desert sprawl enormous drawings, a hummingbird, a monkey, a spider, some stretching the length of several football fields. But they're so vast that from ground level they look like meaningless scratches. Nobody fully appreciated them until the 1920s and 30s, when airplanes began crossing the desert and pilots looked down to see giant figures staring back. Designs made 2,000 years ago were truly revealed only from the sky.",The giant Nazca figures are nearly invisible from the ground and weren't appreciated until airplanes flew over in the 1900s.,"nazca-lines,peru,geoglyphs",53,false,"nazca-lines-dry-preserved,area-51-real-base,bermuda-triangle-disputed-map,ufos-unidentified-not-alien,amelia-earhart-final-flight",flight-and-aviation,
nazca-lines-dry-preserved,mysteries,Nazca Lines,We're Still Discovering New Nazca Lines,"Even after a century of study, the Nazca desert keeps giving up secrets. Researchers using drones and artificial intelligence to scan the terrain have recently uncovered hundreds of previously unknown figures, faint designs invisible to the naked eye, including animals and human-like shapes. One 2024 effort nearly doubled the number of known figures in a matter of months. The ancient gallery is far larger than anyone realized, and still growing.","Drones and AI recently uncovered hundreds of new Nazca figures, nearly doubling the known total in 2024.","nazca-lines,artificial-intelligence,discovery",52,false,"nazca-lines-desert-drawings,voynich-yale-library,dyatlov-tent-cut-open,dwarf-planets-hundreds-more,microwaves-accidental-cooking","automation-robots-ai,numbers-and-mathematics",
roanoke-croatoan-clue,mysteries,Roanoke Colony,"An Entire Colony Vanished, Leaving One Carved Word","In 1590, a relief ship finally reached England's Roanoke colony off North Carolina, and found it deserted. More than a hundred settlers, including women and children, had simply vanished, with no bodies and no sign of battle. The only clue was a single word carved into a wooden post: CROATOAN, the name of a nearby island and friendly tribe. Whether it was a destination, a plea, or a warning, that one word remains America's oldest unsolved mystery.","England's Roanoke colonists vanished, leaving only the word 'CROATOAN' carved into a post as a clue.","roanoke-colony,croatoan,lost-colony",51,false,"roanoke-supply-delay,wow-signal-never-repeated,stonehenge-built-in-stages,bermuda-triangle-disputed-map,amelia-earhart-final-flight","lost-and-rediscovered,record-extremes,collective-behavior,symbiosis-and-cooperation",
roanoke-supply-delay,mysteries,Roanoke Colony,The First English Baby in America Vanished With the Colony,"Just days before the Roanoke colony's leader sailed back to England for supplies, his granddaughter was born on the island: Virginia Dare, the first English child born in the Americas. By the time he returned three years later, delayed by war with Spain, everyone was gone, including the toddler. Her fate is completely unknown. A baby who symbolized England's hopeful future in the New World disappeared into one of history's blankest pages.","Virginia Dare, the first English baby born in America, vanished as a toddler along with the entire Roanoke colony.","roanoke-colony,virginia-dare,history",53,false,"roanoke-croatoan-clue,wow-signal-never-repeated,bermuda-triangle-disputed-map,amelia-earhart-final-flight,oak-island-money-pit","lost-and-rediscovered,collective-behavior,symbiosis-and-cooperation,war-and-conflict",
stonehenge-built-in-stages,mysteries,Stonehenge,Stonehenge's Altar Stone Came From 700 Kilometers Away,"Stonehenge's biggest stones are local, but its smaller 'bluestones' were famously hauled about 150 miles from Wales, an astonishing feat for Stone Age people. Then, in 2024, scientists analyzing the central 'altar stone' got a shock: its minerals matched rock from northeast Scotland, some 700 kilometers away. How a six-ton slab traveled almost the length of Britain, around 4,500 years ago, is a brand-new mystery layered on top of an old one.","In 2024, Stonehenge's central 'altar stone' was traced to Scotland, ~700 km away, deepening the mystery of how it got there.","stonehenge,altar-stone,geology",52,false,"stonehenge-solstice-alignment,roanoke-croatoan-clue,antikythera-predicted-eclipses,nazca-lines-dry-preserved,easter-island-remote-statues",record-extremes,
stonehenge-solstice-alignment,mysteries,Stonehenge,Stonehenge Was Also a Giant Graveyard,"Stonehenge wasn't only a temple or calendar; it was a place of the dead. The cremated remains of well over a hundred people have been found buried at the site. That makes it one of the largest known burial grounds in Late Stone Age Britain. Some of the dead came from far away, even from Wales — the same region as the bluestones. The monument that draws millions of tourists was, in part, an ancient cemetery.","Stonehenge holds the cremated remains of 150+ people, making it one of Stone Age Britain's largest known cemeteries.","stonehenge,burial,archaeology",51,false,"stonehenge-built-in-stages,easter-island-moai-not-just-heads,antikythera-ancient-computer,musical-instruments-human-universal,ancient-temples-sacred-design,paris-catacombs-cemetery-crisis","record-extremes,hidden-underground,timekeeping,architecture-and-structures",
ufos-unidentified-not-alien,mysteries,UFOs,The Roswell 'UFO' Was a Secret Spy Balloon,"In 1947, something crashed near Roswell, New Mexico, and the military first announced it had recovered a 'flying disc,' igniting the most famous UFO story ever. The wreckage was real, but it wasn't alien. It came from Project Mogul, a top-secret program using high-altitude balloons to spy on Soviet nuclear tests. The military lied to cover the real secret, and that cover-up, ironically, convinced generations of people that aliens were being hidden.","The 1947 Roswell 'UFO' was debris from Project Mogul, a secret balloon program to detect Soviet nuclear tests.","ufos,roswell,project-mogul",50,false,"area-51-real-base,nazca-lines-desert-drawings,amelia-earhart-final-flight,amelia-earhart-howland-island,bermuda-triangle-disputed-map","energy-and-power,flight-and-aviation,disaster-and-catastrophe,storytelling-and-narrative",
voynich-strange-illustrations,mysteries,Voynich Manuscript,The Voynich Book Is Full of Plants That Don't Exist,"The Voynich manuscript is packed with strange, vivid illustrations that only deepen the puzzle. There are detailed drawings of plants that match no known species on Earth, swirling astronomical charts, and odd scenes of naked women bathing in networks of green pools and tubes. The pictures look purposeful and organized, as if illustrating real knowledge, yet they describe a world that doesn't quite line up with ours. Even the images refuse to explain themselves.","The Voynich manuscript brims with drawings of unidentifiable plants, star charts, and women in green pools, explaining nothing.","voynich-manuscript,illustrations,mystery",52,false,"voynich-yale-library,dyatlov-tent-cut-open,crop-circles-field-art,detective-fiction-hard-boiled,indus-undeciphered-script,solar-system-life-only-earth","stars-and-cosmos,plants-and-botany,storytelling-and-narrative,games-and-play",
voynich-yale-library,mysteries,Voynich Manuscript,The World's Best Codebreakers All Failed on This Book,"The Voynich manuscript has humbled the sharpest minds in cryptography. Professional codebreakers who cracked enemy ciphers in both World Wars tried and failed. Modern computer scientists and, recently, artificial intelligence have all taken a crack at it. None has produced a translation that holds up. It's not for lack of effort; the text has clear structure and patterns, which is exactly what's maddening. It looks readable, and yet, after a century of trying, no one can read it.","Elite WWII codebreakers, computer scientists, and AI have all failed to translate the Voynich manuscript's structured script.","voynich-manuscript,codebreaking,cryptography",52,false,"voynich-strange-illustrations,nazca-lines-dry-preserved,ufos-unidentified-not-alien,prime-numbers-cryptography,caesar-cipher-julius-caesar","automation-robots-ai,codes-and-cryptography,language-and-writing,storytelling-and-narrative",
dyatlov-tent-cut-open,mysteries,Dyatlov Pass,Nine Hikers Fled Their Tent Into Lethal Cold,"In 1959, nine experienced hikers died in Russia's Ural Mountains under deeply strange circumstances. Rescuers found their tent abandoned and slashed open from the inside, as if they'd cut their way out in a panic. The hikers had fled into a blizzard and brutal sub-zero cold, several of them barefoot or half-dressed, and scattered across the slope where they froze. Why anyone would flee a warm tent into deadly weather has puzzled people for decades.","In 1959, nine hikers cut their way out of their tent and fled half-dressed into deadly cold in Russia's Ural Mountains.","dyatlov-pass,russia,disappearance",53,false,"amelia-earhart-final-flight,voynich-strange-illustrations,nazca-lines-dry-preserved,taos-hum-low-frequency,oak-island-flooded-shaft","games-and-play,numbers-and-mathematics",
oak-island-money-pit,mysteries,Oak Island,The Treasure Pit That Floods Whenever You Dig,"Since 1795, treasure hunters on Nova Scotia's Oak Island have battled a mysterious shaft called the Money Pit. Dig down past its layers of old oak platforms and, at a certain depth, the pit floods with seawater and stops you cold. Some believe hidden tunnels connect it to the ocean as a deliberate booby trap, designed to drown any excavation. Whether by clever engineering or natural geology, the pit has defeated diggers for over two centuries.","Oak Island's 'Money Pit' floods with seawater whenever treasure hunters dig deep, as if booby-trapped against them.","oak-island,money-pit,treasure",51,false,"oak-island-flooded-shaft,easter-island-moai-not-just-heads,easter-island-remote-statues,book-cipher-book-as-key,taos-hum-low-frequency","hidden-underground,money-trade-and-value,animal-intelligence,war-and-conflict",
oak-island-flooded-shaft,mysteries,Oak Island,Legend Says Seven Must Die Before the Treasure Is Found,"Oak Island's treasure hunt comes with a chilling piece of folklore: that seven people must die before the island gives up its secret. So far, six treasure hunters have died in accidents over the centuries, from drowning to falls to equipment failures. With the count sitting at six, the legend lends every new expedition an eerie tension. Believers note grimly that the prophecy still has one death left to go.",Oak Island lore says seven people must die before its treasure is found; six treasure hunters have already died.,"oak-island,curse,treasure-hunting",53,false,"oak-island-money-pit,taos-hum-worldwide-pattern,amelia-earhart-final-flight,taos-hum-low-frequency,easter-island-remote-statues","myth-vs-reality,exploration-and-navigation,luck-ritual-superstition,music-and-sound",
taos-hum-low-frequency,mysteries,Taos Hum,A Mysterious Hum Only Some People Can Hear,"In Taos, New Mexico, a small fraction of residents are tormented by a faint, low droning sound, like a distant idling engine, that never stops. The strangest part: most people standing right next to them hear absolutely nothing. When investigators brought in sensitive equipment to hunt for the source, they came up empty. About the only thing one instrument clearly detected was a gopher tunneling underground. The hum itself stayed invisible.",Only a small share of people in Taos can hear its persistent low hum; instruments found nothing but a tunneling gopher.,"taos-hum,sound,new-mexico",53,false,"taos-hum-worldwide-pattern,easter-island-moai-not-just-heads,easter-island-remote-statues,snoring-airway-vibration,supersonic-flight-hypersonic-mach-five","hidden-underground,music-and-sound,energy-and-power,numbers-and-mathematics",
taos-hum-worldwide-pattern,mysteries,Taos Hum,The Hum May Come From Inside Your Own Head,"One leading theory for these mysterious hums is unsettling: the sound may not be out in the world at all, but generated inside the listener. The human ear can produce faint noises of its own, and a sensitive auditory system, perhaps tuned to very low frequencies, might perceive a hum that no microphone can capture because it isn't really 'out there.' That would explain why one person hears a clear droning while everyone nearby hears silence.","A leading theory holds the mysterious hum may originate inside the listener's own ears or brain, not in the outside world.","taos-hum,hearing,theories",53,false,"taos-hum-low-frequency,amelia-earhart-howland-island,oak-island-flooded-shaft,sound-human-frequency-range,praying-mantis-camouflage","myth-vs-reality,music-and-sound",
wow-signal-never-repeated,mysteries,Wow! Signal,The Wow! Signal Lasted 72 Seconds and Never Returned,"The Wow! Signal blazed for about 72 seconds, then vanished, and despite many attempts to listen again at the same spot in the sky, it has never reappeared. That's the heartbreak of it. In science, a single unrepeatable event is almost impossible to confirm or explain; you need it to happen again to study it. Nearly fifty years later, the most famous candidate signal from space remains a one-time wonder no one has ever managed to recapture.","The Wow! Signal lasted about 72 seconds and has never been detected again, making it impossible to confirm or explain.","wow-signal,seti,radio-astronomy",52,false,"bermuda-triangle-disputed-map,amelia-earhart-final-flight,roanoke-supply-delay,roanoke-croatoan-clue,taos-hum-low-frequency",lost-and-rediscovered,
blood-transfusions-began-before-types,medicine,Blood Transfusions,Doctors Once Pumped Sheep's Blood Into Humans — Then Banned Transfusions for 150 Years,"In the 1600s, doctors tried transfusing blood from animals straight into people, including sheep-to-human attempts. Nobody understood compatibility, so reactions could be violent and sometimes deadly. After enough disasters, France and England outlawed transfusion, and the practice was essentially banned for around 150 years. The idea was sound, but the science was missing. Blood had to wait until the 1900s before anyone understood why the wrong donor could kill.",In the 1600s doctors tried transfusing sheep's blood into people. The reactions were so often violent and deadly that France and England banned transfusion for roughly 150 years.,"blood-transfusions,blood-history,medicine",52,false,"blood-transfusions-human-blood-breakthrough,transplant-surgery-rejection,germ-theory-changed-cleanliness,germ-theory-key-figures,blood-types-antigens","materials-and-chemistry,medicine-and-cures,human-body-quirks,disaster-and-catastrophe",
blood-transfusions-human-blood-breakthrough,medicine,Blood Transfusions,Doctors Once Tried Transfusing Milk Into Patients,"In 1818, obstetrician James Blundell saved a bleeding mother using human blood, a real step forward. But the path was strange. In the 1800s, some doctors, distrustful of blood, actually tried transfusing milk into patients, hoping it could rebuild the blood. It did not work and could be dangerous. Only when human-to-human blood transfusion took hold did medicine start moving toward something safe. The breakthrough was giving the right fluid, not just any fluid.","Before blood transfusion was understood, some doctors tried transfusing milk instead.","blood-transfusions,medical-history,human-blood",53,false,"blood-transfusions-began-before-types,germ-theory-microbes-cause-disease,stethoscope-distance-invention,insulin-discovery-transformed-diabetes,transplant-surgery-donor-shortage,x-rays-accidental-discovery-impact","parental-care,medicine-and-cures,human-body-quirks,invention-and-breakthrough",
anesthesia-made-surgery-bearable,medicine,Anesthesia,Nobody Fully Knows How Anesthesia Switches You Off,"General anesthesia does something staggering millions of times a day: it switches off consciousness on command, then brings it back. Yet scientists still cannot fully explain how. The drugs clearly act on the brain, but exactly how they dissolve awareness while you keep breathing remains partly a mystery. It is not the same as sleep, and it is not a simple on-off switch. We trust a process we have not completely figured out.","Anesthesia reliably erases consciousness, yet scientists still cannot fully explain how it works.","anesthesia,consciousness,medical-mystery",52,false,"anesthesia-not-always-unconscious,vaccines-train-immune-system,germ-theory-key-figures,antibiotics-penicillin-accident,insulin-pancreas-beta-cells,placebo-effect-clinical-trials",medicine-and-cures,
anesthesia-not-always-unconscious,medicine,Anesthesia,Surgical Anesthesia Started as a Party Trick,"Long before they reached the operating room, ether and nitrous oxide were recreational drugs. People held ""ether frolics"" and inhaled ""laughing gas"" at parties and traveling shows for laughs. For decades nobody connected the giddy numbness to a way of killing surgical pain. Then a dentist noticed a man injure his leg under nitrous oxide and feel nothing. A party trick became one of medicine's greatest gifts.",Ether and laughing gas were party drugs for years before anyone used them to stop surgical pain.,"anesthesia,nitrous-oxide,medical-history",52,false,"anesthesia-made-surgery-bearable,insulin-discovery-transformed-diabetes,transplant-surgery-donor-shortage,x-rays-accidental-discovery-impact,vaccines-train-immune-system,antibiotics-penicillin-accident",medicine-and-cures,
antibiotics-penicillin-accident,medicine,Antibiotics,The First Penicillin Patient's Medicine Was Recycled From His Urine,"Alexander Fleming noticed in 1928 that a stray mold had killed bacteria on a forgotten dish, but he could barely make the drug. Years later, other scientists treated a policeman dying from a scratch he got pruning roses. He improved fast, then they ran out of penicillin. It was so precious they filtered it back out of his urine to keep dosing him. Even that was not enough, and he died.",Penicillin was so scarce that doctors recovered it from a patient's urine to keep treating him.,"antibiotics,penicillin,alexander-fleming",53,false,"placebo-effect-clinical-trials,anesthesia-not-always-unconscious,anesthesia-made-surgery-bearable,vaccines-train-immune-system,insulin-pancreas-beta-cells","medicine-and-cures,food-and-cuisine",
blood-types-antigens,medicine,Blood Types,Fewer Than 50 People Have 'Golden Blood',"Your blood type comes from tiny molecular flags called antigens on your red blood cells, and there are far more than the familiar A, B, and O. The rarest is Rh-null, nicknamed ""golden blood"" because it lacks every Rh antigen. Fewer than 50 people on Earth are known to have it. It can be given to almost anyone with a rare Rh type, making it precious, yet those who have it can receive only from each other.","The rarest blood type, Rh-null or 'golden blood,' is known in fewer than 50 people worldwide.","blood-types,antigens,rare-blood",52,false,"transplant-surgery-rejection,blood-transfusions-began-before-types,mri-magnets-not-x-rays,insulin-pancreas-beta-cells,germ-theory-key-figures","human-body-quirks,materials-and-chemistry",
diagnostic-imaging-many-tools,medicine,Diagnostic Imaging,Beatles Records Helped Pay for the First CT Scanner,"The CT scanner, which spins X-rays around you and lets a computer rebuild the body in slices, came from an unlikely sponsor. It was developed at EMI, the British company whose record label released the Beatles. Profits from the band's enormous success helped fund the research lab where engineer Godfrey Hounsfield built it in the early 1970s. In a real sense, a few of medicine's first 3D body scans were paid for by ""Hey Jude.""","The first CT scanner was developed at EMI, funded partly by Beatles record sales.","diagnostic-imaging,ct-scan,medical-history",52,false,"insulin-discovery-transformed-diabetes,anesthesia-not-always-unconscious,x-rays-accidental-discovery-impact,transplant-surgery-donor-shortage,prosthetics-more-than-limbs","gravity-and-orbits,money-trade-and-value,medicine-and-cures,computing-and-web",
germ-theory-microbes-cause-disease,medicine,Germ Theory,He Proved Handwashing Saved Lives and Was Locked Away,"In the 1840s, Ignaz Semmelweis noticed mothers died far more often when doctors delivered babies straight from doing autopsies. He ordered handwashing, and deaths plunged. But this was before germ theory, so colleagues were insulted by the idea their hands were dirty and rejected him. Mocked and ruined, Semmelweis was committed to an asylum and died there. Only later did germ theory prove the unseen killers he had been fighting were real.",Semmelweis proved handwashing saved mothers' lives but was ridiculed and died in an asylum.,"germ-theory,handwashing,medical-history",53,false,"germ-theory-changed-cleanliness,germ-theory-key-figures,blood-transfusions-human-blood-breakthrough,soap-germ-membranes,x-rays-accidental-discovery-impact",parental-care,
germ-theory-changed-cleanliness,medicine,Germ Theory,Surgeons Once Bragged About Their Blood-Caked Coats,"Before germ theory took hold, surgery was filthy and proud of it. Surgeons operated in old coats stiff with dried blood and pus from past patients, and a crusty coat was a badge of experience: the dirtier it looked, the busier the doctor seemed. They reused unwashed tools and rarely cleaned their hands. Once germ theory revealed that invisible microbes spread infection, that pride collapsed, and cleanliness became one of medicine's most powerful, life-saving tools.","Before germ theory, surgeons wore blood-stiffened coats as a badge of how busy they were.","germ-theory,sanitation,surgery",52,false,"germ-theory-key-figures,germ-theory-microbes-cause-disease,blood-transfusions-began-before-types,sewers-public-health,insulin-pancreas-beta-cells,medical-robots-surgeon-controlled","medicine-and-cures,human-body-quirks,disaster-and-catastrophe",
germ-theory-key-figures,medicine,Germ Theory,Pasteur Tested His Rabies Vaccine on a Dying Boy,"Louis Pasteur, Joseph Lister, and Robert Koch turned germ theory from suspicion into proof. Pasteur's nerve still stuns: in 1885 a 9-year-old mauled by a rabid dog faced near-certain death. Pasteur had an unproven rabies vaccine tested only on animals, and no medical license to use it. He gambled and gave it. The boy lived. It was a staggering risk that helped launch the age of vaccines against deadly disease.","Pasteur risked an untested rabies vaccine on a dying boy, and it saved him.","germ-theory,pasteur,rabies",53,false,"germ-theory-changed-cleanliness,germ-theory-microbes-cause-disease,insulin-pancreas-beta-cells,vaccines-train-immune-system,anesthesia-made-surgery-bearable,blood-transfusions-began-before-types","medicine-and-cures,human-body-quirks",
insulin-pancreas-beta-cells,medicine,Insulin,Insulin Woke Children From Diabetic Comas Overnight,"Insulin is made by beta cells in tiny islands inside the pancreas, and when those cells fail, the results are devastating. In one of medicine's most moving moments, a Toronto hospital ward in 1922 was full of children in diabetic comas, their families waiting for them to die. Doctors went bed to bed injecting the new insulin. Before they finished the row, the first children were already waking up. A hormone from microscopic cell clusters brought them back.",Insulin from the pancreas's tiny beta cells once woke a ward of comatose diabetic children.,"insulin,pancreas,beta-cells",51,false,"insulin-discovery-transformed-diabetes,germ-theory-key-figures,germ-theory-changed-cleanliness,transplant-surgery-rejection,anesthesia-not-always-unconscious,anesthesia-made-surgery-bearable","medicine-and-cures,human-body-quirks",
insulin-discovery-transformed-diabetes,medicine,Insulin,The Discoverers Sold the Insulin Patent for $1,"When Frederick Banting and Charles Best helped discover insulin in the 1920s, severe diabetes was a death sentence. Their breakthrough could have made them rich. Instead they sold the patent to the University of Toronto for a single dollar, insisting the drug belonged to the world, not to them. Banting reportedly said insulin was not his to profit from. A lifesaving treatment was deliberately handed to humanity for one dollar.","Insulin's discoverers sold the patent for $1, saying the drug belonged to the world.","insulin,diabetes,medical-history",52,false,"insulin-pancreas-beta-cells,anesthesia-not-always-unconscious,blood-transfusions-human-blood-breakthrough,diagnostic-imaging-many-tools,stethoscope-distance-invention","medicine-and-cures,invention-and-breakthrough,money-trade-and-value",
mri-magnets-not-x-rays,medicine,MRI,An MRI Magnet Can Turn a Gas Tank Into a Missile,"An MRI uses magnetism instead of X-rays, but that magnet is no gentle thing. It is thousands of times stronger than Earth's magnetic field, and crucially, it is always on, even when no scan is running. Bring a steel object too close and it can be ripped from your hands and slammed into the machine. A loose oxygen tank can fly across the room like a missile, which is why metal is banned from MRI rooms.",An MRI's always-on magnet is strong enough to hurl a steel oxygen tank across the room.,"mri,magnetic-resonance-imaging,medical-imaging",52,false,"mri-soft-tissue-detail,blood-types-antigens,transplant-surgery-rejection,blood-transfusions-began-before-types,apollo13-haise-kidney-infection","materials-and-chemistry,flight-and-aviation",
mri-soft-tissue-detail,medicine,MRI,A Dead Salmon 'Lit Up' in a Brain Scanner,"Functional MRI can watch the living brain by tracking blood flow, and it is brilliant at soft tissue. But it can also be fooled. To prove a point, researchers once slid a dead salmon into an fMRI and showed it pictures of people. With sloppy statistics, the scan appeared to show ""brain activity"" in the dead fish. The famous experiment, which won an Ig Nobel Prize, warned scientists how easily noise can masquerade as real results.","Researchers found fake 'brain activity' in a dead salmon, exposing a flaw in scan analysis.","mri,soft-tissue,neuroscience",51,false,"mri-magnets-not-x-rays,blood-types-antigens,insulin-pancreas-beta-cells,fossils-permineralization,brands-shape-perception","deception-and-hoax,human-body-quirks",
placebo-effect-clinical-trials,medicine,Placebo Effect,The Placebo Has an Evil Twin: the Nocebo,"Just as belief can heal, it can also harm. The placebo's dark twin is the nocebo effect, where expecting something bad makes you feel it. In drug trials, people given the dummy sugar pill often report real side effects, like headaches or nausea, simply because they were warned the ""medicine"" might cause them. The same machinery that turns hope into relief can turn fear into genuine symptoms. Expectation cuts both ways.",The nocebo effect makes people feel real side effects from a harmless sugar pill.,"placebo-effect,nocebo,clinical-trials",52,false,"antibiotics-penicillin-accident,anesthesia-not-always-unconscious,anesthesia-made-surgery-bearable,vaccines-train-immune-system,insulin-pancreas-beta-cells","medicine-and-cures,psychology-and-behavior,food-and-cuisine",
prosthetics-more-than-limbs,medicine,Prosthetics,"The Oldest Known Prosthetic Is a 3,000-Year-Old Toe","Prosthetics are far older than you might think. The earliest known working one is a big toe, made of wood and leather, found on the foot of an ancient Egyptian mummy from around 3,000 years ago. It was not just decoration. The toe shows wear marks and was rebuilt to bend, strong evidence its owner actually walked on it. Long before modern medicine, someone crafted a careful, comfortable replacement for a missing body part.","A 3,000-year-old wooden toe on an Egyptian mummy is the oldest known working prosthetic.","prosthetics,ancient-egypt,medical-history",52,false,"x-rays-invisible-light,anesthesia-not-always-unconscious,monotheism-one-god,hieroglyphics-always-phonetic,transplant-surgery-donor-shortage,diagnostic-imaging-many-tools","record-extremes,medicine-and-cures,world-first,lost-and-rediscovered",
stethoscope-distance-invention,medicine,Stethoscope,Embarrassment Invented the Stethoscope,"In 1816, French doctor Rene Laennec needed to listen to a young woman's heart but felt too awkward to press his ear directly to her chest, as was then the custom. So he rolled a sheet of paper into a tight tube, put one end to her chest and the other to his ear, and was amazed to hear the heartbeat more clearly than ever. Born from a moment of simple embarrassment, the instrument endures two centuries later as the very symbol of medicine, draped around nearly every doctor's neck.",Laennec invented the stethoscope because he was too embarrassed to press his ear to a patient's chest.,"stethoscope,medical-history,auscultation",56,false,"blood-transfusions-human-blood-breakthrough,insulin-discovery-transformed-diabetes,transplant-surgery-donor-shortage,anesthesia-not-always-unconscious,x-rays-accidental-discovery-impact","medicine-and-cures,human-body-quirks,survival-adaptation,invention-and-breakthrough",
transplant-surgery-rejection,medicine,Transplant Surgery,Your Body Attacks a Transplanted Organ Like an Invading Enemy,"Your immune system doesn't know the difference between a lifesaving transplant and an infection — it attacks a new organ as a foreign invader, a reaction called rejection. That's why the first truly successful organ transplant, a kidney in 1954, had to happen between identical twins. Because the twins shared the same genes, the recipient's body never recognized the kidney as foreign and simply left it alone. It proved transplants could work, and pushed doctors to find drugs that could calm the immune system for everyone else.",Your immune system treats a new organ like an invader — unless the donor happens to share your exact DNA.,"transplant-surgery,immune-system,rejection",53,false,"transplant-surgery-donor-shortage,blood-transfusions-began-before-types,insulin-pancreas-beta-cells,germ-theory-key-figures,blood-types-antigens","medicine-and-cures,human-body-quirks,materials-and-chemistry",
transplant-surgery-donor-shortage,medicine,Transplant Surgery,The First Heart Transplant Made a Surgeon World-Famous Overnight,"In 1967, South African surgeon Christiaan Barnard did what many thought impossible: he transplanted a human heart into a living patient. The man survived 18 days before infection killed him, yet the operation electrified the world and turned Barnard into an instant global celebrity. It also exposed transplant medicine's hard limit, which is not just skill but supply. Every transplant needs a donor, and the shortage of organs still forces painful choices about who receives one.",Barnard's 1967 heart transplant patient lived 18 days and made the surgeon an overnight celebrity.,"transplant-surgery,organ-donation,medical-history",53,false,"transplant-surgery-rejection,anesthesia-not-always-unconscious,x-rays-accidental-discovery-impact,blood-transfusions-human-blood-breakthrough,stethoscope-distance-invention,diagnostic-imaging-many-tools","medicine-and-cures,human-body-quirks,motion-and-force",
vaccines-train-immune-system,medicine,Vaccines,Smallpox Is the Only Human Disease Wiped From the Wild,"Vaccination did something unprecedented with smallpox, a disease that killed hundreds of millions. A worldwide vaccination campaign hunted it down until the last natural case appeared in 1977. It is the only human disease ever completely eradicated in the wild. The virus did not vanish entirely, though. Known stocks are now locked away in just two high-security freezers, one in the United States and one in Russia, the last traces of a once-unstoppable killer.",Smallpox is the only human disease eradicated in the wild; samples survive in two guarded freezers.,"vaccines,smallpox,disease-eradication",52,false,"vaccines-jenner-smallpox,anesthesia-made-surgery-bearable,anesthesia-not-always-unconscious,germ-theory-key-figures,insulin-pancreas-beta-cells,antibiotics-penicillin-accident",medicine-and-cures,
vaccines-jenner-smallpox,medicine,Vaccines,The Word 'Vaccine' Literally Means 'From a Cow',"In the 1790s, Edward Jenner noticed milkmaids who had caught mild cowpox seemed protected from deadly smallpox. To test it, he deliberately infected a young boy with cowpox, then later exposed him to smallpox. The boy did not get sick. That daring experiment launched vaccination. The name itself carries the story: ""vaccine"" comes from vacca, the Latin word for cow, a permanent tribute to the cowpox that started it all.","Jenner's smallpox breakthrough gave us the word 'vaccine,' from vacca, Latin for cow.","vaccines,edward-jenner,smallpox",53,false,"vaccines-train-immune-system,insulin-discovery-transformed-diabetes,germ-theory-key-figures,anesthesia-not-always-unconscious,anesthesia-made-surgery-bearable","origins-and-naming,medicine-and-cures,invention-and-breakthrough,storytelling-and-narrative",
x-rays-invisible-light,medicine,X-rays,Shoe Stores Used to X-Ray Your Feet for Fun,"When X-rays were new, their dangers were unknown, and people treated them as a marvel. For decades, shoe stores kept X-ray machines called fluoroscopes so customers could look at the bones of their feet wiggling inside a new pair of shoes. Children played with them as a novelty. Only later did doctors realize the repeated radiation was harmful, and many early X-ray pioneers paid with burns, lost fingers, and even their lives.","For decades, shoe stores let customers X-ray their feet before the radiation risk was understood.","x-rays,fluoroscope,medical-history",52,false,"x-rays-accidental-discovery-impact,prosthetics-more-than-limbs,blood-transfusions-human-blood-breakthrough,transplant-surgery-donor-shortage,stethoscope-distance-invention","human-body-quirks,world-first,lost-and-rediscovered",
x-rays-accidental-discovery-impact,medicine,X-rays,The First X-Ray Made a Woman Say She'd Seen Her Death,"In 1895, Wilhelm Roentgen stumbled onto a mysterious ray that could pass through solid matter. Unsure what it was, he simply called it ""X."" For the first medical image, he had his wife Bertha place her hand on a plate, and the picture showed the bones of her hand and the dark ring on her finger. Staring at her own skeleton, she reportedly gasped, ""I have seen my own death."" Medicine had gained a way to look inside the living.","Roentgen's first X-ray showed his wife's hand bones; she said, 'I have seen my own death.'","x-rays,medical-history,radiology",51,false,"x-rays-invisible-light,anesthesia-not-always-unconscious,transplant-surgery-donor-shortage,blood-transfusions-human-blood-breakthrough,stethoscope-distance-invention,diagnostic-imaging-many-tools","medicine-and-cures,human-body-quirks,accidental-discovery",
medical-robots-surgeon-controlled,medicine,Medical Robots,A Surgical Robot Can Peel and Stitch a Grape,"A surgical robot does not act on its own; the surgeon drives every move from a console nearby. What makes it remarkable is precision. The system shrinks a surgeon's hand motions down to tiny, exact movements and quietly cancels out the natural tremor in human hands. In a favorite demonstration, surgeons use one to peel the thin skin off a single grape and then stitch it neatly back on. The robot's gift is steadiness, not independence.","Surgical robots scale motion and erase hand tremor, precisely enough to suture a grape's skin.","medical-robots,robotic-surgery,surgeons",51,false,"medical-robots-minimally-invasive,insulin-pancreas-beta-cells,germ-theory-key-figures,anesthesia-not-always-unconscious,germ-theory-changed-cleanliness","automation-robots-ai,medicine-and-cures,human-body-quirks",
medical-robots-minimally-invasive,medicine,Medical Robots,A Surgeon in New York Operated on a Patient in France,"In 2001, surgeons pulled off something that sounds impossible: a patient in Strasbourg, France, had her gallbladder removed by a surgeon sitting at a console in New York City, about 4,000 miles away. High-speed cables carried his hand movements to robotic arms across the Atlantic with barely any delay. Nicknamed Operation Lindbergh, it proved that with the right robot and connection, a surgeon's skill no longer has to be in the same room as the patient.","In 2001, a New York surgeon removed a gallbladder from a patient in France via robot.","medical-robots,remote-surgery,surgical-technology",53,false,"medical-robots-surgeon-controlled,transplant-surgery-donor-shortage,vaccines-train-immune-system,anesthesia-not-always-unconscious,anesthesia-made-surgery-bearable","automation-robots-ai,medicine-and-cures,music-and-sound,motion-and-force",
coral-islands-built-from-skeletons,geography,Coral Islands,Much of That White Sand Is Parrotfish Poop,"The dazzling white sand on a tropical coral island has a surprising source. Parrotfish spend their days biting and crunching coral to eat the algae inside, grinding the rock-hard skeleton with teeth in their throats. What comes out the other end is fine white sand. A single large parrotfish can produce hundreds of pounds of it a year. Stretches of postcard-perfect beach are, quite literally, fish droppings piled up over time.",Much of a coral island's white sand is ground-up coral excreted by parrotfish.,"coral-islands,parrotfish,beaches",52,false,"fjords-cold-water-reefs,waterfalls-erosion-builds-and-breaks,islands-isolation-shapes-life,rainforests-climate-regulators,rivers-shaped-settlements","human-body-quirks,food-and-cuisine",
deserts-defined-by-dryness,geography,Deserts,The Largest Desert on Earth Is Frozen,"A desert is defined by dryness, not heat or sand, and that has a startling consequence: the biggest desert on the planet is Antarctica. It receives almost no precipitation, making it a vast cold desert. Some of its Dry Valleys are so arid they have not seen rain or snow in roughly two million years, kept ice-free by fierce dry winds. The driest places on Earth are not full of dunes. They are buried in ice.","Antarctica is the world's largest desert, and its Dry Valleys may not have seen rain in 2 million years.","desert,antarctica,dry-valleys",51,false,"deserts-have-specialized-life,lakes-basins-hold-water,caves-acidic-water,shackleton-endurance-survival,monsoons-winter-can-be-dry","record-extremes,hidden-underground,stars-and-cosmos",
deserts-have-specialized-life,geography,Deserts,Some Desert Spots Have Never Recorded a Drop of Rain,"Deserts can be so dry that life clings on by extraordinary tricks, and Chile's Atacama is the extreme. Parts of it are the driest non-polar place on Earth, with weather stations that have never recorded a single drop of rain. The ground is so Mars-like that scientists test rover instruments there. Yet specialized microbes still survive inside rocks and on coastal fog. Life hangs on even where rain essentially never comes.","Parts of the Atacama Desert have never recorded rainfall, yet microbes still survive there.","desert,atacama,adaptation",52,false,"deserts-defined-by-dryness,plate-tectonics-moving-shell,waterfalls-many-causes,valleys-climate-influence,oceans-cover-most-earth","automation-robots-ai,music-and-sound",
glaciers-flow-slowly,geography,Glaciers,Some Glacier Ice Glows Electric Blue — Because It's Been Crushed Nearly Airless,"Glaciers flow like rivers in slow motion, creeping downhill under their own weight and grinding the land as they go. Up close, dense glacier ice often glows an eerie blue. The reason is pressure: years of snow squeeze out nearly all the air, packing the ice so tightly that it absorbs the red part of sunlight and reflects back blue. Ordinary ice looks white because of trapped air. Crush that air out and the ice turns the color of deep water.","Squeeze almost all the air out of ice under enough pressure, and it stops looking white and starts glowing like deep water.","glaciers,glacier-flow,blue-ice",51,false,"valleys-v-or-u-shapes,rivers-shaped-settlements,mars-search-for-life,blue-pigment-history,deserts-defined-by-dryness,pluto-blue-sky","energy-and-power,color-and-light,bioluminescence-and-glow",
islands-isolation-shapes-life,geography,Islands,Islands Shrink Elephants and Supersize Rodents,"Cut off by water, island animals often evolve in strange directions, a pattern so common biologists call it the island rule. With limited food, big animals tend to shrink: islands have produced elephants no taller than a person and miniature hippos. Meanwhile small animals, freed from many predators, can balloon: islands have grown rats the size of small dogs and giant flightless birds. The same isolation that dwarfs giants can turn the tiny into giants.","On isolated islands, large animals often shrink to dwarfs while small animals grow into giants.","islands,island-rule,evolution",51,false,"coral-islands-built-from-skeletons,waterfalls-erosion-builds-and-breaks,giant-sloths-claws-leaves,whales-largest-animal-ever,fjords-cold-water-reefs","counterintuitive-scale,food-and-cuisine",
lakes-basins-hold-water,geography,Lakes,One Siberian Lake Holds More Fresh Water Than All Five Great Lakes Combined,"Every lake starts with a basin to hold water, and Siberia's Lake Baikal sits in one of the deepest on the planet. A scar from the crust slowly pulling apart, Baikal plunges over 1,600 meters down and is around 25 million years old, the deepest and oldest lake on Earth. It holds roughly a fifth of all the world's unfrozen fresh water, more than all five of North America's Great Lakes put together, sealed inside a single ancient rift.",Lake Baikal alone holds roughly a fifth of Earth's unfrozen fresh water — more than the five Great Lakes put together.,"lakes,lake-baikal,fresh-water",53,false,"lakes-can-mix-vertically,deserts-defined-by-dryness,waterfalls-many-causes,saturn-titan-lakes,ants-social-colonies,rivers-drainage-networks","record-extremes,stars-and-cosmos",
lakes-can-mix-vertically,geography,Lakes,A Lake Once Belched a Cloud of Gas That Killed Thousands,"Lakes can mix and overturn, and in rare cases that hidden behavior turns deadly. Some deep lakes quietly store huge amounts of carbon dioxide in their depths. In 1986, Cameroon's Lake Nyos suddenly released an enormous cloud of CO2 in a single night. Heavier than air, the invisible gas rolled down the valleys and suffocated around 1,700 people and countless animals as they slept. A calm, pretty lake had been a hidden bomb of dissolved gas.","In 1986, Lake Nyos in Cameroon released a CO2 cloud that suffocated about 1,700 people overnight.","lakes,lake-nyos,limnic-eruption",52,false,"lakes-basins-hold-water,mount-vesuvius-population-risk,waterfalls-erosion-builds-and-breaks,saturn-titan-lakes,volcanoes-not-just-lava","disaster-and-catastrophe,psychology-and-behavior",
mountains-erode-while-rising,geography,Mountains,There Are Seashells on Top of Mount Everest,"The Himalayas are still rising about a centimeter a year as the Indian plate grinds into Asia, and they carry an astonishing clue to their birth. The pale limestone near Everest's summit is packed with the fossils of sea creatures. The rock at the roof of the world formed at the bottom of an ancient ocean, then was crushed and shoved skyward as two continents collided. The highest point on Earth was once a seabed full of shells.","Everest's summit rock holds marine fossils, because it was once an ancient ocean floor.","mountains,everest,marine-fossils",52,false,"oceans-cover-most-earth,waterfalls-many-causes,deep-sea-deeper-than-everest,fjords-deepest-inland,lakes-basins-hold-water","record-extremes,deep-sea-and-abyss",
oceans-cover-most-earth,geography,Oceans,We've Mapped Mars Better Than Our Own Seafloor,"Oceans cover most of the planet, yet they remain stunningly unexplored. We have detailed maps of the surfaces of Mars and the Moon, but most of Earth's own seafloor has never been mapped in fine detail, and roughly 80 percent of the ocean is unexplored by humans. The deep sea is darker and harder to reach than space in many ways. We live on a water world whose largest feature is still mostly a mystery.","Most of Earth's seafloor is unmapped in detail, and about 80 percent of the ocean is unexplored.","ocean,exploration,seafloor",52,false,"oceans-have-hidden-landscapes,waterfalls-many-causes,mountains-erode-while-rising,lake-hillier-pink-conditions,deep-sea-underwater-lakes,saturn-enceladus-ocean","stars-and-cosmos,deep-sea-and-abyss,record-extremes,numbers-and-mathematics",
oceans-have-hidden-landscapes,geography,Oceans,Earth's Longest Mountain Range Is Underwater,"The longest mountain range on Earth is one almost no one has ever seen. The mid-ocean ridge winds along the seafloor for about 65,000 kilometers, circling the globe like the stitching on a baseball. It is where molten rock rises and new seafloor is constantly born, slowly pushing the continents apart. Towering ranges, deep valleys, and active volcanoes run through it, all hidden beneath kilometers of dark water. The planet's grandest mountains are out of sight.","The mid-ocean ridge is Earth's longest mountain range, snaking 65,000 km across the seafloor.","ocean,mid-ocean-ridge,seafloor",52,false,"oceans-cover-most-earth,waterfalls-many-causes,valleys-climate-influence,moon-europa-ocean,saturn-enceladus-ocean,mount-vesuvius-population-risk","record-extremes,extreme-temperature,stars-and-cosmos,disaster-and-catastrophe",
plate-tectonics-moving-shell,geography,Plate Tectonics,The Atlantic Is Wider Now Than in Columbus's Day,"Earth's crust is broken into giant plates that drift about as fast as your fingernails grow, a few centimeters a year. It sounds trivial, but it adds up. The Atlantic Ocean is slowly widening as North America and Europe creep apart, which means the sea is measurably broader today than when Columbus sailed across it. Continents are not fixed scenery. They are rafts riding the slow churn of the hot rock beneath, rearranging the map grain by grain.","Tectonic plates drift at fingernail speed, making the Atlantic wider now than in Columbus's day.","plate-tectonics,continental-drift,atlantic",52,false,"plate-tectonics-boundaries-matter,plate-tectonics-wegener-was-early,volcanoes-not-just-lava,deserts-have-specialized-life,waterfalls-many-causes","music-and-sound,motion-and-force",
plate-tectonics-boundaries-matter,geography,Plate Tectonics,Africa Is Splitting Apart to Make a New Ocean,"Where plates meet, Earth gets violent, and where they pull apart, it can tear a continent in two. Along East Africa's Great Rift Valley, the crust is slowly ripping open as plates drift apart. Over millions of years, the gap is expected to widen until the sea floods in and splits off a new continent, creating a brand-new ocean. In 2005, a 60-kilometer crack opened in the Ethiopian desert in just days, a glimpse of a continent coming apart.",East Africa's Great Rift is slowly tearing the continent apart to form a new ocean.,"plate-tectonics,great-rift-valley,plate-boundaries",52,false,"plate-tectonics-moving-shell,plate-tectonics-wegener-was-early,oceans-have-hidden-landscapes,lakes-basins-hold-water,mountains-erode-while-rising",collective-behavior,
plate-tectonics-wegener-was-early,geography,Plate Tectonics,He Was Mocked for Drifting Continents and Proven Right Too Late,"Alfred Wegener noticed the continents fit together like puzzle pieces, with matching fossils and rock layers split across oceans, and argued they had once been joined. Scientists ridiculed him because he could not explain what moved them, and he died on an expedition in 1930 before being vindicated. Decades later, seafloor spreading proved him right. The continents really had been one supercontinent, Pangaea, and they will slowly drift back together into a new one in around 250 million years.",Wegener was mocked for proposing drifting continents and proven right only after his death.,"plate-tectonics,alfred-wegener,pangaea",53,false,"plate-tectonics-boundaries-matter,plate-tectonics-moving-shell,oceans-have-hidden-landscapes,sacagawea-only-woman,mountains-erode-while-rising","exploration-and-navigation,games-and-play",
rivers-shaped-settlements,geography,Rivers,One of the World's Great Rivers Flows 'Up' the Map,"We tend to assume rivers flow downward on a map, toward the bottom, but down only means downhill. The Nile, one of the longest rivers on Earth, flows the other way, running south to north for some 6,600 kilometers from the heart of Africa to the Mediterranean. Its yearly floods laid down rich soil that fed ancient Egypt and helped one of history's great civilizations rise. Rivers do not follow our maps. They follow gravity, and people followed them.","The Nile flows south to north for 6,600 km, and its floods nourished ancient Egypt.","rivers,nile,civilization",52,false,"rivers-drainage-networks,lakes-basins-hold-water,mountains-erode-while-rising,valleys-climate-influence,coral-islands-built-from-skeletons","record-extremes,gravity-and-orbits,human-body-quirks",
rivers-drainage-networks,geography,Rivers,The Amazon Pushes Fresh Water 100 Miles Out to Sea,"The Amazon is so immense it bends the ocean around it. It pours out roughly a fifth of all the river water on Earth, more than the next several biggest rivers combined. So much fresh water gushes from its mouth that the sea stays noticeably less salty for around 100 miles offshore, where early sailors could dip drinking water while still out of sight of land. For most of its length it is also so wide that no bridge crosses its main stem.",The Amazon discharges so much water it keeps the sea fresh about 100 miles from shore.,"rivers,amazon,discharge",51,false,"rivers-shaped-settlements,caves-acidic-water,lakes-basins-hold-water,mountains-erode-while-rising,waterfalls-many-causes","record-extremes,architecture-and-structures",
valleys-v-or-u-shapes,geography,Valleys,The Grand Canyon's Walls Stack Up Two Billion Years,"A deep valley can be a time machine. As the Colorado River cut down through the rising Grand Canyon, it sliced through layer after layer of rock, exposing a cross-section of Earth's past. The stripes in the canyon walls record nearly two billion years of history, from younger rock at the rim down to ancient rock at the bottom. Walking from top to bottom, you pass through immense spans of time. The valley is a staircase into the planet's deep past.",The Grand Canyon's layered walls expose nearly two billion years of Earth's history.,"valleys,grand-canyon,geology",51,false,"valleys-climate-influence,glaciers-flow-slowly,lakes-basins-hold-water,mount-vesuvius-population-risk,deserts-defined-by-dryness","stars-and-cosmos,color-and-light",
valleys-climate-influence,geography,Valleys,"In One Valley, Rocks Slide Across the Ground by Themselves","Death Valley is a place of extremes, the lowest, driest, and hottest spot in North America, where summer air has hit around 57 degrees Celsius. Its strangest feature sits on a dried lakebed called the Racetrack, where heavy stones glide across the flat mud on their own, leaving long trails behind them. For decades no one saw them move. The answer turned out to be thin sheets of ice and gentle wind nudging the rocks across a slick surface.","On Death Valley's Racetrack playa, heavy stones slide across the ground on their own.","valleys,death-valley,sailing-stones",52,false,"valleys-v-or-u-shapes,oceans-have-hidden-landscapes,caves-speleothems-redeposited,fjords-cold-water-reefs,volcanoes-not-just-lava","record-extremes,extreme-temperature",
volcanoes-not-just-lava,geography,Volcanoes,"At Pompeii, the Real Killer Wasn't the Lava","When Vesuvius buried Pompeii in 79 CE, most victims were not overtaken by slow-moving lava. The true killers were pyroclastic surges, avalanches of superheated gas and ash that roared down the mountain at the speed of a car, hot enough to kill almost instantly. Lava is often a volcano's least dangerous product because it usually creeps along slowly enough to outrun. The fast, scorching clouds of gas and debris are what make eruptions so deadly.","Most Pompeii victims were killed by fast, superheated pyroclastic surges, not slow lava.","volcanoes,pompeii,pyroclastic-flows",51,false,"volcanoes-shape-varies,mount-vesuvius-population-risk,oceans-have-hidden-landscapes,pompeii-preserved-city,moon-volcanoes-io,pompeii-excavation-source","extreme-temperature,disaster-and-catastrophe,hidden-underground,motion-and-force",
volcanoes-shape-varies,geography,Volcanoes,A Volcano Caused a 'Year Without a Summer' and Inspired Frankenstein,"In 1815, Indonesia's Mount Tambora exploded in one of the largest eruptions in recorded history, hurling so much ash and gas into the sky that it dimmed the sun worldwide. The following year, 1816, became the year without a summer: snow fell in June, crops failed, and famine spread across continents. Trapped indoors by the gloomy, cold weather during a holiday in Switzerland, a young Mary Shelley passed the time writing a ghost story that became Frankenstein.",Tambora's 1815 eruption caused 1816's 'year without a summer' and inspired Frankenstein.,"volcanoes,tambora,year-without-a-summer",53,false,"volcanoes-not-just-lava,mount-vesuvius-population-risk,oceans-have-hidden-landscapes,moon-volcanoes-io,caves-acidic-water","disaster-and-catastrophe,record-extremes,plants-and-botany,storytelling-and-narrative",
fjords-deepest-inland,geography,Fjords,Trace Every Fjord and Norway's Coast Wraps Earth Twice,"Fjords carve Norway's edge into a maze of long, narrow inlets, and that does something remarkable to its coastline. Measured straight, the country is not huge, but if you trace every twist of every fjord and island, Norway's coastline stretches to roughly 100,000 kilometers, enough to wrap around the entire planet about two and a half times. The deep inlets fold an ordinary-length coast into one of the longest on Earth. Geography hides enormous distance in its wrinkles.","Counting every fjord, Norway's coastline runs about 100,000 km, roughly 2.5 times around Earth.","fjords,coastline,norway",52,false,"fjords-cold-water-reefs,waterfalls-many-causes,oceans-cover-most-earth,mountains-erode-while-rising,lakes-basins-hold-water","record-extremes,stars-and-cosmos,animal-intelligence,deep-sea-and-abyss",
fjords-cold-water-reefs,geography,Fjords,Norway's Fjords Hide Coral Reefs in the Cold and Dark,"Say coral reef and most people picture warm, sunlit shallows. But deep in Norway's cold fjords lurk reefs that thrive in near-freezing water and total darkness, hundreds of meters down. These cold-water corals do not rely on sunlight or warmth. They catch food drifting in the current instead. Some of these hidden reefs are thousands of years old, and many were discovered only recently. A reef can flourish in conditions the opposite of a tropical lagoon.",Norway's fjords hide ancient cold-water coral reefs that live in darkness and near-freezing water.,"fjords,cold-water-reefs,norway",53,false,"fjords-deepest-inland,valleys-climate-influence,coral-islands-built-from-skeletons,caves-speleothems-redeposited,oceans-have-hidden-landscapes","extreme-temperature,food-and-cuisine",
rainforests-four-layers,geography,Rainforests,One Rainforest Tree Can Hold More Ant Species Than All of Britain,"Rainforest biodiversity is so concentrated it defies belief. Scientists studying a single tree in the Peruvian Amazon found more species of ants on that one tree than live in all of the British Isles. A patch of rainforest just a few acres across can contain more kinds of trees than all of North America. Each layer, from sunlit canopy to dark forest floor, packs in its own dense web of life. A single tree can rival a whole nation.",A single Amazon tree was found to host more ant species than all of the British Isles.,"rainforests,biodiversity,ants",52,false,"rainforests-climate-regulators,caves-speleothems-redeposited,volcanoes-shape-varies,dragons-blood-tree-umbrella-species,ants-queen-role,beetles-most-diverse","plants-and-botany,computing-and-web",
rainforests-climate-regulators,geography,Rainforests,The Amazon Is Not Really the Planet's Lungs,"The Amazon is famously called the lungs of the planet, but the nickname is misleading. A mature rainforest consumes nearly as much oxygen as it produces, since its own bacteria, animals, and decaying plants burn oxygen day and night. The net gift to the air is close to zero. Most of the oxygen we breathe actually comes from tiny ocean plankton. The Amazon matters enormously for storing carbon and shaping climate, just not as Earth's air supply.",Mature rainforests use up nearly all the oxygen they make; ocean plankton are the real source.,"rainforests,oxygen,plankton",53,false,"rainforests-four-layers,oceans-cover-most-earth,lakes-basins-hold-water,blood-color-changes-with-oxygen,aurora-other-planets","stars-and-cosmos,plants-and-botany,human-body-quirks,numbers-and-mathematics",
waterfalls-erosion-builds-and-breaks,geography,Waterfalls,Niagara Falls Is Slowly Marching Upstream,"A waterfall is not fixed in place. At Niagara, the plunging water grinds away the softer rock beneath the hard ledge until the lip collapses and the falls jump backward to a new position. Over the last 12,000 years, Niagara has eaten its way some 11 kilometers upstream. Engineers have even briefly shut the water off to study the crumbling rock, leaving the famous falls eerily dry. A waterfall travels, not downstream as you would expect, but slowly upstream.","Niagara Falls has eroded about 11 km upstream over 12,000 years and has even been turned off.","waterfalls,niagara,erosion",52,false,"waterfalls-many-causes,coral-islands-built-from-skeletons,mount-vesuvius-population-risk,lakes-can-mix-vertically,oceans-have-hidden-landscapes","disaster-and-catastrophe,food-and-cuisine",
waterfalls-many-causes,geography,Waterfalls,The Biggest Waterfall on Earth Is Underwater,"Forget Niagara: the largest waterfall on the planet is hidden beneath the sea. In the Denmark Strait between Greenland and Iceland, frigid, dense water from the north sinks and pours over an undersea ledge, plunging roughly 3,500 meters into the deep. This silent, invisible cataract carries vastly more water than any waterfall on land and dwarfs them all in height. The grandest waterfall on Earth makes no sound and no spray, flowing entirely underwater.","Earth's biggest waterfall is the underwater Denmark Strait cataract, a roughly 3,500 m drop.","waterfalls,denmark-strait,ocean",52,false,"waterfalls-erosion-builds-and-breaks,oceans-cover-most-earth,oceans-have-hidden-landscapes,deep-sea-underwater-lakes,lake-hillier-pink-conditions,dolphins-signature-whistle","record-extremes,deep-sea-and-abyss,stars-and-cosmos,music-and-sound",
caves-acidic-water,geography,Caves,The World's Biggest Cave Has Its Own Jungle and Clouds,"Caves usually begin when faintly acidic water dissolves limestone over ages, but the results can be staggering. Vietnam's Son Doong, the largest known cave, is so enormous it has its own jungle, a flowing river, and a private climate. Air rising from the depths forms clouds inside the cave itself. The main passage is tall enough to hold a 40-story skyscraper. A space carved by quiet, dripping water can swallow an entire neighborhood.","Son Doong cave in Vietnam is so vast it holds its own jungle, river, and clouds.","caves,son-doong,limestone",53,false,"caves-speleothems-redeposited,rivers-drainage-networks,deserts-defined-by-dryness,socotra-man-lives-in-cave,volcanoes-shape-varies","record-extremes,hidden-underground,storytelling-and-narrative,architecture-and-structures",
caves-speleothems-redeposited,geography,Caves,A Cave in Mexico Grew Crystals Bigger Than Trees,"Cave formations build up as mineral-rich water leaves deposits behind, and given the right conditions they grow monstrous. In Mexico's Naica mine, the Cave of Crystals holds gleaming selenite beams longer and thicker than tree trunks, some over 11 meters, the largest natural crystals ever found. They grew over hundreds of thousands of years in mineral-saturated water. The cave is so hot and humid, around 58 degrees Celsius, that people can survive inside for only minutes.",Mexico's Cave of Crystals contains selenite crystals larger than tree trunks.,"caves,naica,giant-crystals",52,false,"caves-acidic-water,valleys-climate-influence,volcanoes-not-just-lava,socotra-man-lives-in-cave,dragons-blood-tree-fog-harvesting","plants-and-botany,record-extremes,hidden-underground,extreme-temperature",
el-nino-global-weather,weather,El Niño,One Patch of Warm Sea Can Flood Peru and Parch Australia at Once,"El Nino shows how connected the planet's weather is. When a band of the tropical Pacific warms up, the effects fan out across the globe at the same time. The same event can bring drenching floods to Peru, droughts and wildfires to Australia and Indonesia, milder winters to parts of North America, and even a quieter Atlantic hurricane season. A single shift in ocean temperature reaches around the world, tugging on rainfall and storms continents away.","A warm Pacific El Nino can flood Peru, parch Australia, and calm Atlantic hurricanes at once.","el-nino,global-weather,teleconnections",52,false,"hurricanes-tropical-cyclones,monsoons-winter-can-be-dry,climate-humidity-precipitation,aurora-charged-particles,hurricanes-eye-eyewall-rainbands",stars-and-cosmos,
monsoons-winter-can-be-dry,weather,Monsoons,One Indian Town Gets Dozens of Feet of Rain a Year,"When the summer monsoon unloads on northeast India, it can be staggering. The towns of Mawsynram and Cherrapunji, where monsoon air is forced up against steep hills, trade the title of wettest place on Earth, soaking up roughly 11 to 12 meters of rain a year — dozens of feet of water dumped from the sky. Yet the same monsoon system has a dry winter phase, with winds reversing to bring drought instead. One wind machine delivers both the planet's heaviest rains and a parched dry season.","Mawsynram and Cherrapunji trade the title of wettest place on Earth, soaking up roughly 11 to 12 meters — dozens of feet — of monsoon rain a year.","monsoon,cherrapunji,rainfall",51,false,"el-nino-global-weather,snowflakes-aggregates,deserts-defined-by-dryness,clouds-cumulonimbus-storms,climate-long-term-pattern","record-extremes,stars-and-cosmos,money-trade-and-value",
hail-different-from-sleet,weather,Hail,The Ice That Dents Your Car Falls on Hot Summer Days,"It seems backward, but the big, damaging ice is a warm-weather phenomenon. Hail forms inside towering summer thunderstorms, where violent updrafts are strong enough to hurl water high into freezing air and grow it into stones. Sleet, by contrast, is a quiet winter event, just raindrops freezing into tiny pellets as they fall through cold air. So the icy chunks that crack windshields come from hot afternoons, while winter's gentler pellets are something else entirely.","Damaging hail forms in hot summer thunderstorms, while sleet is a quiet winter event.","hail,sleet,thunderstorms",52,false,"hail-minimum-size,atmosphere-layered,thunder-lightning-sound,clouds-cumulonimbus-storms,seasons-earth-tilt",extreme-temperature,
hail-minimum-size,weather,Hail,Record Hailstones Are Bigger Than Softballs,"Hail can grow to startling sizes. The largest hailstone officially recorded in the United States fell in Vivian, South Dakota, in 2010, measuring about 20 centimeters across, bigger than a softball, and weighing nearly a kilogram. Stones like that plunge from storms at well over 100 miles per hour, fast enough to smash car windows, flatten crops, and dent roofs. It takes an extraordinarily powerful storm to hold a lump of ice that heavy in the sky long enough to grow.","The largest US hailstone, about 20 cm wide, fell in 2010 and weighed nearly a kilogram.","hail,record-hail,severe-weather",52,false,"hail-different-from-sleet,clouds-cumulonimbus-storms,snowflakes-aggregates,tornadoes-ef-scale,climate-humidity-precipitation","record-extremes,plants-and-botany,counterintuitive-scale",
fog-many-types,weather,Fog,Some Villages Pull Thousands of Liters of Drinking Water Out of Thin Air,"In dry coastal places where rain is scarce but fog rolls in, people have learned to drink the fog itself. Villages in Chile, Morocco, and elsewhere string up large mesh nets across hillsides. As fog drifts through, microscopic droplets snag on the mesh, trickle down, and collect in tanks — supplying thousands of liters of clean water a day, pulled straight out of the air. A gray, soggy haze becomes a reservoir hanging in the sky.","In dry coastal regions, mesh nets snag drifting fog droplets and funnel them into tanks, harvesting thousands of liters of clean water a day from nothing but haze.","fog,fog-catchers,water-harvesting",53,false,"fog-radiation-cooling,monsoons-winter-can-be-dry,hurricanes-tropical-cyclones,thunder-lightning-sound,atmosphere-layered",,
fog-radiation-cooling,weather,Fog,London's Killer Fog of 1952 Took Thousands of Lives,"Fog usually just blurs the view, but it can turn deadly when it traps pollution. In December 1952, a cold, still fog settled over London and held the smoke from countless coal fires close to the ground. For days the city was swallowed by a thick, yellow-black 'pea souper' so dense people could not see their own feet. This Great Smog is now blamed for around 12,000 deaths and helped spark the first modern clean-air laws.","London's 1952 Great Smog trapped coal smoke and is blamed for roughly 12,000 deaths.","fog,great-smog,air-pollution",53,false,"fog-many-types,climate-long-term-pattern,snowflakes-aggregates,atmosphere-layered,hurricanes-storm-surge",,
rainbows-viewer-position,weather,Rainbows,No Two People Ever See the Same Rainbow,"A rainbow isn't an object sitting in the sky — it's a trick of light aimed precisely at your eyes. It appears only where sunlight, raindrops, and your exact viewpoint line up, so the person standing next to you sees a slightly different rainbow, and even your own two eyes don't see quite the same one. That's also why you can never reach it: step toward a rainbow and it slides away, because it moves with you. The pot of gold stays permanently out of reach.",The person beside you sees a different one — and so does each of your eyes.,"weather,rainbow,light,optics",53,false,"rainbows-full-circle,snowflakes-aggregates,aurora-other-planets,indigo-ancient-dye,sun-billions-of-twins,pink-not-always-girly",color-and-light,
rainbows-full-circle,weather,Rainbows,"From an Airplane, a Rainbow Becomes a Full Circle","On the ground we only ever see part of a rainbow, the familiar arc, because the horizon cuts off the rest. But a rainbow is actually a complete circle of light. The bottom half is hidden below your line of sight, lurking beneath the horizon. Climb high enough, in a plane or on a tall mountain, and with the sun behind you the whole ring can appear, a perfect circle of color with the aircraft's shadow sometimes sitting right in the middle.","A rainbow is a full circle; the horizon hides its lower half, but from a plane you can see the ring.","rainbow,full-circle,optics",51,false,"rainbows-viewer-position,snowflakes-aggregates,aurora-other-planets,indigo-ancient-dye,seasons-sunlight-angle","flight-and-aviation,color-and-light",
aurora-charged-particles,weather,Aurora,A Solar Storm Once Made Telegraphs Spark and Skies Glow at the Equator,"In 1859, the most powerful solar storm ever recorded slammed into Earth. The event, now called the Carrington Event, lit up auroras so far from the poles that people saw them near the Caribbean, and miners in the Rockies woke up thinking it was dawn. Telegraph systems went haywire, throwing sparks and shocking operators. Some lines kept working even after operators disconnected the batteries, running on the electric charge in the air itself.",The 1859 Carrington solar storm made auroras glow near the equator and telegraph wires spark.,"aurora,carrington-event,solar-storm",52,false,"aurora-other-planets,el-nino-global-weather,hurricanes-tropical-cyclones,lightning-rods-protection,climate-humidity-precipitation","energy-and-power,stars-and-cosmos,bioluminescence-and-glow",
aurora-other-planets,weather,Aurora,Blood-Red Auroras Were Once Mistaken for the Sky Being on Fire,"An aurora's color is a chemical fingerprint of the sky. As particles from space slam into the upper atmosphere, oxygen glows green, or deep red when it's higher up, while nitrogen adds blues and purples. Those rare, all-red auroras hang so high they were once mistaken for distant fires — and for centuries, people who saw a blood-colored sky read it as an omen of war or disaster.",Rare all-red auroras hang so high in the atmosphere that people once mistook them for distant fires — and read the blood-colored sky as an omen of war.,"aurora,color,oxygen",51,false,"aurora-charged-particles,rainbows-viewer-position,snowflakes-aggregates,blood-color-changes-with-oxygen,ancient-temples-cella-inner-room,rainforests-climate-regulators","materials-and-chemistry,human-body-quirks,color-and-light,disaster-and-catastrophe",
seasons-earth-tilt,weather,Seasons,Earth Is Closest to the Sun in the Dead of Northern Winter,"Many people assume winter comes when Earth drifts farther from the sun, but it is the opposite. Earth actually reaches its closest point to the sun in early January, in the depths of Northern Hemisphere winter. Seasons have almost nothing to do with distance. They come from the tilt of Earth's axis, which leans one hemisphere toward the sun and the other away. The lean, not the gap, is what brings summer's heat and winter's chill.","Earth is closest to the sun in early January; seasons come from axial tilt, not distance.","seasons,axial-tilt,perihelion",52,false,"seasons-sunlight-angle,hurricanes-tropical-cyclones,tornadoes-mesocyclone,uranus-sideways-planet,hail-different-from-sleet",gravity-and-orbits,
seasons-sunlight-angle,weather,Seasons,"Near the Poles, the Sun Doesn't Set for Months","The same axial tilt that makes seasons creates an even stranger effect at the ends of the Earth. Above the Arctic Circle and below the Antarctic one, summer brings the 'midnight sun,' weeks or months when the sun never fully sets and shines at midnight. Then winter pays it back with an equally long polar night of near-total darkness. The far north and south do not really have ordinary days and nights in those seasons, but one very long day and one very long night.","Earth's tilt gives polar regions months of nonstop 'midnight sun' summer, then months of darkness.","seasons,midnight-sun,polar-regions",53,false,"seasons-earth-tilt,climate-humidity-precipitation,hail-different-from-sleet,monsoons-winter-can-be-dry,el-nino-global-weather",,
climate-long-term-pattern,weather,Climate,An Elephant Once Walked Across London's Frozen Thames River,"Climate shifts can be felt within human history. From roughly the 1300s to the 1800s, a cooler stretch called the Little Ice Age chilled much of the world. Winters in Europe turned so harsh that the River Thames in London froze thick enough to walk on. Londoners threw 'Frost Fairs' right on the ice, with market stalls, games, and even an elephant once led across the river. Climate is weather with a long memory, and that memory can be cold.","During the Little Ice Age, the river froze so solid that Londoners threw ice fairs on it, complete with market stalls, games, and once even an elephant crossing.","climate,little-ice-age,frost-fairs",52,false,"climate-humidity-precipitation,monsoons-winter-can-be-dry,hail-different-from-sleet,fog-radiation-cooling,snow-deposition","money-trade-and-value,games-and-play,psychology-and-behavior",
climate-humidity-precipitation,weather,Climate,Earth Has Been a Frozen Snowball and a Crocodile Arctic,"Climate is not fixed; over deep time it has swung to wild extremes. Hundreds of millions of years ago, Earth may have frozen almost from pole to pole in a state scientists call Snowball Earth, with ice reaching the tropics. At other times the planet ran so hot that the Arctic was a warm swamp where crocodile relatives and palm-like plants thrived. The familiar climate we live in is just one comfortable setting on a dial that has spun very far both ways.","Earth's climate has ranged from a near-frozen 'Snowball' to a tropical, crocodile-filled Arctic.","climate,snowball-earth,deep-time",51,false,"climate-long-term-pattern,hurricanes-tropical-cyclones,el-nino-global-weather,baobab-nine-species,oort-cloud-comets-before-humans","stars-and-cosmos,plants-and-botany,collective-behavior",
thunder-lightning-sound,weather,Thunder,Thunder Is the Sound of Air Being Blown Apart,"Thunder is essentially a shockwave. When lightning rips through the sky, it heats the narrow channel of air around it almost instantly to several times hotter than the surface of the sun. That air explodes outward so violently that it slams into the surrounding atmosphere and creates a booming pressure wave, the thunder we hear. So the rumble is not the lightning itself but the sound of air being blasted apart and rushing back, a miniature explosion stretched across the sky.",Thunder is the shockwave from air violently exploding outward as lightning superheats it.,"thunder,shockwave,lightning",50,false,"hail-different-from-sleet,atmosphere-layered,electricity-electric-charges,airplanes-four-forces,lightning-heats-air","extreme-temperature,music-and-sound",
snow-deposition,weather,Snow,Snow Isn't Actually White,"Snow looks brilliant white, but the ice it is made of is clear, not white at all. A snowflake is a cluster of transparent ice crystals with countless tiny faces. When light hits that jumble of surfaces, it bounces around and scatters in every direction equally, reflecting all colors back at once, which our eyes read as white, the same way crushed clear glass looks white. Pack snow deep enough and it can even glow faint blue, like glacier ice.",Snow looks white only because its clear ice crystals scatter all light; deep snow can even look blue.,"snow,light-scattering,ice-crystals",51,false,"snowflakes-aggregates,atmosphere-layered,aurora-other-planets,crystals-unit-cells-repeat,trilobites-eyes-complex","parental-care,materials-and-chemistry,self-organizing-patterns,myth-vs-reality",
snowflakes-aggregates,weather,Snow,"It Can Be Too Cold to Snow, and Snow Can Turn Pink","Snow holds a couple of surprises. It can genuinely be 'too cold to snow,' because frigid air holds very little moisture, so the heaviest snowfalls usually come when it is only moderately cold, not in the deepest freeze. And snow is not always white: in mountains and polar regions, blooms of a cold-loving algae can tint old snow a vivid pink, nicknamed 'watermelon snow' for its color and faintly sweet smell. Even winter's blank canvas can come in unexpected forms.","Very cold air is too dry for heavy snow, and algae can turn mountain snow pink 'watermelon snow.'","snow,watermelon-snow,weather",51,false,"snow-deposition,rainbows-viewer-position,rainbows-full-circle,fly-geyser-art-landscape,aurora-other-planets","record-extremes,color-and-light",
clouds-cumulonimbus-storms,weather,Clouds,Storm Clouds Can Grow Taller Than Mount Everest,"The towering cloud behind a thunderstorm, the cumulonimbus, is one of the biggest structures in the sky. Fed by powerful rising air, it can build upward until its top is higher than Mount Everest, sometimes punching into the calm stratosphere above. When it hits that ceiling, it spreads sideways into the flat 'anvil' shape that warns of severe weather. A storm cloud is essentially a mountain of churning air, lightning, and ice taller than any peak on Earth.",Cumulonimbus storm clouds can tower higher than Everest and punch into the stratosphere.,"cloud,cumulonimbus,thunderstorms",52,false,"lightning-rods-protection,hail-different-from-sleet,hurricanes-storm-surge,snowflakes-aggregates,hail-minimum-size","architecture-and-structures,record-extremes",
atmosphere-layered,weather,Atmosphere,"There's a Layer of Air That Is 2,000 Degrees but Feels Freezing","The atmosphere is stacked in layers, and one of them breaks your intuition. High up in the thermosphere, individual air molecules can reach temperatures around 2,000 degrees Celsius. Yet an astronaut floating there would feel freezing cold. The reason is that the air is so thin that there are almost no molecules to actually transfer that heat to your body. Temperature measures how fast molecules move, but warmth depends on how many of them hit you.","In the thermosphere air molecules can hit 2,000C, yet it would feel freezing because the air is so thin.","atmosphere,thermosphere,temperature",53,false,"hail-different-from-sleet,thunder-lightning-sound,heatstroke-fan-useless-above-99,uranus-coldest-planet,aurora-other-planets,molecules-smallest-identity-unit","extreme-temperature,materials-and-chemistry",
lightning-heats-air,weather,Lightning,"Lightning Fuses Sand Into Glass, and One Man Survived Seven Strikes","Lightning is so blisteringly hot that when it hits sandy ground it can melt the sand and fuse it into hollow glass tubes called fulgurites, a kind of fossilized lightning bolt. The bolts are wildly unpredictable, too. A US park ranger named Roy Sullivan was struck by lightning seven separate times over his life and survived them all, earning a spot in the record books. Lightning is far stranger and more dangerous than a simple flash in the sky.","Lightning can fuse sand into glass tubes called fulgurites, and one ranger survived seven strikes.","lightning,fulgurites,roy-sullivan",51,false,"lightning-rods-protection,thunder-lightning-sound,clouds-cumulonimbus-storms,airplanes-four-forces,electricity-electric-charges",storytelling-and-narrative,
lightning-rods-protection,weather,Lightning,Lightning Really Does Strike the Same Place Twice,"The old saying is wrong: lightning loves a repeat target. Tall, pointed, well-grounded objects get hit again and again, which is exactly the idea behind Benjamin Franklin's lightning rod. A rod does not stop or attract storms; it simply offers electricity an easy, safe path to the ground, sparing the building. The Empire State Building, far from being struck only once, is hit around 25 times every year, proof that the right spot draws lightning over and over.",Lightning strikes tall targets repeatedly; the Empire State Building is hit about 25 times a year.,"lightning,lightning-rods,benjamin-franklin",53,false,"lightning-heats-air,clouds-cumulonimbus-storms,hurricanes-storm-surge,airplanes-four-forces,electricity-electric-charges","energy-and-power,architecture-and-structures",
hurricanes-tropical-cyclones,weather,Hurricanes,A Single Hurricane Out-Powers Every Power Plant on Earth,"A hurricane is a tropical cyclone, a rotating storm fed by warm ocean water, and the energy it wields is almost unimaginable. As all that moist air rises and its water vapor condenses into rain, it releases enormous amounts of heat. The total energy a mature hurricane unleashes each day dwarfs the output of every power plant on the planet combined, many times over. The same storm goes by typhoon or cyclone elsewhere, but the engine is the same warm sea.",A mature hurricane releases far more energy each day than all the world's power plants combined.,"hurricanes,tropical-cyclones,energy",52,false,"hurricanes-storm-surge,hurricanes-eye-eyewall-rainbands,el-nino-global-weather,pulsars-magnetar-burst-sunlight,energy-capacity-to-work,internal-combustion-engines-combustion-inside","energy-and-power,gravity-and-orbits,stars-and-cosmos,plants-and-botany",
hurricanes-eye-eyewall-rainbands,weather,Hurricanes,"Inside a Hurricane's Eye, the Sky Turns Calm and Blue","A hurricane is built around a startling pocket of calm. At its center, the eye can be eerily peaceful, with light winds and even clear blue sky overhead, while the eyewall just around it holds the storm's most violent winds and rain. The contrast is so sharp that birds caught in the eye sometimes ride along inside it, trapped by the wall of fury surrounding them, traveling hundreds of miles with the storm before it weakens.","A hurricane's eye can be calm with blue sky, ringed by the violent eyewall, even trapping birds.","hurricanes,eye,eyewall",52,false,"hurricanes-storm-surge,hurricanes-tropical-cyclones,tornadoes-mesocyclone,el-nino-global-weather,snow-deposition",,
hurricanes-storm-surge,weather,Hurricanes,A Hurricane's Surge Caused America's Deadliest Disaster,"When people picture hurricane damage they think of wind, but water does most of the killing. Storm surge, the dome of seawater that hurricane winds shove ashore, can drown low coastlines in minutes. In 1900, a hurricane sent a surge over the flat island city of Galveston, Texas, killing an estimated 8,000 people. It remains the deadliest natural disaster in United States history. Across the world, surge, not wind, is responsible for the majority of hurricane deaths.","Storm surge from the 1900 Galveston hurricane killed about 8,000, the deadliest US disaster.","hurricanes,storm-surge,galveston",52,false,"hurricanes-tropical-cyclones,hurricanes-eye-eyewall-rainbands,clouds-cumulonimbus-storms,lightning-rods-protection,aurora-other-planets","disaster-and-catastrophe,architecture-and-structures",
tornadoes-mesocyclone,weather,Tornadoes,Storms Have Literally Rained Fish and Frogs,"Tornadoes form from rotating thunderstorms, and their cousins over water, waterspouts, can do something bizarre. A strong waterspout or tornado can suck small animals like fish and frogs up out of a pond or shallow sea, carry them inside the storm, and drop them miles away. Towns across history have reported sudden downpours of wriggling fish or frogs from the sky. The strange 'rains of animals' that sound like myth are really a violent quirk of spinning storms.",Waterspouts and tornadoes can suck up fish and frogs and rain them down on towns miles away.,"tornadoes,waterspouts,rain-of-animals",52,false,"tornadoes-ef-scale,seasons-earth-tilt,hurricanes-tropical-cyclones,thunder-lightning-sound,snow-deposition","gravity-and-orbits,myth-vs-reality,music-and-sound",
tornadoes-ef-scale,weather,Tornadoes,The Worst Tornadoes Can Drive Straw Into Wood,"The strongest tornadoes, rated EF5, pack winds that can top 300 miles per hour, among the fastest on Earth's surface. Such winds can rip the asphalt off roads, hurl cars like toys, and have been found driving pieces of straw deep into solid wood. Because almost no instrument can survive inside a violent tornado, forecasters usually rate them backward, by studying the damage they leave behind on the Enhanced Fujita scale, rather than measuring the wind directly.","EF5 tornado winds top 300 mph, strong enough to drive straw into wood; intensity is rated by damage.","tornadoes,ef-scale,wind-speed",52,false,"tornadoes-mesocyclone,thunder-lightning-sound,clouds-cumulonimbus-storms,monsoons-winter-can-be-dry,hail-minimum-size","record-extremes,music-and-sound,motion-and-force",
post-it-notes-weak-adhesive,inventions,Post-it Notes,The Post-it Glue Was a 'Failure' for Five Years,"In 1968, a 3M scientist named Spencer Silver was trying to invent a super-strong adhesive. He failed, accidentally creating the opposite: a glue that stuck lightly and peeled off cleanly, leaving no residue. To Silver it was a solution with no problem. For five years he pitched his odd, weak glue around 3M with no takers. Everyone saw a failed strong adhesive instead of a brilliant gentle one. The flop sat waiting for someone to imagine a use.",Post-it glue was an accidental weak adhesive its inventor pitched for five years before anyone wanted it.,"post-it-notes,spencer-silver,3m",52,false,"telephone-needed-networks,telephone-transmits-speech,television-kept-changing,safety-pin-debt,radio-golden-age","accidental-discovery,invention-and-breakthrough,music-and-sound",
safety-pin-debt,inventions,Safety Pin,He Invented the Safety Pin in Hours to Pay a Debt,"In 1849, Walter Hunt owed a colleague 15 dollars and needed cash fast. Fiddling with a single piece of brass wire, he twisted it, in just a few hours, into a pin with a coiled spring at one end and a clasp that safely shielded the sharp point. He patented the safety pin and sold the rights outright for about 400 dollars to clear his debt. One afternoon's idle wire-bending produced a fastener still used, almost unchanged, today.",Walter Hunt invented the safety pin in a few hours from one wire to settle a $15 debt.,"safety-pin,walter-hunt,patents",52,false,"telephone-transmits-speech,television-kept-changing,patents-three-main-types,patents-right-to-exclude,telephone-needed-networks",invention-and-breakthrough,
ballpoint-pen-air-force,inventions,Ballpoint Pen,People Once Mobbed Stores to Buy a $200 Pen,"When ballpoint pens first hit American stores, they caused a frenzy. In 1945, a New York department store, Gimbels, sold a version called the Reynolds Rocket for about 12 dollars each, roughly 200 in today's money, and shoppers mobbed the counter, buying out 10,000 dollars' worth on the very first day. The early pens were expensive and often leaky. Decades later, the cheap Bic Cristal perfected the design and went on to sell over 100 billion units.","Ballpoint pens caused buying frenzies in 1945, selling for about $200 in today's money.","ballpoint-pen,reynolds-rocket,bic",53,false,"barcode-upc-adoption,internet-commercial-expansion,velcro-manufacturing-challenge,telephone-long-distance-challenge,safety-pin-debt","money-trade-and-value,world-first",
barcode-checkout-problem,inventions,Barcode,The Barcode Was First Drawn in Beach Sand,"The barcode was born on a Florida beach. Inventor Joe Woodland, puzzling over how to encode product information, was sitting in the sand thinking about Morse code. He idly drew the dots and dashes with his fingers, then pulled them downward into thin and thick lines. That simple gesture, stretching Morse code into stripes, became the pattern scanners read today. A doodle in the sand turned into one of the most-used symbols on Earth.",Joe Woodland invented the barcode by dragging Morse code dots and dashes into lines in beach sand.,"barcode,joe-woodland,morse-code",53,false,"barcode-upc-adoption,qr-codes-denso-wave,television-kept-changing,morse-code-sos-pattern,morse-code-not-a-language","codes-and-cryptography,invention-and-breakthrough",
barcode-upc-adoption,inventions,Barcode,The First Item Ever Scanned Was a Pack of Gum,"Barcode scanning officially began on June 26, 1974, in a supermarket in Troy, Ohio. The very first product pulled across a scanner was a 10-pack of Wrigley's Juicy Fruit chewing gum. It was not chosen for any grand reason; it just happened to be the first item the cashier grabbed. That humble pack of gum, and the receipt, are now preserved in the Smithsonian as artifacts of the moment shopping became automated.","The first product ever scanned by barcode was a pack of Wrigley's gum, now in the Smithsonian.","barcode,upc,smithsonian",53,false,"barcode-checkout-problem,ballpoint-pen-air-force,internet-commercial-expansion,batteries-primary-vs-storage,velcro-hook-and-loop","world-first,automation-robots-ai,food-and-cuisine",
velcro-hook-and-loop,inventions,Velcro,"Velcro Got Famous in Space, but NASA Didn't Invent It","A stubborn myth says NASA invented Velcro. It did not, but the space program did make it famous. In the weightlessness of orbit, loose objects float away, so astronauts used Velcro to anchor tools, food pouches, and equipment to walls and suits. Its very visible use on missions led many to assume NASA created it. In reality, the agency simply became one of Velcro's best showcases, helping a Swiss fastener become a household name worldwide.",NASA didn't invent Velcro but made it famous by using it to anchor floating gear in space.,"velcro,nasa,space",51,false,"velcro-manufacturing-challenge,gps-everyday-infrastructure,safety-pin-debt,professional-sleepers-head-down,apollo13-failure-not-option-myth","gravity-and-orbits,myth-vs-reality,invention-and-breakthrough,food-and-cuisine",
velcro-manufacturing-challenge,inventions,Velcro,'Velcro' Is a Brand That Begs You Not to Say It,"Here is something the makers of Velcro want you to know: 'Velcro' is a company's trademark, not the name of the product itself. The generic product is 'hook-and-loop fastener.' The company worries that if everyone calls all hook-and-loop tape 'velcro,' it could lose its trademark, the way 'escalator' once did. It even released a tongue-in-cheek music video pleading with people to stop. So the brand spends real effort asking you not to use its own famous name.","'Velcro' is a trademark, and the company campaigns for people to say 'hook-and-loop' instead.","velcro,trademark,branding",53,false,"velcro-hook-and-loop,ballpoint-pen-air-force,post-it-notes-weak-adhesive,trademarks-protect-brands,branding-protected-by-trademarks","money-trade-and-value,music-and-sound",
batteries-electrochemical-cells,inventions,Batteries,"A 2,000-Year-Old Jar May Have Been a Battery","In the 1930s, clay jars were unearthed near Baghdad, each holding a copper cylinder wrapped around an iron rod and dating back roughly 2,000 years. Fill one with an acidic liquid like vinegar, and it can produce a small electric current. That's led some to call the 'Baghdad Battery' an ancient power source, perhaps for electroplating — though the jars most likely just stored scrolls. Whether or not it was a true battery, it remains a genuinely puzzling artifact.","Clay 'Baghdad Battery' jars from ~2,000 years ago can produce a current, sparking ongoing debate.","batteries,baghdad-battery,archaeology",52,false,"batteries-primary-vs-storage,batteries-portable-power,light-bulb-changed-night,telephone-long-distance-challenge,gps-everyday-infrastructure",energy-and-power,
batteries-primary-vs-storage,inventions,Batteries,One Battery Has Been Ringing a Bell Since 1840,"At the University of Oxford sits a small bell that has been ringing almost nonstop since around 1840, powered by a single mysterious 'dry pile' battery that has never been replaced. The charge it delivers is tiny, just enough to nudge a little metal ball back and forth between two bells millions upon millions of times. No one fully knows the exact recipe of its battery, because opening it to find out would ruin one of the longest-running experiments in history.","Oxford's Electric Bell has rung on a single sealed battery since about 1840, its recipe still unknown.","batteries,oxford-electric-bell,experiment",51,false,"batteries-electrochemical-cells,batteries-portable-power,telephone-long-distance-challenge,lucid-dreaming-aware,light-bulb-changed-night","energy-and-power,record-extremes,materials-and-chemistry,food-and-cuisine",
batteries-portable-power,inventions,Batteries,Twitching Dead Frog Legs Led to the Invention of the Battery,"Around 1800 two Italians were locked in a famous dispute. Luigi Galvani had made dead frog legs twitch with metal and declared he had found 'animal electricity' stored in living tissue. Alessandro Volta disagreed, arguing the electricity came from the two different metals touching, not the frog. To prove it, Volta stacked discs of copper and zinc with soaked cloth between them, building the first true battery. He won the argument and gave the world stored power.","Around 1800, Luigi Galvani made dead frog legs twitch with metal and claimed he'd found 'animal electricity.' Alessandro Volta disagreed -- and proved it by stacking metal discs into the first true battery.","batteries,volta,galvani",51,false,"batteries-electrochemical-cells,batteries-primary-vs-storage,radio-golden-age,telephone-needed-networks,telephone-transmits-speech","energy-and-power,materials-and-chemistry,invention-and-breakthrough,architecture-and-structures",
qr-codes-denso-wave,inventions,QR Codes,A QR Code Still Works With a Chunk Missing,"QR codes are surprisingly tough thanks to built-in error correction. The pattern stores its data redundantly, so a code can be smudged, torn, or partly covered, up to roughly 30 percent damaged, and a scanner can still rebuild the full information. This is exactly why companies can drop a logo right in the middle of a QR code without breaking it. The mess does not matter, because the code carries enough backup copies of itself to fill in the gaps.",QR codes have error correction so strong they still scan with up to ~30% of the code damaged or covered.,"qr-codes,error-correction,design",52,false,"barcode-checkout-problem,internet-packets,internet-undersea-cables,light-bulb-changed-night,internet-commercial-expansion","codes-and-cryptography,lost-and-rediscovered,numbers-and-mathematics,computing-and-web",
internet-undersea-cables,inventions,Internet,Almost All the Internet Travels Under the Ocean,"It is easy to assume the global internet runs on satellites floating overhead. In reality, around 99 percent of all international data, your video calls, emails, and websites from other continents, travels through cables lying on the ocean floor. These undersea fiber-optic lines, some thinner than a garden hose, stretch for hundreds of thousands of miles across the seabed. The 'cloud' is, to a startling degree, a web of wires sitting in the dark at the bottom of the sea.",About 99% of international internet data travels through fiber-optic cables on the ocean floor.,"internet,undersea-cables,infrastructure",52,false,"internet-packets,internet-commercial-expansion,gps-everyday-infrastructure,advertising-modern-printing,internet-communities-closed-systems,data-centers-avoid-downtime","computing-and-web,internet-and-virality,deep-sea-and-abyss,numbers-and-mathematics",
internet-packets,inventions,Internet,There Are Enough Internet Addresses for Every Grain of Sand,"Every device online needs an address, and the old system, IPv4, was running out, with only about 4 billion possible. Its replacement, IPv6, is almost incomprehensibly larger. It allows for roughly 340 undecillion addresses, a number with 39 digits. To put it in scale, that is more than enough to give a unique address to every grain of sand on every beach on Earth, many times over. We will essentially never run out of room on the internet again.",The IPv6 system has so many addresses there are enough for every grain of sand on Earth.,"internet,ipv6,addresses",52,false,"internet-undersea-cables,internet-commercial-expansion,qr-codes-denso-wave,internet-communities-closed-systems,internet-arpanet-first-connection","internet-and-virality,numbers-and-mathematics,computing-and-web",
internet-commercial-expansion,inventions,Internet,The First Webcam Was Invented to Watch a Coffee Pot,"In the early 1990s, researchers at the University of Cambridge were tired of walking to a shared coffee pot only to find it empty. So they pointed a camera at it and fed the image to their computers, letting everyone check the coffee level from their desks. When the web arrived, they put that feed online, creating what is widely considered the world's first webcam. A truly global technology was born from people who just did not want a wasted trip for coffee.",The world's first webcam was set up so Cambridge researchers could check if the coffee pot was full.,"internet,webcam,trojan-room",53,false,"internet-packets,internet-undersea-cables,ballpoint-pen-air-force,internet-arpanet-first-connection,internet-communities-closed-systems,world-wide-web-cern-1989","computing-and-web,world-first,internet-and-virality,invention-and-breakthrough",
gps-satellite-positioning,inventions,GPS,A Shot-Down Airliner Is Why GPS Is Free for Everyone,"GPS began as a secret US military system, but a tragedy opened it to the world. In 1983, a Korean Air passenger jet strayed off course into Soviet airspace and was shot down, killing everyone aboard. In response, President Reagan promised that the military's precise navigation system would be made available to civilians worldwide, so such a navigation error need not happen again. That decision is why the GPS in your phone is free to use today.","After a Korean airliner was shot down in 1983, Reagan opened the military's GPS to the world for free.","gps,kal-007,navigation",51,false,"gps-everyday-infrastructure,wheel-spokes-chariots,light-bulb-changed-night,wilderness-survival-getting-lost-top-cause,butterflies-conservation-decline","exploration-and-navigation,flight-and-aviation,psychology-and-behavior,war-and-conflict",
gps-everyday-infrastructure,inventions,GPS,"If GPS Ever Failed, Banks and Power Grids Would Break Before Your Maps Would","Most people think GPS is about location, but underneath it is really about time. Each satellite carries an atomic clock and broadcasts the precise moment its signal left orbit; your device works out where it is by comparing those times. That ultra-accurate timing has quietly become critical infrastructure. Power grids, stock exchanges, banks, and cell networks all sync their operations to GPS clocks. If GPS failed, the bigger chaos might not be lost maps, but lost time.","GPS isn't really about location -- each satellite broadcasts the exact time from an atomic clock, and power grids, stock exchanges, banks, and cell networks secretly sync to it. If GPS failed, lost time could cause more chaos than lost maps.","gps,atomic-clock,infrastructure",52,false,"gps-satellite-positioning,velcro-hook-and-loop,internet-undersea-cables,batteries-electrochemical-cells,light-bulb-changed-night","gravity-and-orbits,energy-and-power,human-body-quirks,myth-vs-reality",
television-scans-images,inventions,Television,A 14-Year-Old Imagined TV While Plowing a Field,"The idea behind electronic television came to a teenage farm boy. In 1921, 14-year-old Philo Farnsworth was plowing a potato field in straight, back-and-forth rows when it struck him: an image could be captured and rebuilt the same way, scanned line by line. He sketched the concept for a high-school teacher, and years later built the first working electronic TV on exactly that principle. The screen you watch still paints its picture in rows, just like a plowed field.","Philo Farnsworth conceived electronic TV's scan lines at 14, inspired by a field plowed in rows.","television,philo-farnsworth,scanning",52,false,"television-kept-changing,barcode-upc-adoption,qr-codes-denso-wave,barcode-checkout-problem,internet-commercial-expansion",,
television-kept-changing,inventions,Television,Early TV Was Partly Built From a Hatbox and Bicycle Lights,"Before sleek electronic screens, the earliest working televisions looked more like homemade contraptions than technology. In the 1920s, inventor John Logie Baird built one around a spinning disk full of holes that chopped a picture into scanning lines of light, assembled, in part, from a hatbox, knitting needles, and bicycle lights lying around his workshop. It actually worked. It broadcast a real, if tiny, flickering, low-detail picture, built from parts that belonged in a sewing box and a bike shed, not a laboratory.","The first working television was a homemade-looking machine, built partly from a hatbox and bicycle lights.","television,john-logie-baird,mechanical-television",53,false,"television-scans-images,telephone-transmits-speech,telephone-needed-networks,safety-pin-debt,radio-golden-age,light-bulb-not-one-inventor-story",invention-and-breakthrough,
radio-golden-age,inventions,Radio,Tesla Died Penniless -- Then the Supreme Court Named Him Radio's True Inventor,"For decades, Guglielmo Marconi was hailed as the inventor of radio and even won a Nobel Prize for it. But Nikola Tesla had filed key radio patents earlier. The dispute simmered for years, and in 1943 the US Supreme Court ruled that Tesla's patents had priority, effectively crediting him with foundational radio work, months after Tesla had died penniless. Marconi made radio practical and famous, but the courts handed a crucial piece of the invention to Tesla.","Marconi won the Nobel Prize and the fame for inventing radio, but in 1943 the US Supreme Court ruled that Tesla's earlier patents had priority -- months after Tesla died broke and forgotten.","radio,nikola-tesla,marconi",53,false,"radio-sound-effects-art,telephone-transmits-speech,batteries-portable-power,telephone-needed-networks,television-kept-changing","invention-and-breakthrough,architecture-and-structures",
radio-sound-effects-art,inventions,Radio,Radio Dramas Faked Horses With Coconut Shells,"Radio drama had to paint entire worlds using nothing but sound, and its tricks were wonderfully low-tech. Sound-effects artists clapped coconut shell halves together to mimic a galloping horse, crinkled cellophane for crackling fire, and shook a sheet of metal to roll out thunder. Listeners' imaginations filled in the rest, conjuring vivid scenes from clever noises. The 'theater of the mind' proved a story could feel completely visual even when the audience saw absolutely nothing.","Radio dramas built entire scenes from sound tricks, like clapping coconut shells for galloping horses.","radio,sound-effects,storytelling",52,false,"radio-golden-age,batteries-portable-power,batteries-primary-vs-storage,foley-artists-junk-stages,telephone-long-distance-challenge","perception-and-brain,camouflage-and-mimicry,deception-and-hoax,materials-and-chemistry",
light-bulb-filament,inventions,Light Bulb,Edison Tried a Coworker's Beard Hair Before Bamboo Won the Light Bulb Race,"Making a bulb glow was easy; making one that glowed for a long time without burning out was the real challenge, and it came down to the filament. Edison's team famously tested around 6,000 different materials, including platinum, cotton thread, and even hairs from a worker's beard. The surprising champion was carbonized bamboo, which could burn for over 1,000 hours. For years, the light bulbs brightening homes glowed thanks to a thin, scorched sliver of bamboo.","Making a bulb glow was easy -- making one last was the real challenge. Edison's team tested about 6,000 filament materials, including platinum and even hairs from a worker's beard, before carbonized bamboo won, burning for over 1,000 hours.","light-bulb,bamboo,thomas-edison",50,false,"light-bulb-not-one-inventor-story,light-bulb-changed-night,telephone-needed-networks,telephone-transmits-speech,batteries-portable-power",bioluminescence-and-glow,
light-bulb-not-one-inventor-story,inventions,Light Bulb,One Light Bulb Has Been Glowing Since 1901,"In a fire station in Livermore, California, hangs a hand-blown light bulb that has been burning almost continuously since 1901. Known as the Centennial Light, it has outlasted countless modern bulbs, glowing for over a century with only brief interruptions. Early bulbs like it were often built sturdier and run dimmer, which helped them survive. It is a quiet reminder that the famous 'invention' was really decades of tinkering, and some early efforts were built to last.",California's 'Centennial Light' bulb has burned almost continuously since 1901.,"light-bulb,centennial-light,invention-history",53,false,"light-bulb-filament,light-bulb-changed-night,television-kept-changing,telephone-needed-networks,telephone-transmits-speech","bioluminescence-and-glow,invention-and-breakthrough",
light-bulb-changed-night,inventions,Light Bulb,Your Home Runs on the Current Edison Fought to Destroy,"Once light bulbs existed, a fierce fight broke out over how to deliver electricity to them. Thomas Edison championed direct current, while Nikola Tesla and George Westinghouse backed alternating current, which could travel far more cheaply over long distances. Edison waged a bitter public campaign to convince people his rivals' system was too dangerous to trust. He lost. Alternating current won the 'War of the Currents,' and it is exactly what powers your home today.",The AC power in your walls won the bitter 'War of the Currents' — the very system Thomas Edison fought hard to defeat.,"light-bulb,war-of-the-currents,electricity",54,false,"light-bulb-filament,light-bulb-not-one-inventor-story,batteries-electrochemical-cells,electricity-static-electron-transfer,electricity-electric-charges","energy-and-power,lost-and-rediscovered,war-and-conflict",
telephone-transmits-speech,inventions,Telephone,Bell Beat a Rival to the Patent Office by Hours,"The race to patent the telephone was astonishingly close. On February 14, 1876, Alexander Graham Bell's lawyer filed his application at the patent office, and just a few hours later that same day, another inventor named Elisha Gray filed a claim for a strikingly similar device. Bell's earlier filing won him the patent and the fame. Had Gray arrived first, history might remember the telephone very differently. A few hours decided one of the great inventions.",Bell beat rival Elisha Gray to the patent office by mere hours on the same day in 1876.,"telephone,alexander-graham-bell,elisha-gray",51,false,"telephone-needed-networks,telephone-long-distance-challenge,safety-pin-debt,patents-three-main-types,television-kept-changing,radio-golden-age",invention-and-breakthrough,
telephone-needed-networks,inventions,Telephone,Bell Wanted Us to Answer the Phone With 'Ahoy',"Alexander Graham Bell had firm ideas about his invention, including how to greet a call. He pushed for people to answer with 'Ahoy,' the nautical hail. It was Thomas Edison who suggested 'Hello,' and that word won out. Bell also grew oddly hostile to the telephone, viewing it as an intrusion on his real scientific work, and reportedly refused to keep one in his study. The man who made the world talk did not always want to pick up.",Bell wanted people to answer the phone with 'Ahoy' and refused to keep one in his own study.,"telephone,alexander-graham-bell,hello",52,false,"telephone-transmits-speech,telephone-long-distance-challenge,television-kept-changing,safety-pin-debt,radio-golden-age",invention-and-breakthrough,
telephone-long-distance-challenge,inventions,Telephone,A Telegraph Giant Dismissed the Phone as a 'Toy',"When the telephone was new, its potential was far from obvious. The story goes that Western Union, the telegraph powerhouse of the day, was offered the chance to buy Bell's patent and turned it down, reportedly dismissing the device as little more than an electrical 'toy' with no real commercial future. It proved one of history's costliest misjudgments. Early phones also had no dials or numbers; you simply asked a human operator to connect you to someone by name.","Western Union reportedly rejected buying the telephone patent, dismissing it as a useless 'toy.'","telephone,western-union,business-history",53,false,"telephone-transmits-speech,telephone-needed-networks,television-kept-changing,safety-pin-debt,batteries-portable-power","energy-and-power,invention-and-breakthrough,storytelling-and-narrative,numbers-and-mathematics",
wheel-spokes-chariots,inventions,Wheel,The One-Wheeled Wheelbarrow Was a Military Secret,"We think of the wheel as ancient, but one of its handiest forms, the single-wheeled wheelbarrow, came thousands of years after carts. It appears in China around the first or second century, and it was reportedly treated as a military secret. Armies used wheelbarrows to haul supplies and wounded soldiers efficiently along narrow paths, an advantage worth hiding from enemies. A device now associated with gardening was once guarded as battlefield technology.",The single-wheeled wheelbarrow appeared in China millennia after carts and was reportedly a military secret.,"wheel,wheelbarrow,china",52,false,"gps-satellite-positioning,light-bulb-changed-night,wheels-pottery-turntable,lucky-numbers-symbolism,telephone-long-distance-challenge","war-and-conflict,machines-and-mechanisms",
buddhism-spread-across-asia,religion-beliefs,Buddhism,This Tree Was Planted in 288 BCE — and It's Still Alive Today,"Tradition says the Buddha reached enlightenment under a fig tree at Bodh Gaya in India. Around 288 BCE, a cutting from that tree was carried to Anuradhapura in Sri Lanka and planted, where it still grows today. That makes it one of the oldest living human-planted trees with a recorded planting date. As Buddhism spread across Asia, changing with each culture it met, this single tree became a continuous, living link back to the religion's beginning.","A cutting from the tree under which the Buddha is said to have found enlightenment was planted in Sri Lanka in 288 BCE. It's still growing today, making it one of the oldest living trees on Earth with a known planting date.","buddhism,bodhi-tree,sri-lanka",52,false,"monasteries-spiritual-discipline,pilgrimage-many-destinations,islam-hajj-pilgrimage,sacred-texts-scripture-authority,iconography-religious-art","record-extremes,plants-and-botany",
christianity-rooted-in-jesus,religion-beliefs,Christianity,Early Christians Used a Secret Fish Code So They Wouldn't Get Killed,"Long before the cross became Christianity's emblem, early believers used the image of a fish. The reason was partly secrecy during times of persecution, and partly a word puzzle: the Greek word for fish, ichthys, worked as an acronym for a short phrase naming Jesus. Believers reportedly used it as a quiet sign of recognition, scratched on walls and tombs. The cross only came to dominate Christian art much later.","Long before the cross, persecuted Christians scratched a simple fish symbol on walls and tombs. Its Greek name doubled as a hidden acronym for Jesus — a quiet, coded sign only insiders could read.","christianity,ichthys,early-church",44,false,"pilgrimage-many-destinations,iconography-religious-art,islam-quran-foundation,religion-social-life,monasteries-solitude-and-community",games-and-play,
hinduism-karma-samsara-moksha,religion-beliefs,Hinduism,Hindu Time Is Measured in Billions of Years — Close to the Real Age of the Earth,"While many traditions count history in thousands of years, Hindu cosmology thinks on a scale that rivals modern astronomy. Time moves in vast repeating cycles, and a single 'day of Brahma,' one cosmic creator's day, is said to last billions of years, roughly comparable to the actual age of the Earth. Within ideas like karma and rebirth, a human life is a small moment inside almost unimaginably long stretches of cosmic time that endlessly repeat.","Hindu cosmology counts a single 'day of Brahma' as billions of years, a span that lands remarkably close to Earth's actual age, long before anyone had a way to measure it.","hinduism,cosmology,time",51,false,"pilgrimage-many-destinations,islam-hajj-pilgrimage,black-holes-light-cannot-escape,lucid-dreaming-common,religion-social-life,jupiter-shortest-day","stars-and-cosmos,relativity-and-time-warp",
iconography-religious-art,religion-beliefs,Iconography,"The Swastika Was Sacred for 3,000 Years Before the Nazis","Long before the 20th century gave it a horrific meaning, the swastika was a widely sacred symbol. Its name comes from a Sanskrit word for well-being, and for around 3,000 years it appeared as a sign of good fortune across Hindu, Buddhist, and Jain traditions, as well as many other cultures worldwide. It still holds that sacred meaning across much of Asia today. The same simple shape carries two utterly different histories depending on where and when it is seen.",The swastika was a sacred good-fortune symbol across Asian religions for millennia before its 20th-century misuse.,"iconography,swastika,sacred-symbols",52,false,"sacred-texts-scripture-authority,hinduism-karma-samsara-moksha,pilgrimage-many-destinations,buddhism-spread-across-asia,religion-social-life",origins-and-naming,
islam-quran-foundation,religion-beliefs,Islam,Millions of People Have Memorized the Entire Qurʾān,"The Qurʾān is meant to be heard and recited, not just read silently, and that has produced a remarkable tradition. Millions of Muslims around the world have memorized the entire text, word for word, earning the title hafiz. The book is recited aloud in prayer, competitions, and daily life, and its standardized Arabic text is essentially the same everywhere. For many believers, the Qurʾān lives as much in human memory and sound as it does on the printed page.","Millions of Muslims, called hafiz, have memorized the entire Qurʾān word for word.","islam,quran,memorization",52,false,"islam-hajj-pilgrimage,sacred-texts-written-and-oral,monasteries-solitude-and-community,pilgrimage-many-destinations,religion-social-life","collective-behavior,storytelling-and-narrative,music-and-sound,psychology-and-behavior",
islam-hajj-pilgrimage,religion-beliefs,Islam,Two Million People Circle One Cube in the Same Few Days,"Each year the hajj draws roughly two million or more Muslims to Mecca at the same time, making it one of the largest human gatherings on the planet. Pilgrims from every continent move together through shared rites, including walking seven times counterclockwise around the Kaaba, the cube-shaped structure at the center. Coordinating the food, water, travel, and safety of millions in a few days, in one place, is among the most complex logistical events humans regularly attempt.",Feeding and moving millions safely through Mecca in days is among the hardest logistics humans attempt.,"islam,hajj,mecca",51,false,"islam-quran-foundation,pilgrimage-many-destinations,buddhism-spread-across-asia,ibn-battuta-pilgrimage-start,hinduism-karma-samsara-moksha","record-extremes,stars-and-cosmos,architecture-and-structures,food-and-cuisine",
judaism-diaspora-life,religion-beliefs,Judaism,"Hebrew Came Back to Life After 1,700 Years","For roughly 1,700 years, Hebrew survived as a language of prayer, study, and scripture, but essentially no one grew up speaking it as their everyday mother tongue. Then, beginning in the late 1800s, a determined revival, led largely by Eliezer Ben-Yehuda, turned Hebrew back into a living, spoken language for daily life. Today millions speak it natively. It is the only known case in history of a 'dead' everyday language being successfully brought back into ordinary use.","Hebrew was a non-spoken language for ~1,700 years until a revival made it a living tongue again.","judaism,hebrew,language-revival",52,false,"sacred-texts-scripture-authority,islam-quran-foundation,buddhism-spread-across-asia,hinduism-karma-samsara-moksha,monasteries-spiritual-discipline",parental-care,
monasteries-solitude-and-community,religion-beliefs,Monasteries,One Holy Man Lived 37 Years on Top of a Pillar,"Monastic devotion can take extreme solitary forms. In the 400s, a Christian ascetic named Simeon settled on top of a small platform atop a tall pillar and, according to tradition, stayed there for about 37 years, praying and preaching to crowds who gathered below. He inspired imitators, the 'pillar saints,' who also lived perched above the ground. It was one striking answer to a question monasticism keeps asking: how far should someone withdraw from the world to focus on the sacred?",The ascetic Simeon Stylites reportedly lived about 37 years atop a pillar in devotion.,"monasteries,simeon-stylites,asceticism",52,false,"monasteries-spiritual-discipline,pilgrimage-many-destinations,islam-quran-foundation,iconography-religious-art,christianity-rooted-in-jesus",collective-behavior,
monasteries-spiritual-discipline,religion-beliefs,Monasteries,"Monks Gave the World Champagne, Beer, and Genetics","Monastic life, built around quiet discipline and patient labor, has produced surprising contributions to the outside world. A monk named Dom Perignon helped refine the making of Champagne, Trappist monks still brew some of the world's most prized beers, and the monastery garden of Gregor Mendel became the birthplace of modern genetics when he studied pea plants there. Withdrawal from ordinary life, it turns out, gave monks exactly the focus and time to perfect crafts and quietly change science.","Monks helped create Champagne and famous beers, and Gregor Mendel founded genetics in a monastery garden.","monasteries,monks,science",52,false,"monasteries-solitude-and-community,buddhism-spread-across-asia,islam-quran-foundation,caffeine-naturally-bitter,judaism-diaspora-life","plants-and-botany,coffee-and-tea",
monotheism-one-god,religion-beliefs,Monotheism,Egypt Tried to Erase This Pharaoh From History Itself,"Monotheism can feel timeless, but one of its earliest known appearances was a radical experiment that ended in erasure. Around 1350 BCE, the Egyptian pharaoh Akhenaten tried to sweep away Egypt's many gods and elevate worship of a single one, the sun-disk Aten. He moved the entire capital and reshaped religion and art around this one idea. After his death, the priesthood didn't just reverse the changes — they moved to erase him from the record entirely. His radical one-god vision stayed buried for thousands of years.","A pharaoh tried to force Egypt to worship one god — and after he died, Egypt tried to erase that he ever existed.","monotheism,akhenaten,ancient-egypt",51,false,"sacred-texts-scripture-authority,religion-social-life,prosthetics-more-than-limbs,buddhism-spread-across-asia,iconography-religious-art","hidden-underground,world-first,motion-and-force",
pilgrimage-many-destinations,religion-beliefs,Pilgrimage,The Largest Human Gathering on Earth Is a Pilgrimage,"The biggest crowd humanity ever assembles is a religious one. India's Kumbh Mela, a Hindu pilgrimage held at sacred river sites, draws tens of millions of pilgrims, and across the full festival the total can climb into the hundreds of millions. The gatherings are so vast they are visible from space and require temporary cities to be built and dismantled. No concert, sporting event, or political rally comes close to the sheer scale of this act of shared faith.","India's Kumbh Mela pilgrimage is the largest human gathering on Earth, visible from space.","pilgrimage,kumbh-mela,hinduism",52,false,"hinduism-karma-samsara-moksha,monasteries-solitude-and-community,ibn-battuta-pilgrimage-start,christianity-rooted-in-jesus,islam-hajj-pilgrimage","record-extremes,collective-behavior,games-and-play",
religion-social-life,religion-beliefs,Religion,Hundreds of Thousands Once Declared Their Religion 'Jedi',"Religion can be counted as well as believed, and census forms have produced some surprises. In the early 2000s, a grassroots campaign urged people in several English-speaking countries to write 'Jedi,' from the Star Wars films, as their religion. Hundreds of thousands did, partly as a joke and partly as a protest about being asked at all. It briefly became one of the larger 'religions' on some official forms, prompting real debate about what should even count as a religion.","In several 2000s censuses, hundreds of thousands listed 'Jedi' from Star Wars as their religion.","religion,census,jedi",52,false,"sacred-texts-written-and-oral,hinduism-karma-samsara-moksha,islam-quran-foundation,islam-hajj-pilgrimage,iconography-religious-art","stars-and-cosmos,storytelling-and-narrative,war-and-conflict",
sacred-texts-scripture-authority,religion-beliefs,Sacred Texts,"A Shepherd's Stray Rock Uncovered 2,000-Year-Old Scriptures","In 1947, a young shepherd tossing a rock into a cave near the Dead Sea heard pottery break, and stumbled onto one of history's great discoveries. The caves held the Dead Sea Scrolls, ancient manuscripts roughly 2,000 years old, including the oldest known copies of Hebrew biblical texts. Remarkably, they matched versions written a thousand years later very closely, showing how faithfully the scriptures had been copied across the centuries. An accidental throw revealed evidence of extraordinary care in preserving a sacred text.","The Dead Sea Scrolls, found by a shepherd in 1947, matched biblical texts copied 1,000 years later.","sacred-texts,dead-sea-scrolls,preservation",52,false,"sacred-texts-written-and-oral,buddhism-spread-across-asia,monotheism-one-god,storytelling-older-than-writing,pilgrimage-many-destinations","accidental-discovery,record-extremes,hidden-underground",
sacred-texts-written-and-oral,religion-beliefs,Sacred Texts,"The Vedas Were Memorized Perfectly for 3,000 Years","Long before they were written down, India's Vedas were preserved purely in human memory, with astonishing precision. Reciters used elaborate techniques, chanting the words forwards, backwards, and in scrambled patterns, as a built-in error check to guard against a single mistake. This oral discipline kept the texts essentially unchanged for some 3,000 years, an achievement so remarkable that it has been recognized as a masterpiece of humanity's oral heritage. The 'book' lived flawlessly in memory before it ever touched a page.","India's Vedas were preserved near-perfectly by memorized recitation for about 3,000 years before being written.","sacred-texts,vedas,oral-tradition",52,false,"sacred-texts-scripture-authority,islam-quran-foundation,religion-social-life,storytelling-griots-memory,pilgrimage-many-destinations","storytelling-and-narrative,psychology-and-behavior",
dinosaur-eggs-all-dinosaurs-hatched,dinosaurs,Dinosaur Eggs,The Biggest Dinosaurs Hatched From Surprisingly Small Eggs,"Even the most colossal dinosaurs, giants that grew to tens of tons, began life in eggs no larger than a football. There is a hard physical limit: an eggshell must stay thin enough for oxygen to reach the embryo inside, so it cannot simply scale up with the adult. A baby sauropod hatched from something a person could cradle in two hands, then faced the daunting job of growing thousands of times heavier to reach adult size.","Even giant dinosaurs hatched from eggs no bigger than a football, since shells can't thicken without suffocating the embryo.","dinosaur-eggs,sauropods,reproduction",51,false,"dinosaur-eggs-embryos-rare,velociraptor-not-movie-sized,triceratops-three-horns,anglerfish-males-fuse-to-females,seahorses-male-give-birth,brachiosaurus-giraffe-build","record-extremes,counterintuitive-scale",
dinosaur-eggs-embryos-rare,dinosaurs,Dinosaur Eggs,A Dinosaur Named 'Egg Thief' Was Actually a Caring Parent,"In the 1920s, a dinosaur was discovered atop a clutch of eggs and assumed to be raiding the nest of another species, so scientists named it Oviraptor, 'egg thief.' The label stuck for about 70 years. Then paleontologists found a similar dinosaur with an embryo inside one of those very eggs, proving the eggs were its own. The 'thief' had actually been sitting protectively on its nest, brooding its babies. Its name commemorates a 70-year-old false accusation.","Oviraptor, named 'egg thief,' was later shown to be brooding its own eggs, not stealing them.","dinosaur-eggs,oviraptor,parental-care",53,false,"dinosaur-eggs-all-dinosaurs-hatched,velociraptor-asian-dromaeosaur,iguanodon-iguana-tooth-name,fossils-careful-excavation,iguanodon-thumb-spike",parental-care,
ankylosaurus-armored-tank,dinosaurs,Ankylosaurus,Ankylosaurus Swung a Tail Club That Could Break Bone,"Ankylosaurus carried a sledgehammer at the end of its tail: a mass of fused bone, swung by a stiff, muscular tail base. Researchers who modeled the biomechanics concluded the largest clubs could swing with enough force to shatter the leg bone of an attacker. This was a slow, low-slung plant eater, but it was far from helpless. A predator that closed in risked a crippling blow from a living club of solid bone.",Ankylosaurus could swing its fused bony tail club hard enough to shatter a predator's leg bone.,"ankylosaurus,tail-club,defense",52,false,"ankylosaurus-leaf-teeth,ankylosaurus-tail-club,tyrannosaurus-sixty-teeth,stegosaurus-ankylosaur-relatives,triceratops-three-horns","record-extremes,plants-and-botany,human-body-quirks,motion-and-force",
ankylosaurus-tail-club,dinosaurs,Ankylosaurus,An Armored Dinosaur Was Found With Its Camouflage Intact,"In 2011, miners in Canada unearthed an armored dinosaur so flawlessly preserved it looks like a sculpture, with skin, armor, and even its outer shape intact. Nicknamed Borealopelta, this cousin of Ankylosaurus was studied so closely that chemical traces revealed its coloring: a reddish-brown back fading to a pale belly, a camouflage pattern called countershading. Remarkably, this heavily armored, tank-like plant eater still needed to hide, hinting it faced predators powerful enough to make camouflage worthwhile.","A superbly preserved armored dinosaur, Borealopelta, still shows it had reddish camouflage coloring.","ankylosaurus,borealopelta,fossils",51,false,"ankylosaurus-leaf-teeth,ankylosaurus-armored-tank,fossils-permineralization,dire-wolf-la-brea,greek-mythology-art-afterlife,fossils-careful-excavation","camouflage-and-mimicry,materials-and-chemistry,plants-and-botany,human-body-quirks",
ankylosaurus-leaf-teeth,dinosaurs,Ankylosaurus,Even Ankylosaurus's Eyelids Were Armored,"Ankylosaurus took body armor to an extreme. Beyond the thick bony plates across its back and the spikes along its sides, it had armor in places most animals leave exposed, including bony shutters that protected its eyelids. Almost every vulnerable surface was reinforced. Yet for all that menace, it was a committed plant eater with small, leaf-shaped teeth. The fearsome look was pure defense, built to make this herbivore far too costly to attack.","Ankylosaurus was armored even on its eyelids, yet was a plant eater with small leaf-shaped teeth.","ankylosaurus,armor,herbivore",51,false,"ankylosaurus-armored-tank,ankylosaurus-tail-club,brachiosaurus-treetop-browser,dunkleosteus-jaw-bones,tyrannosaurus-predator-scavenger","plants-and-botany,human-body-quirks",
brachiosaurus-giraffe-build,dinosaurs,Brachiosaurus,Brachiosaurus's Own Blood Pressure Could Have Killed It,"Brachiosaurus held its head high on a giraffe-like build, but raising blood that far created a serious problem. To pump blood all the way up its towering neck to a brain meters above the heart, it would have needed blood pressure far higher than any animal alive today — enough to put its own heart under crushing strain. The danger was so extreme that many scientists think these giants rarely held their necks fully upright, keeping them lower just to avoid the risk.",Pumping blood up its towering neck demanded blood pressure beyond any living animal — enough strain on the heart that scientists think the giant kept its neck lower just to survive.,"brachiosaurus,blood-pressure,sauropods",51,false,"brachiosaurus-treetop-browser,dinosaur-eggs-all-dinosaurs-hatched,tyrannosaurus-predator-scavenger,stegosaurus-ankylosaur-relatives,ankylosaurus-leaf-teeth","human-body-quirks,machines-and-mechanisms",
brachiosaurus-treetop-browser,dinosaurs,Brachiosaurus,Brachiosaurus Swallowed Its Food Without Chewing,"Brachiosaurus could lift its head nearly four stories up to reach treetop leaves, but it did almost nothing to them in its mouth. Its peg-like teeth raked leaves off branches, and then it simply swallowed them whole, without chewing. The real digestion happened in an enormous gut, where the greenery fermented slowly over days, broken down by microbes. The giant was less a careful eater than a walking vat, stripping vegetation and letting its vast insides do the work.","Brachiosaurus raked leaves from treetops and swallowed them whole, fermenting them in a huge gut.","brachiosaurus,digestion,herbivore",51,false,"brachiosaurus-giraffe-build,ankylosaurus-leaf-teeth,tyrannosaurus-sixty-teeth,sea-stars-external-digestion,gut-microbiome-unique-network,seahorses-no-stomachs","plants-and-botany,human-body-quirks,storytelling-and-narrative,food-and-cuisine",
dinosaur-extinction-sunlight-collapse,dinosaurs,Dinosaur Extinction,The Dinosaurs Died Because the Asteroid Hit the Worst Spot,"The asteroid that struck near Mexico's Yucatan, leaving the buried Chicxulub crater, may have doomed the dinosaurs partly through sheer bad luck. It slammed into shallow sea over rock rich in sulfur. The impact blasted enormous amounts of sulfur and dust skyward, which spread worldwide, blocked the sun, and chilled the planet for years. Hitting almost anywhere else might have been far less deadly. Geography, not just the impact, helped end an era.","The dino-killing asteroid hit sulfur-rich rock at Chicxulub, worsening the sky-darkening catastrophe.","dinosaur-extinction,chicxulub,impact",53,false,"dinosaur-extinction-kpg-scale,velociraptor-asian-dromaeosaur,tyrannosaurus-king-name,dinosaur-eggs-embryos-rare,iguanodon-iguana-tooth-name","stars-and-cosmos,hidden-underground,disaster-and-catastrophe,luck-ritual-superstition",
dinosaur-extinction-kpg-scale,dinosaurs,Dinosaur Extinction,One Fossil Site May Record the Very Day the Asteroid Hit,"Most extinctions are blurry across thousands of years, but a site in North Dakota called Tanis may preserve a single catastrophic day 66 million years ago. There, fish lie buried in debris with tiny impact spherules lodged in their gills. It's as if they breathed in the fallout within hours of the strike, thousands of miles away. If the interpretation holds, Tanis is an almost unbelievable snapshot: the opening moments of the disaster that ended the age of dinosaurs, frozen in stone.",The Tanis site in North Dakota may capture the actual day of the asteroid impact 66 million years ago.,"dinosaur-extinction,tanis,k-pg",52,false,"dinosaur-extinction-sunlight-collapse,velociraptor-asian-dromaeosaur,tyrannosaurus-king-name,fossils-careful-excavation,fossils-permineralization","disaster-and-catastrophe,hidden-underground,stars-and-cosmos",
fossils-permineralization,dinosaurs,Fossils,Scientists Found Soft Tissue Inside a T. rex Bone,"Fossils are usually rock-hard mineral copies of bone, so it was a shock when soft, stretchy material turned up inside a Tyrannosaurus rex leg bone. After the mineral was dissolved away, flexible, branching structures resembling blood vessels appeared, along with what may be fragments of ancient proteins. The findings, still studied and debated, challenge the old assumption that nothing organic could survive 66 million years. A fossil, it seems, may occasionally hold more than stone.","Researchers found flexible, vessel-like soft tissue inside a 66-million-year-old T. rex bone.","fossils,soft-tissue,tyrannosaurus-rex",51,false,"fossils-careful-excavation,tyrannosaurus-predator-scavenger,tyrannosaurus-sixty-teeth,greek-mythology-art-afterlife,mri-soft-tissue-detail,ankylosaurus-tail-club","human-body-quirks,architecture-and-structures",
fossils-careful-excavation,dinosaurs,Fossils,Two Rivals Waged a Dynamite-Fueled 'Bone War',"In the late 1800s, American fossil hunting turned into open warfare. Two paleontologists, Edward Cope and Othniel Marsh, despised each other and raced to find and name more dinosaurs. Their feud, the 'Bone Wars,' involved spying, bribery, stolen fossils, and reportedly even dynamiting dig sites so the other could not have them. Their reckless rush named scores of new species but also caused famous blunders. Scientific discovery, it turns out, can be driven by bitter personal rivalry.","The 1800s 'Bone Wars' saw rivals Cope and Marsh spy, bribe, and dynamite sites to out-discover each other.","fossils,bone-wars,paleontology-history",52,false,"fossils-permineralization,triceratops-late-and-numerous,ankylosaurus-tail-club,greek-mythology-art-afterlife,tyrannosaurus-predator-scavenger","energy-and-power,human-body-quirks,war-and-conflict",
iguanodon-iguana-tooth-name,dinosaurs,Iguanodon,Scientists Held a Dinner Party Inside a Dinosaur,"When the first life-size dinosaur statues were built in London in the 1850s, Iguanodon was among them, and its debut came with a celebration to match. On New Year's Eve in 1853, the sculptor hosted a formal dinner for around 20 guests seated inside the half-finished, hollow mold of a standing Iguanodon. Diners ate and toasted from within the belly of a dinosaur. It was a fittingly strange launch for the brand-new public fascination with prehistoric beasts.","In 1853, scientists held a New Year's Eve dinner party seated inside a hollow life-size Iguanodon model.","iguanodon,crystal-palace,dinosaur-history",53,false,"iguanodon-thumb-spike,ankylosaurus-tail-club,dinosaur-eggs-all-dinosaurs-hatched,dinosaur-eggs-embryos-rare,tyrannosaurus-king-name","materials-and-chemistry,self-organizing-patterns",
iguanodon-thumb-spike,dinosaurs,Iguanodon,Iguanodon's Thumb Spike Spent Decades on Its Nose,"Iguanodon had a sharp, cone-shaped spike on each thumb, but early scientists had no idea what it was. When they first reconstructed the animal in the 1800s, they mistook the spike for a horn and stuck it on the creature's nose, like a rhino. Only later, with better skeletons, did researchers realize the 'horn' was actually a thumb. For years, one of the first dinosaurs known to science was walking around museums wearing its thumb on its face.",Iguanodon's thumb spike was originally mistaken for a nose horn and mounted on its snout for decades.,"iguanodon,thumb-spike,reconstruction",52,false,"iguanodon-iguana-tooth-name,stegosaurus-tail-spikes,triceratops-three-horns,ankylosaurus-leaf-teeth,dinosaur-eggs-embryos-rare",,
stegosaurus-plates-not-simple-armor,dinosaurs,Stegosaurus,Stegosaurus Ran a Bus-Sized Body on a Walnut-Sized Brain,"Stegosaurus was about the size of a bus, yet its brain was famously tiny, often compared to a walnut or a golf ball. The mismatch was so striking that scientists once proposed it had a 'second brain' near its hips to help control its back half. That idea has since been abandoned; the space was likely an enlarged nerve junction or energy store, not a brain. Still, the giant truly did run its enormous body on a remarkably small mind.","Stegosaurus had a walnut-sized brain in a bus-sized body, inspiring the debunked 'second brain' myth.","stegosaurus,brain,anatomy",53,false,"stegosaurus-ankylosaur-relatives,stegosaurus-tail-spikes,velociraptor-not-movie-sized,whales-largest-animal-ever,rem-sleep-night-cycles,giraffes-tallest-land-animal","myth-vs-reality,energy-and-power,human-body-quirks,counterintuitive-scale",
stegosaurus-tail-spikes,dinosaurs,Stegosaurus,Stegosaurus's Tail Spikes Are Named After a Cartoon,"The cluster of sharp spikes on the end of a Stegosaurus tail had no scientific name for over a century. Then, in 1982, cartoonist Gary Larson drew a Far Side comic in which a caveman lecturer calls the spikes a 'thagomizer,' named after 'the late Thag Simmons.' Paleontologists found it so useful and amusing that they actually adopted the joke term. Today 'thagomizer' is used in real scientific writing, a piece of official anatomy that started as a newspaper gag.","Stegosaurus's tail spikes are officially called the 'thagomizer,' a term coined in a 1982 Far Side cartoon.","stegosaurus,thagomizer,far-side",50,false,"stegosaurus-plates-not-simple-armor,stegosaurus-ankylosaur-relatives,iguanodon-thumb-spike,tyrannosaurus-king-name,ankylosaurus-armored-tank",origins-and-naming,
stegosaurus-ankylosaur-relatives,dinosaurs,Stegosaurus,Nobody Is Sure What Those Stegosaurus Plates Were For,"The big triangular plates running along a Stegosaurus's back are instantly recognizable, yet their purpose is still genuinely uncertain. They were probably too thin and oddly placed to make good armor. They may have helped the animal show off, recognize its own species, or control body temperature through the blood flowing inside them. Fossils even suggest males and females may have had differently shaped plates. The most famous feature of this dinosaur is also one of its biggest mysteries.","Stegosaurus's iconic back plates were likely for display or temperature, not armor, and remain debated.","stegosaurus,plates,display",52,false,"stegosaurus-plates-not-simple-armor,stegosaurus-tail-spikes,triceratops-three-horns,tyrannosaurus-predator-scavenger,ankylosaurus-armored-tank","record-extremes,human-body-quirks",
triceratops-three-horns,dinosaurs,Triceratops,A Triceratops Skull Was Nearly a Third of Its Whole Body,"Triceratops is easy to recognize from its three horns and broad neck frill, but the real shock is scale. Its skull could reach around 2.5 meters, roughly 8 feet, long, making it one of the largest heads of any land animal ever known. In big individuals, the head alone made up close to a third of the entire body length. Carrying such an enormous, horned, frilled skull was a feat of engineering for the dinosaur's neck and shoulders.","Its head could reach about 8 feet long, among the largest of any land animal ever known.","triceratops,skull,horns",50,false,"triceratops-late-and-numerous,stegosaurus-ankylosaur-relatives,dinosaur-eggs-all-dinosaurs-hatched,ankylosaurus-armored-tank,tyrannosaurus-sixty-teeth",record-extremes,
triceratops-late-and-numerous,dinosaurs,Triceratops,Fossils Prove T. rex and Triceratops Really Fought,"The classic showdown between Triceratops and Tyrannosaurus rex is not just movie fiction. The two lived at the same time and place at the very end of the dinosaur age, and the fossils bear witness to their clashes. Paleontologists have found Triceratops bones marked with T. rex bite wounds, including a frill and horn that show signs of being bitten and then healing, meaning that particular Triceratops survived the encounter. Predator and prey left a real record of their battles.","Fossils show real combat between T. rex and Triceratops, including bite marks a Triceratops survived.","triceratops,tyrannosaurus-rex,late-cretaceous",52,false,"triceratops-three-horns,tyrannosaurus-predator-scavenger,fossils-permineralization,tyrannosaurus-sixty-teeth,fossils-careful-excavation,tyrannosaurus-king-name","storytelling-and-narrative,human-body-quirks,war-and-conflict",
tyrannosaurus-king-name,dinosaurs,Tyrannosaurus rex,T. rex Lived Closer to Us Than to Stegosaurus,"It is easy to lump all dinosaurs together, but they are separated by spans of time almost too large to grasp. Stegosaurus had already been extinct for roughly 80 million years before Tyrannosaurus rex ever appeared. In fact, T. rex, which lived about 66 million years ago, is closer in time to us today than it was to Stegosaurus. The 'age of dinosaurs' was not one moment but a vast stretch in which different giants rose and vanished.","T. rex lived about 66 million years ago, closer in time to humans than to Stegosaurus.","tyrannosaurus-rex,deep-time,mesozoic",50,false,"tyrannosaurus-predator-scavenger,tyrannosaurus-sixty-teeth,fossils-permineralization,triceratops-late-and-numerous,stegosaurus-ankylosaur-relatives",lost-and-rediscovered,
tyrannosaurus-sixty-teeth,dinosaurs,Tyrannosaurus rex,T. rex Bit So Hard It Crushed and Digested Bone,"Tyrannosaurus rex had the most powerful bite of any known land animal, strong enough to crunch straight through the bones of its prey. We know it really did this because fossilized T. rex droppings have been found packed with crushed, partly digested bone fragments. Lined with about 60 thick, serrated teeth and a skull braced to absorb tremendous force, its head worked like a bone-shattering machine. Few predators in history could literally eat their victims, skeleton and all.","T. rex had the strongest bite of any land animal, crushing bone that shows up digested in its fossil dung.","tyrannosaurus-rex,bite-force,coprolite",53,false,"tyrannosaurus-predator-scavenger,tyrannosaurus-king-name,fossils-permineralization,dunkleosteus-self-sharpening-jaws,triceratops-late-and-numerous,ankylosaurus-armored-tank","human-body-quirks,food-and-cuisine,motion-and-force",
tyrannosaurus-predator-scavenger,dinosaurs,Tyrannosaurus rex,The 'King' of Dinosaurs May Have Been Fluffy as a Baby,"The popular image of Tyrannosaurus rex as a purely scaly monster is being rethought. Close tyrannosaur relatives have been found covered in feathery fuzz, raising the strong possibility that T. rex hatchlings were downy rather than bare. Whether large adults kept much of that coat is debated, since some skin impressions show scales. But the fearsome 'king of the tyrant lizards' may well have started life as a fluffy chick, a soft beginning for one of history's great predators.","T. rex's close relatives had feathers, so young Tyrannosaurus rex may have been fluffy rather than scaly.","tyrannosaurus-rex,feathers,theropods",52,false,"tyrannosaurus-sixty-teeth,tyrannosaurus-king-name,fossils-permineralization,triceratops-late-and-numerous,velociraptor-not-movie-sized,ankylosaurus-leaf-teeth",human-body-quirks,
velociraptor-not-movie-sized,dinosaurs,Velociraptor,The Real Velociraptor Was a Feathered Turkey-Sized Hunter,"Hollywood's Velociraptor is a tall, scaly, human-sized killer, but the real animal would barely reach your knee. It stood about the size of a turkey, roughly two feet tall at the hip and maybe 15 kilograms, and it was covered in feathers. The fearsome movie 'raptors' were actually modeled on a larger cousin and scaled up further for the screen. A true Velociraptor was still a swift, dangerous predator, just one closer to a vicious feathered bird than a giant reptile.","The real Velociraptor was a feathered, turkey-sized predator, far smaller than its movie version.","velociraptor,size,feathers",52,false,"velociraptor-asian-dromaeosaur,tyrannosaurus-predator-scavenger,dinosaur-eggs-all-dinosaurs-hatched,whales-largest-animal-ever,jupiter-thousand-earths","counterintuitive-scale,storytelling-and-narrative",
velociraptor-asian-dromaeosaur,dinosaurs,Velociraptor,One Fossil Caught a Velociraptor and Its Prey Mid-Fight,"A famous fossil from Mongolia preserves a moment of life-and-death drama frozen in time. It shows a Velociraptor and a Protoceratops, a sheep-sized plant eater, locked together in combat, the predator's sickle claw at the herbivore's throat while the Protoceratops clamps down on the raptor's arm. The two were apparently buried suddenly, perhaps by a collapsing dune, and died still grappling. The 'Fighting Dinosaurs' offer an astonishingly rare snapshot of how these predators actually attacked.",Mongolia's 'Fighting Dinosaurs' fossil preserves a Velociraptor and Protoceratops buried mid-battle.,"velociraptor,fighting-dinosaurs,protoceratops",53,false,"velociraptor-not-movie-sized,dinosaur-eggs-embryos-rare,dinosaur-extinction-kpg-scale,triceratops-late-and-numerous,ankylosaurus-leaf-teeth","parental-care,hidden-underground,plants-and-botany,war-and-conflict",
dunkleosteus-jaw-bones,ancient-creatures,Dunkleosteus,"Dunkleosteus Had No Teeth, Just Self-Sharpening Blades","Dunkleosteus ruled ancient seas without a single true tooth in its head. Instead, the edges of its jaws were formed from bone, honed into two pairs of sharp, shearing blades. As the mouth opened and closed, the blades ground against one another, keeping each edge keen, like self-sharpening scissors. The bony plates even kept growing to replace what wore away. Rather than biting with teeth, this armored fish sheared through its prey with continually sharpened blades of its own skull.","Dunkleosteus had no teeth, slicing prey with self-sharpening bony blades formed from its jaws.","dunkleosteus,jaws,prehistoric-fish",50,false,"dunkleosteus-self-sharpening-jaws,megalodon-largest-fish,saber-toothed-cats-not-tigers,ankylosaurus-leaf-teeth,saber-toothed-cats-blade-teeth",human-body-quirks,
dunkleosteus-self-sharpening-jaws,ancient-creatures,Dunkleosteus,Dunkleosteus Could Inhale Prey in a Fraction of a Second,"Dunkleosteus did not just bite hard, it struck with terrifying speed. Studies of its jaw mechanics suggest it could snap its mouth open in around one-fiftieth of a second, creating a sudden rush of suction that pulled prey inward. Then the powerful jaws slammed shut with one of the strongest bites estimated for any fish. Open fast to inhale, close hard to slice: this armored hunter combined vacuum-like speed with crushing force in a single deadly motion.","Dunkleosteus could open its jaws in about 1/50th of a second, sucking in prey before crushing it.","dunkleosteus,bite-force,predators",53,false,"dunkleosteus-jaw-bones,terror-birds-fossil-chemistry,dire-wolf-la-brea,tyrannosaurus-sixty-teeth,dragonflies-nearly-360-vision","motion-and-force,numbers-and-mathematics",
trilobites-paleozoic-survivors,ancient-creatures,Trilobites,Trilobites Ruled the Seas Far Longer Than the Dinosaurs,"Trilobites are often dismissed as humble fossils, but their reign was staggering. They thrived in the oceans for roughly 270 million years, far longer than the dinosaurs lasted on land, and diversified into an estimated 20,000 species along the way. Their incredible run finally ended in the largest mass extinction in Earth's history, the end-Permian 'Great Dying,' which wiped out most ocean life. Few groups of animals have ever dominated for so long or vanished so completely.","Trilobites thrived for about 270 million years, far longer than dinosaurs, before dying in the 'Great Dying.'","trilobites,paleozoic,great-dying",52,false,"trilobites-eyes-complex,terror-birds-seven-foot-predators,megalodon-teeth-tell-story,giant-sloths-claws-leaves,giant-sloths-american-migration","record-extremes,lost-and-rediscovered",
trilobites-eyes-complex,ancient-creatures,Trilobites,Trilobites Saw the World Through Eyes Made of Crystal,"Trilobites had some of the earliest known eyes, and they were built from an unlikely material: crystal. Their lenses were made of calcite, a clear mineral, essentially turning stone into optics. Some species had eyes packed with hundreds of these crystal lenses, and a few had a sophisticated design that corrected the distortion that plagues simple lenses, a trick humans only worked out much later. These ancient sea creatures quite literally looked out at the world through eyes of rock.","Trilobites had eyes with lenses made of the crystal mineral calcite, some correcting optical distortion.","trilobites,calcite-eyes,vision",52,false,"trilobites-paleozoic-survivors,giant-sloths-elephant-size,megalodon-teeth-tell-story,snow-deposition,terror-birds-seven-foot-predators","materials-and-chemistry,world-first,self-organizing-patterns",
dire-wolf-la-brea,ancient-creatures,Dire Wolves,"A California Tar Pit Holds Over 4,000 Dire Wolves","The La Brea Tar Pits in Los Angeles are a graveyard with a grim logic. Sticky natural asphalt trapped struggling plant eaters, whose distress drew in hungry predators, who then became stuck themselves. Dire wolves are the most abundant large mammal recovered there, with the remains of more than 4,000 individuals pulled from the tar. The same hunting instinct that made them successful lured them, one by one, into a trap that preserved them in extraordinary numbers.","Over 4,000 dire wolves have been recovered from the La Brea Tar Pits, where predators were lured to their deaths.","dire-wolves,la-brea,fossils",53,false,"dire-wolf-bigger-skull,saber-toothed-cats-tar-trap,terror-birds-fossil-chemistry,ankylosaurus-tail-club,dunkleosteus-self-sharpening-jaws","plants-and-botany,numbers-and-mathematics",
dire-wolf-bigger-skull,ancient-creatures,Dire Wolves,Dire Wolves Were Not Really Wolves at All,"Despite the name and a wolfish look, dire wolves were not close relatives of today's gray wolves. DNA recovered from fossils revealed that their lineage split from other wolf-like canines millions of years ago, around 5.7 million, and they were so genetically distant they likely could not even interbreed with gray wolves. Their resemblance was a case of two predators evolving similar bodies for similar lifestyles. The 'dire wolf' was really its own ancient kind of animal wearing a familiar shape.",DNA shows dire wolves split from gray wolves about 5.7 million years ago and were not close relatives.,"dire-wolves,dna,evolution",53,false,"dire-wolf-la-brea,terror-birds-seven-foot-predators,giant-sloths-claws-leaves,whales-are-mammals,woolly-mammoths-ice-age-coat",collective-behavior,
giant-sloths-elephant-size,ancient-creatures,Giant Sloths,Thomas Jefferson Thought Giant Sloth Bones Were a Lion,"Future US president Thomas Jefferson was an enthusiastic fossil collector, and in the 1790s he studied a set of huge clawed bones. He mistook them for the remains of an enormous lion-like beast and worried such a monster might still prowl the unexplored West. The bones actually belonged to a giant ground sloth, later named Megalonyx, 'great claw.' Jefferson even asked the Lewis and Clark expedition to keep an eye out for living ones. The 'giant lion' was a vegetarian sloth.",Thomas Jefferson mistook giant ground sloth bones for a huge lion and hoped to find living ones.,"giant-sloths,thomas-jefferson,megalonyx",52,false,"giant-sloths-claws-leaves,giant-sloths-american-migration,megalodon-largest-fish,dunkleosteus-jaw-bones,saber-toothed-cats-blade-teeth","human-body-quirks,exploration-and-navigation",
giant-sloths-claws-leaves,ancient-creatures,Giant Sloths,Avocados May Exist Because Giant Sloths Ate Them,"The avocado has an oddly enormous pit, far too big for most animals to swallow and carry off, which is a puzzle for a plant that relies on animals to spread its seeds. The likely answer is that its real partners are gone. Giant ground sloths and other Ice Age giants could gulp avocados whole and deposit the seeds far away. The fruit is an 'evolutionary leftover,' still built for huge eaters that vanished thousands of years ago.",Avocados' huge pits suggest they evolved to be swallowed whole by giant ground sloths and other lost megafauna.,"giant-sloths,avocado,evolution",52,false,"giant-sloths-american-migration,giant-sloths-elephant-size,terror-birds-seven-foot-predators,laughter-contagious,islands-isolation-shapes-life","plants-and-botany,lost-and-rediscovered,games-and-play,food-and-cuisine",
giant-sloths-american-migration,ancient-creatures,Giant Sloths,A Ground Sloth Could Rear Up as Tall as a Two-Story House,"Today's sloths are small, slow tree-dwellers, but their extinct relatives were astonishing. The largest, Megatherium, was roughly the size of an elephant and weighed around four tons. Rising onto its hind legs, propped by a thick tail, it could reach some four meters up, about as high as a two-story building, to pull down branches with hooked claws. Some ground sloths survived surprisingly late, lingering on Caribbean islands until only about 4,000 years ago.","Megatherium, an elephant-sized ground sloth, could rear up about two stories tall to feed on branches.","giant-sloths,megatherium,extinct-mammals",53,false,"giant-sloths-claws-leaves,giant-sloths-elephant-size,woolly-mammoths-ice-age-coat,whales-largest-animal-ever,terror-birds-seven-foot-predators","record-extremes,plants-and-botany,counterintuitive-scale,storytelling-and-narrative",
megalodon-largest-fish,ancient-creatures,Megalodon,You Could Stand Inside a Megalodon's Open Jaws,"Megalodon was a shark on a scale that is hard to picture. Length estimates run to roughly 50 to 60 feet, and reconstructions of its gaping jaws are large enough for several people to stand inside together. Its bite is estimated to have been among the most powerful of any animal that ever lived, able to crush the bones of large whales. A modern great white, fearsome as it is, would have been little more than a snack to an adult megalodon.","Megalodon reached perhaps 50-60 feet, with jaws big enough to stand inside and an immensely powerful bite.","megalodon,size,apex-predator",52,false,"megalodon-teeth-tell-story,dunkleosteus-jaw-bones,saber-toothed-cats-blade-teeth,whales-largest-animal-ever,terror-birds-seven-foot-predators,saber-toothed-cats-not-tigers",human-body-quirks,
megalodon-teeth-tell-story,ancient-creatures,Megalodon,People Once Thought Megalodon Teeth Were Dragon Tongues,"Megalodon's teeth can be more than seven inches long, the size of a human hand, and for centuries people had no idea what they were. In medieval Europe, these huge fossil teeth were believed to be petrified dragon or serpent tongues, called tongue stones, and were worn as charms or used as remedies against poison. Only in the 1600s did a scientist correctly identify them as the teeth of an enormous shark. The 'dragon tongues' were the bite of a vanished sea monster.",Megalodon's hand-sized teeth were long thought to be petrified dragon tongues used as charms.,"megalodon,fossil-teeth,tongue-stones",53,false,"megalodon-largest-fish,dunkleosteus-jaw-bones,trilobites-paleozoic-survivors,dragons-hero-test,whales-largest-animal-ever","human-body-quirks,lost-and-rediscovered,counterintuitive-scale",
saber-toothed-cats-not-tigers,ancient-creatures,Saber-Toothed Cats,Nature Invented Saber Teeth Over and Over,"Saber-toothed cats are often called saber-toothed tigers, but they were not tigers, and the bigger surprise is how many times those dagger fangs evolved. Long stabbing canines appeared independently in several unrelated groups across the ages, including the true cats, earlier catlike predators, and even Thylacosmilus, a pouched, marsupial 'saber-tooth' that prowled South America and was more closely related to kangaroos than to cats. When a hunting strategy works this well, evolution keeps reinventing the same deadly tool.","Saber teeth evolved repeatedly in unrelated animals, including a marsupial 'saber-tooth' in South America.","saber-toothed-cats,convergent-evolution,thylacosmilus",53,false,"saber-toothed-cats-blade-teeth,saber-toothed-cats-tar-trap,dunkleosteus-jaw-bones,megalodon-largest-fish,megalodon-teeth-tell-story","human-body-quirks,invention-and-breakthrough",
saber-toothed-cats-blade-teeth,ancient-creatures,Saber-Toothed Cats,A Saber-Tooth's Famous Fangs Were Surprisingly Fragile,"The saber-toothed cat's enormous canines, reaching around seven inches, look like the ultimate weapons, but they were more delicate than they appear. Long and somewhat flattened, they could snap if they struck bone during a struggle. So Smilodon did not simply bite down on tough prey. It used exceptionally powerful neck and forelimb muscles to pin and immobilize an animal first, then delivered a precise, slashing bite to the soft throat or belly, keeping its prized fangs out of harm's way.","Saber-toothed cats' long fangs were fragile, so Smilodon wrestled prey still before a careful killing bite.","saber-toothed-cats,smilodon,canine-teeth",52,false,"saber-toothed-cats-not-tigers,saber-toothed-cats-tar-trap,megalodon-largest-fish,dunkleosteus-jaw-bones,megalodon-teeth-tell-story","human-body-quirks,war-and-conflict",
saber-toothed-cats-tar-trap,ancient-creatures,Saber-Toothed Cats,Healed Wounds Hint Saber-Tooths Cared for Each Other,"Among the many Smilodon skeletons recovered from the La Brea Tar Pits, a striking number show serious injuries, broken bones and damaged joints, that had healed over time. An animal that badly hurt would have struggled to hunt for itself while mending. That those wounds healed at all suggests these cats may have lived in social groups, where others shared food with the injured. The fossils hint that, like lions, saber-toothed cats might have looked after their own.","Many La Brea saber-tooths have healed injuries, hinting they lived socially and fed their wounded.","saber-toothed-cats,la-brea,social-behavior",52,false,"saber-toothed-cats-not-tigers,saber-toothed-cats-blade-teeth,dire-wolf-la-brea,woolly-mammoths-permafrost-preserved,megalodon-largest-fish","human-body-quirks,psychology-and-behavior,food-and-cuisine,numbers-and-mathematics",
woolly-mammoths-ice-age-coat,ancient-creatures,Woolly Mammoths,Scientists Are Editing Elephant DNA to Rebuild the Mammoth,"Of all extinct animals, the woolly mammoth is the leading candidate for 'de-extinction.' Its closest living relative is the Asian elephant, with which it shares the vast majority of its DNA, and frozen carcasses provide unusually good genetic material. Scientists are now editing elephant genes, adding traits like thick fur and cold tolerance, in hopes of producing mammoth-like calves that could one day walk cold landscapes again. Bringing back the woolly mammoth has gone from science fiction to active laboratory work.","Its DNA is nearly identical to the Asian elephant's, and scientists are now actually editing elephant genes in a real lab push to bring the mammoth back to life.","woolly-mammoths,de-extinction,asian-elephant",52,false,"woolly-mammoths-permafrost-preserved,woolly-mammoths-late-islands,giant-sloths-american-migration,dire-wolf-bigger-skull,trilobites-paleozoic-survivors",storytelling-and-narrative,
woolly-mammoths-permafrost-preserved,ancient-creatures,Woolly Mammoths,Frozen Baby Mammoths Still Have Their Last Meal Inside,"Siberia's permafrost has preserved woolly mammoths so completely that they are less like fossils than like time capsules. One famous baby mammoth, nicknamed Lyuba, emerged from the frozen ground tens of thousands of years after her death with skin, hair, and internal organs intact, and even traces of her mother's milk and her last meal still in her stomach. Frozen mud sealed these animals away from decay, letting scientists study Ice Age giants almost as if they had only recently died.",Permafrost preserved baby mammoths like 'Lyuba' so well that their last meals remain in their stomachs.,"woolly-mammoths,permafrost,lyuba",53,false,"woolly-mammoths-late-islands,woolly-mammoths-ice-age-coat,saber-toothed-cats-tar-trap,megalodon-largest-fish,dunkleosteus-jaw-bones","human-body-quirks,food-and-cuisine,parental-care",
woolly-mammoths-late-islands,ancient-creatures,Woolly Mammoths,Woolly Mammoths Were Still Alive When the Pyramids Stood,"We imagine woolly mammoths as impossibly ancient, but the timeline is startling. While most died out around 10,000 years ago, a small population clung on at remote Wrangel Island in the Arctic Ocean until roughly 4,000 years ago. By then, the Egyptians had already built the Great Pyramid of Giza. For a stretch of history, mammoths and pyramids existed on Earth at the same time. The Ice Age icon overlapped with human civilization far more recently than most people expect.","The last woolly mammoths survived on Wrangel Island until about 4,000 years ago, after the pyramids were built.","woolly-mammoths,wrangel-island,extinction",53,false,"woolly-mammoths-permafrost-preserved,woolly-mammoths-ice-age-coat,giant-sloths-american-migration,ancient-egypt-3000-years,pyramids-global-form,pyramids-giza-fame",ancient-engineering,
terror-birds-seven-foot-predators,ancient-creatures,Terror Birds,Terror Birds Were Apex Predators With Axe-Like Beaks,"After the dinosaurs vanished, some of South America's top predators were not mammals but giant flightless birds. Terror birds stood up to around ten feet tall in the largest species and hunted with huge, hooked beaks. One, Kelenken, had a skull about 28 inches long, among the largest of any bird known, tipped with a hatchet-like beak. These were not gentle giants pecking at seeds. They were powerful, fast-striding carnivores that ruled their ecosystems for millions of years.","Terror birds were giant flightless apex predators, some 10 feet tall with huge hatchet-like beaks.","terror-birds,apex-predator,kelenken",51,false,"terror-birds-fossil-chemistry,trilobites-paleozoic-survivors,megalodon-largest-fish,dire-wolf-bigger-skull,giant-sloths-claws-leaves","record-extremes,plants-and-botany,collective-behavior,lost-and-rediscovered",
terror-birds-fossil-chemistry,ancient-creatures,Terror Birds,Terror Birds Likely Killed by Striking Like a Pickaxe,"Terror birds could not fly, but they did not need to: they were built to chase and strike. Long, strong legs made them fast runners, and studies of their skulls suggest the beak was rigid for downward blows rather than side-to-side shaking. The likely tactic was to run prey down, then drive the heavy hooked beak into it like a pickaxe, striking repeatedly at a vulnerable spot. It was a hunting style with no real equal among birds today.",Terror birds likely ran down prey and killed it with repeated pickaxe-like strikes of their hooked beaks.,"terror-birds,hunting,prehistoric-birds",53,false,"terror-birds-seven-foot-predators,dunkleosteus-self-sharpening-jaws,dire-wolf-la-brea,dragonflies-nearly-360-vision,saber-toothed-cats-tar-trap","flight-and-aviation,numbers-and-mathematics",
blackbeard-queen-annes-revenge,pirates,Blackbeard,Blackbeard Set His Own Beard Smoking to Look Demonic,"Blackbeard understood that fear did the work of fighting. Before a battle he reportedly tucked slow-burning fuses, the kind used to light cannons, into his thick black beard and hat, then lit them so wisps of smoke curled around his face. Wreathed in haze, glaring through the smoke and bristling with pistols, he looked like a devil risen from the sea. Many crews surrendered on the spot. His terrifying image was a deliberately crafted weapon.",Blackbeard lit slow-burning fuses in his beard before battle to look like a smoking demon and scare crews into surrender.,"blackbeard,intimidation,golden-age-of-piracy",52,false,"blackbeard-treasure-myth,female-pirates-bonny-read,treasure-maps-saved-life,pirate-havens-nassau,captain-kidd-privateer","war-and-conflict,psychology-and-behavior",
blackbeard-treasure-myth,pirates,Blackbeard,Blackbeard's Whole Pirate Career Lasted About Two Years,"For all his fame, Blackbeard, whose real name was likely Edward Teach, was an active pirate for only about two years, from roughly 1716 to his death in 1718. Even more surprising, there is little hard evidence that he killed anyone before his final battle. He relied on his fearsome reputation and theatrical menace to make victims give up without bloodshed. His outsized legend, including tales of buried treasure that has never been found, far outgrew his short, calculated career.",Blackbeard was a pirate for only about two years and may not have killed anyone before his final fight.,"blackbeard,edward-teach,pirate-legend",52,false,"blackbeard-queen-annes-revenge,treasure-maps-navigation-intelligence,captain-kidd-quedagh-merchant,treasure-maps-saved-life,female-pirates-bonny-read","hidden-underground,war-and-conflict,numbers-and-mathematics",
buccaneers-targeted-spain,pirates,Buccaneers,A Pirate Was Knighted and Made a Colony's Governor,"Crime at sea could pay off spectacularly. Henry Morgan, the most famous buccaneer of all, led devastating raids on Spanish strongholds, including a daring overland assault that sacked Panama City. When Spain protested, England arrested him, then reversed course entirely: he was knighted by the king and sent back to Jamaica as its lieutenant governor, now hunting the very pirates he once led. His name lives on today, stamped on a popular brand of rum.","Buccaneer Henry Morgan raided Spanish cities, then was knighted and made lieutenant governor of Jamaica.","buccaneers,henry-morgan,jamaica",52,false,"privateers-profit-motive,pirate-havens-nassau,pirate-havens-safe-base,treasure-maps-navigation-intelligence,blackbeard-treasure-myth","collective-behavior,symbiosis-and-cooperation",
captain-kidd-privateer,pirates,Captain Kidd,"Captain Kidd Was Hired to Catch Pirates, Then Condemned as One","Captain Kidd's story is full of irony. He set out in 1696 not as an outlaw but as a privateer, commissioned with the backing of powerful English lords to hunt down pirates and seize their loot. The voyage went badly, his crew grew mutinous, and Kidd ended up attacking ships he perhaps should not have. When scandal threatened his influential sponsors, they abandoned him. The pirate-hunter was condemned as a pirate, a convenient scapegoat for his politically nervous backers.","Captain Kidd began as a state-backed pirate hunter, then was abandoned by his own sponsors.","captain-kidd,privateers,scapegoat",53,false,"captain-kidd-quedagh-merchant,privateers-legal-raiders,treasure-maps-saved-life,great-fire-london-pudding-lane,privateers-profit-motive","exploration-and-navigation,storytelling-and-narrative",
captain-kidd-quedagh-merchant,pirates,Captain Kidd,"Captain Kidd Actually Buried Treasure, Helping Invent the Myth","Real pirates almost never buried treasure, but Captain Kidd is the famous exception. Before his arrest, he stashed a cache of gold, silver, and jewels on Gardiners Island off New York, apparently hoping to use it as a bargaining chip. Authorities dug it up and used it as evidence against him. That rare true story of buried pirate gold captured imaginations and helped inspire the enduring legend, later spread by novels, that pirates routinely hid treasure to be found.","Captain Kidd really did bury treasure before his arrest, a rare true case that helped create the buried-treasure myth.","captain-kidd,buried-treasure,gardiners-island",53,false,"captain-kidd-privateer,treasure-maps-navigation-intelligence,blackbeard-treasure-myth,atari-cartridge-shift,privateers-legal-raiders","storytelling-and-narrative,parental-care,hidden-underground,myth-vs-reality",
privateers-legal-raiders,pirates,Privateers,The US Government Can Still Legally License You to Rob Ships,"In wartime, governments turned robbery into a legitimate business with a document called a letter of marque. It authorized a privately owned, armed ship to attack and seize the enemy's merchant vessels, keeping the captured cargo as profit. From the victim's deck it looked exactly like piracy, but the paperwork made it legal. Remarkably, this power never fully disappeared: the United States Constitution still grants Congress the authority to issue letters of marque to this day.",A letter of marque let a private ship legally plunder enemy vessels and keep the loot — and the US Constitution still gives Congress the power to hand one out today.,"privateers,letters-of-marque,maritime-law",53,false,"privateers-profit-motive,captain-kidd-privateer,female-pirates-bonny-read,pirate-havens-safe-base,treasure-maps-navigation-intelligence","money-trade-and-value,energy-and-power,lost-and-rediscovered,storytelling-and-narrative",
privateers-profit-motive,pirates,Privateers,England's Greatest Hero Was Spain's Most Wanted Pirate,"One nation's pirate was another's knight. Sir Francis Drake raided Spanish ports and treasure ships across the 1500s, growing so feared that the Spanish nicknamed him El Draque, 'the Dragon,' and the king put a bounty on his head, viewing him as a brazen pirate. England saw it differently. Drake sailed with the Crown's blessing as a privateer, handed his queen a fortune in plundered Spanish gold, and was knighted aboard his own ship by Elizabeth I.","Spain branded Sir Francis Drake a pirate with a bounty on his head, while England knighted him for the same raids.","privateers,francis-drake,elizabeth-i",52,false,"privateers-legal-raiders,captain-kidd-privateer,buccaneers-targeted-spain,treasure-maps-navigation-intelligence,treasure-maps-saved-life",,
treasure-maps-saved-life,pirates,Treasure Maps,Only One Pirate Treasure Ship Has Ever Been Authenticated,"Despite centuries of treasure hunting, only one pirate ship laden with plunder has ever been fully verified. The Whydah, captained by 'Black Sam' Bellamy, sank in a violent storm off Cape Cod in 1717, taking its crew and loot to the bottom. In 1985, explorers found the wreck and recovered coins, weapons, and, crucially, the ship's bell engraved with the name 'Whydah'. That inscription made it the first, and so far only, pirate treasure shipwreck proven beyond doubt.","The Whydah, sunk in 1717, is the only pirate treasure ship ever fully authenticated, confirmed by its inscribed bell.","treasure-maps,whydah,sam-bellamy",53,false,"treasure-maps-navigation-intelligence,captain-kidd-privateer,female-pirates-bonny-read,blackbeard-treasure-myth,blackbeard-queen-annes-revenge","exploration-and-navigation,disaster-and-catastrophe,war-and-conflict",
treasure-maps-navigation-intelligence,pirates,Treasure Maps,A Novel Invented Almost Everything You Know About Pirates,"The classic pirate treasure map, with a dotted trail and a big X marking buried gold, is essentially fiction. Real pirates rarely buried loot; they spent it. The familiar image comes largely from one book, Robert Louis Stevenson's 1883 adventure Treasure Island. That single novel popularized or invented many beloved pirate cliches, including the X-marked map, treasure chests of gold, one-legged sailors, and pirates with parrots on their shoulders. Much of 'pirate culture' was dreamed up by a Victorian author.","The X-marked treasure map, peg legs, and shoulder parrots largely come from the 1883 novel Treasure Island, not real pirates.","treasure-maps,treasure-island,robert-louis-stevenson",52,false,"treasure-maps-saved-life,captain-kidd-quedagh-merchant,blackbeard-treasure-myth,captain-kidd-privateer,privateers-legal-raiders","storytelling-and-narrative,hidden-underground,invention-and-breakthrough",
female-pirates-bonny-read,pirates,Female Pirates,The Most Powerful Pirate in History Was a Woman,"Forget the Caribbean: the most powerful pirate who ever lived commanded the seas off China. In the early 1800s, a Cantonese woman known as Ching Shih took over a vast pirate confederation, eventually leading a fleet of hundreds of ships and tens of thousands of pirates, far larger than any Caribbean operation. She imposed a strict code, battled the Chinese navy to a standstill, and then did the near-impossible, negotiating a pardon and retiring wealthy and free.","Ching Shih commanded a Chinese pirate fleet of tens of thousands, the largest in history, then retired with a pardon.","female-pirates,ching-shih,south-china-sea",48,false,"treasure-maps-saved-life,blackbeard-treasure-myth,blackbeard-queen-annes-revenge,pirate-havens-safe-base,privateers-legal-raiders","record-extremes,money-trade-and-value,war-and-conflict",
pirate-havens-nassau,pirates,Pirate Havens,Nassau Was Briefly a Real 'Republic of Pirates',"For about a dozen years in the early 1700s, the Bahamian port of Nassau was effectively ruled by pirates rather than any government. Hundreds of outlaws, including Blackbeard and Benjamin Hornigold, used it as a lawless base to refit ships, sell plunder, and recruit crews, creating what historians call a short-lived 'Republic of Pirates.' It only ended in 1718 when a determined new governor, Woodes Rogers, arrived with the king's offer of pardon, and the threat of force.",Nassau was effectively a pirate-run 'Republic of Pirates' until a governor arrived with royal pardons in 1718.,"pirate-havens,nassau,republic-of-pirates",52,false,"pirate-havens-safe-base,blackbeard-treasure-myth,female-pirates-bonny-read,buccaneers-targeted-spain,captain-kidd-privateer",motion-and-force,
pirate-havens-safe-base,pirates,Pirate Havens,The 'Wickedest City on Earth' Sank Into the Sea,"Port Royal in Jamaica grew fabulously rich as a haven for pirates and privateers who spent their plunder in its taverns and markets, earning it the nickname 'the wickedest city on Earth.' Then, in 1692, a massive earthquake struck. Much of the city, built on loose sand, liquefied and slid beneath the waves in minutes, drowning thousands. Many survivors and onlookers saw the disaster as divine punishment for the pirate town's notorious sins. Its ruins still lie underwater today.","Port Royal, the pirate-rich 'wickedest city on Earth,' largely sank into the sea in a 1692 earthquake.","pirate-havens,port-royal,earthquake",52,false,"pirate-havens-nassau,female-pirates-bonny-read,treasure-maps-saved-life,pompeii-earthquake-before-eruption,earthquake-engineering-strong-joints","disaster-and-catastrophe,money-trade-and-value,deep-sea-and-abyss",
battlements-dropped-objects,castles-fortresses,Battlements,Pouring Boiling Oil From Castles Is Mostly a Myth,"The image of defenders dumping boiling oil on attackers is largely Hollywood invention. Oil was far too expensive to waste by the cauldron. Instead, defenders used overhanging stone galleries called machicolations, with holes in the floor, to drop what they actually had on hand: heavy rocks, scalding water, hot sand that crept into armor, and quicklime. These struck attackers crowded at the wall's base. The defense was brutal, but it relied on cheap, practical materials, not barrels of precious oil.","Castles dropped rocks, hot water, and sand through machicolations; 'boiling oil' is mostly a myth.","battlements,machicolations,siege-myths",53,false,"moats-obstacle-design,medieval-castles-defense-layers,japanese-castles-adapted-over-time,siege-towers-engineering-scale","war-and-conflict,money-trade-and-value,collective-behavior,myth-vs-reality",
japanese-castles-adapted-over-time,castles-fortresses,Japanese Castles,Some Castle Floors Were Built to Squeak on Purpose,"Some Japanese castles and palaces guarded against assassins with their own floors. Known as 'nightingale floors,' these corridors were specially constructed so that the floorboards chirped or squeaked with every footstep, no matter how lightly someone tried to tread. Anyone attempting to creep in unannounced, a spy or a would-be killer, would set off a chorus of telltale sounds. The building itself became an alarm system, turning the simple act of walking into an unavoidable announcement.","'Nightingale floors' in Japanese castles were built to squeak underfoot, betraying intruders and assassins.","japanese-castles,nightingale-floors,security",52,false,"moats-obstacle-design,siege-towers-engineering-scale,forced-perspective-focus-planning,medieval-castles-defense-layers,battlements-dropped-objects","architecture-and-structures,music-and-sound,war-and-conflict",
medieval-castles-defense-layers,castles-fortresses,Medieval Castles,A Legendary Crusader Castle Fell to a Forged Letter,"Krak des Chevaliers in Syria was one of the mightiest castles ever built, a crusader stronghold of concentric walls so formidable that armies broke against it for years. In 1271 it finally fell, but not to brute force. Tradition holds that the besieging sultan smuggled in a forged letter, supposedly from the defenders' own commander, ordering them to surrender. Believing the command, the garrison gave up a fortress that might never have been taken by storm. Deception succeeded where siege engines failed.","The great crusader castle Krak des Chevaliers reportedly surrendered in 1271 to a forged letter, not force.","medieval-castles,krak-des-chevaliers,sieges",52,false,"moats-obstacle-design,japanese-castles-adapted-over-time,battlements-dropped-objects,siege-towers-engineering-scale","war-and-conflict,motion-and-force",
siege-towers-engineering-scale,castles-fortresses,Siege Towers,A Failed Siege Tower Helped Build the Colossus of Rhodes,"In 305 BCE, attackers rolled a monstrous siege tower against the city of Rhodes. Called the Helepolis, or 'Taker of Cities,' it stood around nine stories tall, was plated in iron, bristled with catapults, and reportedly needed thousands of men to push. Yet Rhodes held out, and the attackers eventually withdrew, abandoning their siege equipment. The Rhodians sold off the leftover war machines and used the proceeds to build a giant statue of their sun god, the famous Colossus of Rhodes.",Rhodes survived the giant 'Helepolis' siege tower and sold the abandoned siege gear to fund the Colossus of Rhodes.,"siege-towers,helepolis,colossus-of-rhodes",53,false,"japanese-castles-adapted-over-time,moats-obstacle-design,medieval-castles-defense-layers,battlements-dropped-objects","war-and-conflict,storytelling-and-narrative,architecture-and-structures,machines-and-mechanisms",
moats-obstacle-design,castles-fortresses,Moats,Castle Moats Were Often Stinking Sewers,"Forget moats full of monsters; many were full of sewage. Castle waste, including the contents of toilets that drained from the walls, frequently emptied straight into the moat, along with kitchen scraps and rubbish. The result was less a romantic ring of clear water than a foul, stagnant ditch of filth. That stench was its own deterrent: few attackers relished wading through a moat of human waste, and the murky water hid just how deep or treacherous the bottom really was.","Many castle moats doubled as sewers, becoming foul, waste-filled ditches rather than clear water.","moats,sanitation,castle-defense",52,false,"medieval-castles-defense-layers,japanese-castles-adapted-over-time,castles-motte-bailey-fast,battlements-dropped-objects,siege-towers-engineering-scale",war-and-conflict,
chernobyl-unit-four-explosion,famous-disasters,Chernobyl,Wildlife Now Thrives in the Chernobyl Exclusion Zone,"Decades after the accident, the most surprising thing about the Chernobyl exclusion zone is how alive it is. With nearly all humans gone from the contaminated area, wildlife has reclaimed the abandoned towns and forests in remarkable numbers. Wolves, lynx, wild boar, elk, and rare Przewalski's horses now roam where families once lived. Scientists still debate the radiation's effects on the animals, but the broad lesson is striking: in this place, the absence of people has been better for nature than their presence.","With humans gone, the Chernobyl exclusion zone has become an unexpected haven for wolves, lynx, and wild horses.","chernobyl,exclusion-zone,wildlife",51,false,"chernobyl-sweden-detected-radiation,chernobyl-pripyat-evacuation,challenger-crew-report-uncertainty,great-fire-london-four-fifths,fukushima-mass-evacuation",numbers-and-mathematics,
chernobyl-pripyat-evacuation,famous-disasters,Chernobyl,Pripyat's New Ferris Wheel Never Officially Opened,"Pripyat, the city built for Chernobyl's workers, was evacuated about a day and a half after the explosion, its roughly 50,000 residents told to pack lightly and expect to return in a few days. They never did. One haunting detail captures the abandonment: a brand-new amusement park, complete with a bright yellow Ferris wheel, had been due to open just days later for a holiday. It never officially operated, and its rusting wheel now stands as a symbol of the ghost city.","Pripyat's amusement park Ferris wheel was days from opening when the city was abandoned, and never officially ran.","chernobyl,pripyat,abandonment",51,false,"chernobyl-sweden-detected-radiation,chernobyl-unit-four-explosion,great-chicago-fire-oleary-barn,great-fire-london-four-fifths,pompeii-preserved-city",machines-and-mechanisms,
chernobyl-sweden-detected-radiation,famous-disasters,Chernobyl,Workers in Sweden Discovered Chernobyl on Their Shoes,"The Soviet Union tried to keep the Chernobyl accident quiet, but radiation does not respect borders. Two days later, at a nuclear plant in Sweden over 1,000 kilometers away, workers set off radiation alarms, and at first staff feared a leak at their own reactor. Checking carefully, they found the contamination was on people's clothes and shoes, blown in on the wind from the east. Their alarmed questions helped force the Soviets to finally admit a disaster had occurred.",Sweden uncovered the hidden Chernobyl disaster when plant workers found windborne radiation on their own shoes.,"chernobyl,sweden,radiation",52,false,"chernobyl-unit-four-explosion,chernobyl-pripyat-evacuation,fukushima-hydrogen-explosions,smoke-detectors-1970s-change,fukushima-mass-evacuation","energy-and-power,plants-and-botany,disaster-and-catastrophe,motion-and-force",
fukushima-hydrogen-explosions,famous-disasters,Fukushima,One Engineer Defied His Bosses Over a Seawall — and Saved an Entire Town From Fukushima's Fate,"While Fukushima Daiichi melted down, another nuclear plant even closer to the earthquake, Onagawa, rode out the disaster safely. The key difference was foresight. Decades earlier, an engineer there had insisted, against pressure, on building the plant on higher ground with a taller seawall, around fourteen meters. When the tsunami struck, Onagawa's defenses held, the reactors shut down cleanly, and the plant was undamaged enough that local townspeople who had lost their homes actually sheltered inside it. One stubborn decision made all the difference.","Onagawa's plant sat even closer to the 2011 earthquake than Fukushima but survived unscathed and later sheltered homeless townspeople, because one engineer had insisted on building it higher decades earlier.","fukushima,onagawa,engineering",53,false,"fukushima-mass-evacuation,chernobyl-sweden-detected-radiation,krakatoa-loudest-sound,hindenburg-ended-airship-travel,socotra-twin-cyclones-2015","disaster-and-catastrophe,energy-and-power,plants-and-botany,lost-and-rediscovered",
fukushima-mass-evacuation,famous-disasters,Fukushima,Retirees Volunteered for Fukushima's Most Dangerous Work,"After the Fukushima meltdown, a group of hundreds of Japanese retirees volunteered to take on the most hazardous cleanup tasks themselves. Their reasoning was sobering and selfless: radiation often causes cancers that take decades to develop, so elderly workers would likely die of old age before any such illness appeared, while young workers might not. By stepping forward, the so-called Skilled Veterans Corps hoped to spare the next generation from the long-term risks. It was a quietly heroic response to a frightening situation.","Hundreds of Japanese retirees volunteered for Fukushima's riskiest cleanup, reasoning radiation's cancers come too slowly to affect them.","fukushima,skilled-veterans-corps,volunteers",52,false,"fukushima-hydrogen-explosions,krakatoa-loudest-sound,hindenburg-ended-airship-travel,socotra-twin-cyclones-2015,challenger-crew-report-uncertainty,hindenburg-mail-burned",disaster-and-catastrophe,
great-chicago-fire-oleary-barn,famous-disasters,Great Chicago Fire,Chicago Cleared Mrs. O'Leary's Cow After 126 Years,"Everyone knows the Great Chicago Fire of 1871 started when Mrs. O'Leary's cow kicked over a lantern, but the story was essentially made up. A newspaper reporter later admitted he had invented the colorful detail to spice up his coverage. The fire did begin near the O'Leary barn, but the real cause was never proven, and the family endured generations of blame for it. Finally, in 1997, the Chicago City Council formally passed a resolution officially exonerating Mrs. O'Leary and her cow.",The story of Mrs. O'Leary's cow starting the Chicago Fire was a reporter's invention; the city cleared her in 1997.,"great-chicago-fire,oleary-cow,myth",53,false,"great-chicago-fire-scale,krakatoa-global-sunsets,great-fire-london-pudding-lane,red-opposite-green,taste-buds-thousands-on-tongue","myth-vs-reality,color-and-light,survival-adaptation,invention-and-breakthrough",
great-chicago-fire-scale,famous-disasters,Great Chicago Fire,A Deadlier Fire Burned the Same Night and Was Forgotten,"On the very same night the Great Chicago Fire broke out, a far deadlier blaze was raging about 250 miles north. The Peshtigo Fire swept through the dry forests of Wisconsin and killed an estimated 1,200 or more people, possibly over 2,000, making it the deadliest wildfire in American history. Yet because it struck a remote rural area while flames consumed a major city the same evening, Peshtigo was overshadowed and largely forgotten, while Chicago's fire became world famous.","The Peshtigo wildfire, America's deadliest, burned the same night as the Chicago Fire but was overshadowed and forgotten.","great-chicago-fire,peshtigo-fire,wildfires",52,false,"great-chicago-fire-oleary-barn,great-fire-london-four-fifths,great-fire-london-pudding-lane,great-fire-london-old-foundations,krakatoa-tsunami-deaths",,
krakatoa-loudest-sound,famous-disasters,Krakatoa,Krakatoa's 'Child' Volcano Rose From the Sea — and It's Still Killing People Today,"Krakatoa's 1883 eruption was so violent it largely destroyed the island itself, leaving mostly empty sea where a volcano had stood. But the volcano was not finished. Decades later, in the 1920s, a new island began rising from the water in the same spot, built up by ongoing eruptions. Indonesians named it Anak Krakatau, meaning 'Child of Krakatoa.' The young volcano is still active and dangerous; in 2018 part of it collapsed into the sea, triggering a tsunami that killed hundreds.","Decades after Krakatoa destroyed itself, a new volcano rose from the same spot; in 2018 part of it collapsed into the sea and triggered a tsunami that killed hundreds.","krakatoa,anak-krakatau,volcano",51,false,"krakatoa-tsunami-deaths,krakatoa-global-sunsets,socotra-twin-cyclones-2015,sound-pressure-waves,fukushima-mass-evacuation,pompeii-preserved-city",disaster-and-catastrophe,
krakatoa-tsunami-deaths,famous-disasters,Krakatoa,Krakatoa's Tsunami Carried a Ship a Mile Inland,"Most of Krakatoa's victims were not killed by lava or ash but by water. The 1883 eruption triggered enormous tsunamis, with waves reaching around 120 feet, that slammed into the coasts of Java and Sumatra and killed roughly 36,000 people. The waves' power was almost beyond belief: a Dutch warship, the Berouw, was picked up and carried nearly a mile inland, coming to rest in a jungle valley well above sea level. The volcano's deadliest weapon turned out to be the sea.","Krakatoa's eruption sent ~120-foot tsunamis that killed about 36,000 people and carried a warship nearly a mile inland.","krakatoa,tsunami,indonesia",52,false,"krakatoa-loudest-sound,krakatoa-global-sunsets,challenger-breakup-forces,mangroves-storm-barriers,sound-pressure-waves","disaster-and-catastrophe,extreme-temperature,energy-and-power,war-and-conflict",
krakatoa-global-sunsets,famous-disasters,Krakatoa,One of the Most Famous Paintings in History May Really Just Be a Volcano's Weather Report,"When Krakatoa erupted in 1883, it hurled enormous amounts of ash and gas into the upper atmosphere. For months, skies around the world turned strange and vivid, glowing with intense reds and oranges at dusk. One famous theory links those eerie skies to art. A decade later, the painter Edvard Munch described a blood-red sky over Norway that inspired his masterpiece 'The Scream.' The unnatural colors he remembered may well have been the lingering afterglow of distant Krakatoa.",Krakatoa's 1883 ash turned skies blood-red across the planet for months — and the eerie sky Edvard Munch remembered over Norway may be the reason 'The Scream' looks the way it does.,"krakatoa,the-scream,edvard-munch",52,false,"krakatoa-loudest-sound,krakatoa-tsunami-deaths,hindenburg-ended-airship-travel,sound-pressure-waves,aurora-other-planets","stars-and-cosmos,human-body-quirks,color-and-light,disaster-and-catastrophe",
pompeii-preserved-city,famous-disasters,Pompeii,Pompeii's Plaster Casts Capture People's Exact Final Moments — Even a Dog Still Straining at Its Chain,"As Pompeii was buried, the volcanic ash hardened into a solid shell around everything it covered. Over the centuries, what was sealed inside broke down, leaving empty, perfectly shaped cavities in the rock. In the 1860s an archaeologist realized these hollows were natural molds, and poured liquid plaster into them. When it set, it produced astonishingly detailed casts, capturing exact poses, the folds of clothing, and even a household dog still straining at its chain. Emptiness had become a portrait of the city's last day.","Volcanic ash left perfect hollow molds of the dead; poured full of plaster, they capture exact poses and clothing folds from the city's last day.","pompeii,plaster-casts,archaeology",53,false,"pompeii-earthquake-before-eruption,pompeii-excavation-source,krakatoa-loudest-sound,volcanoes-not-just-lava,easter-island-moai-not-just-heads,shoelaces-areni-one","hidden-underground,disaster-and-catastrophe",
pompeii-excavation-source,famous-disasters,Pompeii,Pompeii's Walls Are Covered in Ancient Graffiti,"Pompeii preserved something rarely found in history books: the unfiltered voices of ordinary people. Its walls are covered in thousands of pieces of graffiti scratched and painted by everyday Romans, and they are wonderfully human. There are election ads, business notices, and prices, but also crude insults, boasts, declarations of love, complaints, and simple notes amounting to 'I was here.' Reading them feels startlingly modern. The buried city captured not just grand architecture, but the gossip and jokes of real residents.","Pompeii's walls preserve thousands of ordinary Romans' graffiti, from election ads to insults and lovers' notes.","pompeii,graffiti,roman-life",52,false,"pompeii-preserved-city,pompeii-earthquake-before-eruption,great-fire-london-pudding-lane,volcanoes-not-just-lava,great-molasses-flood-tank","music-and-sound,hidden-underground,money-trade-and-value,storytelling-and-narrative",
great-fire-london-pudding-lane,famous-disasters,Great Fire of London,A Man Confessed to the Great Fire — He Wasn't Even in London,"London needed someone to blame for the Great Fire, and it found a tragic scapegoat. A troubled French watchmaker named Robert Hubert bizarrely confessed to deliberately starting the blaze, and despite serious doubts about his story, he was convicted. It later became clear his confession was false: evidence showed his ship had not even reached London until after the fire had already begun. The blaze had actually started by accident in a Pudding Lane bakery.","A troubled watchmaker confessed to starting the Great Fire, though his ship hadn't yet reached the city.","great-fire-of-london,robert-hubert,scapegoat",47,false,"great-fire-london-four-fifths,great-fire-london-old-foundations,pompeii-excavation-source,captain-kidd-privateer,great-chicago-fire-oleary-barn","accidental-discovery,storytelling-and-narrative",
great-fire-london-four-fifths,famous-disasters,Great Fire of London,The Great Fire of London Officially Killed Only Six People,"The Great Fire of 1666 devoured around 13,000 houses and most of medieval London, yet the official death toll was famously tiny: just six recorded deaths. Historians suspect the true number was higher, since the poor and uncounted may have perished unnoticed, and the intense heat could have cremated remains entirely. Still, for a disaster that leveled a great city, remarkably few confirmed deaths were recorded. The fire destroyed an astonishing amount of property while, on paper, taking very few lives.","The Great Fire of London leveled most of the city, yet its official recorded death toll was only about six people.","great-fire-of-london,death-toll,1666",53,false,"great-fire-london-old-foundations,great-fire-london-pudding-lane,challenger-crew-report-uncertainty,socotra-twin-cyclones-2015,krakatoa-loudest-sound,chernobyl-unit-four-explosion","disaster-and-catastrophe,numbers-and-mathematics",
great-fire-london-old-foundations,famous-disasters,Great Fire of London,Londoners Dynamited Their Own City to Stop the Great Fire — and It May Have Wiped Out the Plague Too,"To fight the unstoppable Great Fire, Londoners turned to demolition, tearing down and even blowing up rows of houses with gunpowder to create firebreaks the flames could not cross. The destruction was deliberate, sacrificing buildings to starve the fire of fuel. The disaster had one debated silver lining: many believed it helped end the Great Plague that had ravaged London the year before, by destroying the cramped, rat-infested slums where the disease had spread, though historians still argue over how much it really helped.","Desperate Londoners blew up rows of houses with gunpowder to starve the flames of fuel, and some believe the fire's destruction of slums helped end the plague that had ravaged the city the year before.","great-fire-of-london,firebreaks,plague",52,false,"great-fire-london-four-fifths,great-fire-london-pudding-lane,socotra-twin-cyclones-2015,silk-road-black-death,hindenburg-ended-airship-travel","self-sacrifice,energy-and-power,medicine-and-cures,disaster-and-catastrophe",
challenger-crew-report-uncertainty,famous-disasters,Challenger Disaster,"Challenger Carried a Teacher, So Classrooms Watched It Live","The Challenger crew included Christa McAuliffe, a high school teacher chosen from thousands of applicants to become the first ordinary teacher in space. Because of her, the launch was broadcast into classrooms across the country, and huge numbers of schoolchildren were watching live when the shuttle broke apart 73 seconds after liftoff. The presence of a beloved teacher turned a spaceflight into a shared national moment, which made the tragedy strike a generation of young viewers especially hard.","Challenger carried teacher Christa McAuliffe, so schoolchildren nationwide were watching the launch live.","challenger-disaster,christa-mcauliffe,teacher-in-space",53,false,"challenger-breakup-forces,great-fire-london-four-fifths,chernobyl-unit-four-explosion,hindenburg-ended-airship-travel,fukushima-mass-evacuation","disaster-and-catastrophe,numbers-and-mathematics",
challenger-breakup-forces,famous-disasters,Challenger Disaster,A Glass of Ice Water Explained the Challenger Disaster,"The 1986 Challenger disaster traced back to a small rubber seal called an O-ring. On the freezing launch morning, the cold made it stiff, so it failed to seal hot gases inside a booster. Engineers had warned the night before that the cold was dangerous and urged a delay, but they were overruled. Later, physicist Richard Feynman cut through the technical fog on live television by dropping a piece of O-ring into a glass of ice water to show how it hardened.","Challenger was doomed by a cold-stiffened O-ring, which Feynman famously demonstrated using a glass of ice water.","challenger-disaster,o-ring,richard-feynman",53,false,"challenger-crew-report-uncertainty,krakatoa-tsunami-deaths,hindenburg-ended-airship-travel,krakatoa-loudest-sound,socotra-twin-cyclones-2015","extreme-temperature,disaster-and-catastrophe",
great-molasses-flood-tank,famous-disasters,Great Molasses Flood,A Wave of Molasses Raced Through Boston at 35 MPH,"It sounds almost comical, but the 1919 Boston molasses disaster was terrifyingly violent. When a giant storage tank burst, it unleashed a wave of molasses estimated at up to 25 feet high that surged through the streets at around 35 miles per hour, far faster than anyone could run. The thick, heavy flood smashed buildings off their foundations, buckled the steel supports of an elevated railway, and trapped victims in a sticky, suffocating tide. It killed 21 people and injured around 150.","Boston's 1919 molasses flood sent a ~25-foot wave surging at about 35 mph, killing 21 and injuring 150.","great-molasses-flood,boston,disaster",52,false,"great-molasses-flood-winter-day,pompeii-earthquake-before-eruption,krakatoa-loudest-sound,titanic-four-compartments,titanic-lifeboat-capacity-gap","architecture-and-structures,gravity-and-orbits,disaster-and-catastrophe,music-and-sound",
great-molasses-flood-winter-day,famous-disasters,Great Molasses Flood,The Company Blamed Terrorists for the Boston Molasses Flood — It Was Their Own Leaky Tank,"After the molasses flood, the company blamed anarchist saboteurs, but a long court case revealed a more ordinary villain: shoddy engineering. The huge tank had been rushed into use without proper testing, was too thin for its load, and had leaked so persistently that the company simply painted it brown to disguise the dribbling molasses. The landmark case held the company responsible and is often credited with strengthening rules requiring qualified engineers to certify major structures, a lasting shift in public safety.","Boston's molasses tank leaked so badly the company just painted it brown to hide it, until a court exposed the shoddy engineering behind the deadly flood.","great-molasses-flood,engineering,safety",52,false,"great-molasses-flood-tank,pompeii-earthquake-before-eruption,pompeii-excavation-source,fukushima-hydrogen-explosions,hindenburg-thirty-four-seconds","camouflage-and-mimicry,architecture-and-structures",
hindenburg-thirty-four-seconds,famous-disasters,Hindenburg,The Hydrogen-Filled Hindenburg Had a Smoking Room,"In a decision that seems almost unbelievable, the Hindenburg, an airship buoyed by enormous amounts of highly flammable hydrogen, contained a dedicated smoking room for passengers. To make it as safe as possible, the room was sealed and kept at higher air pressure to keep hydrogen out, fitted with a single electric lighter, and watched by a steward; no open flames or personal lighters were allowed. Passengers could relax with a cigarette aloft, separated from a sky's worth of explosive gas by careful engineering.","The hydrogen-filled Hindenburg featured a sealed, pressurized smoking room with a single electric lighter for passengers.","hindenburg,smoking-room,airship",50,false,"hindenburg-mail-burned,hindenburg-ended-airship-travel,fukushima-hydrogen-explosions,chernobyl-sweden-detected-radiation,krakatoa-tsunami-deaths","energy-and-power,psychology-and-behavior",
hindenburg-ended-airship-travel,famous-disasters,Hindenburg,Most People Aboard the Hindenburg Actually Survived,"The Hindenburg fireball is one of history's most horrifying pieces of footage, so it surprises many people that most of those aboard lived. Of the 97 passengers and crew, 62 survived the inferno, many by leaping from the low, slowly falling airship as it settled toward the ground. The disaster also produced a legendary broadcast: radio reporter Herbert Morrison, watching in anguish, cried out 'Oh, the humanity!', a phrase that has echoed through media ever since.","Despite the famous fireball, 62 of the 97 people aboard the Hindenburg survived, and 'Oh, the humanity!' became iconic.","hindenburg,survivors,herbert-morrison",52,false,"hindenburg-mail-burned,hindenburg-thirty-four-seconds,socotra-twin-cyclones-2015,fukushima-mass-evacuation,krakatoa-loudest-sound,challenger-crew-report-uncertainty",disaster-and-catastrophe,
hindenburg-mail-burned,famous-disasters,Hindenburg,The Hindenburg Burned Because the US Withheld Helium,"The Hindenburg was designed to float on helium, a gas that does not burn, which would have made it far safer. But helium was scarce and the United States controlled almost the entire world supply. Wary of Nazi Germany, the US refused to export helium to it. With no other option, German engineers filled the giant airship with hydrogen instead, a gas that is highly flammable. The disaster's deadly fire was made possible by a geopolitical decision about who could buy a gas.",The Hindenburg used flammable hydrogen instead of safe helium because the US barred helium exports to Nazi Germany.,"hindenburg,helium,hydrogen",52,false,"hindenburg-thirty-four-seconds,hindenburg-ended-airship-travel,socotra-twin-cyclones-2015,fukushima-mass-evacuation,krakatoa-loudest-sound","disaster-and-catastrophe,psychology-and-behavior",
pearl-divers-broome-world-capital,strange-jobs,Pearl Divers,A Pearling Town's Cemetery Holds Hundreds of Divers,"The Australian pearling town of Broome made fortunes, but at a terrible human cost recorded in its graveyards. Its Japanese cemetery alone holds the graves of around 900 divers, many of whom died young from decompression sickness, 'the bends,' after surfacing too quickly from the deep. Add drownings, shark attacks, and cyclones, and pearl diving became one of the deadliest jobs of its era. The beautiful shell that became buttons and jewelry was paid for in divers' lives.","Broome's pearling was so deadly that its Japanese cemetery holds around 900 divers, many killed by the bends.","pearl-divers,broome,decompression-sickness",53,false,"falconers-master-apprentice,food-tasters-ice-cream-texture,snake-milkers-face-shields,snake-milkers-research-venom,odor-judges-trained-panel",deep-sea-and-abyss,
snake-milkers-venom-collection,strange-jobs,Snake Milkers,Antivenom Is Basically Purified Horse Blood,"The venom that snake milkers collect becomes lifesaving medicine through an unexpected animal: the horse. To make antivenom, scientists inject small, non-lethal amounts of the milked venom into horses, sheep, or goats. The animal's immune system responds by producing antibodies against the toxins, and those antibodies are then harvested from its blood and purified into antivenom. So the treatment that saves a snakebite victim is, at heart, refined blood plasma from a horse trained to fight the very venom that was collected.","Antivenom is made by injecting milked venom into horses, then harvesting and purifying the antibodies from their blood.","snake-milkers,antivenom,horses",51,false,"snake-milkers-research-venom,snake-milkers-face-shields,foley-artists-junk-stages,professional-sleepers-head-down,odor-judges-trained-panel","human-body-quirks,medicine-and-cures",
snake-milkers-face-shields,strange-jobs,Snake Milkers,Snake Venom Can Be Worth More Than Gold,"A snake milker collects one of the most expensive liquids on the planet. Because venom must be extracted drop by drop from individual snakes, and a single snake yields only a tiny amount, it commands astonishing prices, with some snake venoms selling for thousands of dollars per gram, far more than gold. The venom is precious because it is essential for making antivenom and for medical research. The job is dangerous, but the substance it produces is worth a small fortune.","Collected snake venom can sell for thousands of dollars per gram, making it worth more than gold.","snake-milkers,venom,value",53,false,"snake-milkers-venom-collection,snake-milkers-research-venom,food-tasters-ice-cream-texture,professional-sleepers-head-down,odor-judges-trained-panel","money-trade-and-value,stars-and-cosmos",
snake-milkers-research-venom,strange-jobs,Snake Milkers,One Snake Milker Survived 170 Bites and Lived to 100,"The most famous snake milker, Bill Haast, treated venom almost like a vaccine for himself. Over roughly six decades he deliberately injected himself with snake venom in tiny, increasing doses to build immunity, and survived an estimated 170-plus venomous bites that would have killed most people. His blood became so rich in antibodies that he donated it to help treat snakebite victims around the world. Remarkably, all that self-experimentation did not shorten his life: Haast lived to 100.","Snake milker Bill Haast self-injected venom for decades, survived over 170 bites, and lived to age 100.","snake-milkers,bill-haast,immunity",52,false,"snake-milkers-venom-collection,snake-milkers-face-shields,professional-sleepers-head-down,foley-artists-junk-stages,pearl-divers-broome-world-capital","medicine-and-cures,human-body-quirks",
foley-artists-live-sounds,strange-jobs,Foley Artists,Almost Every Sound in a Movie Is Faked Later,"It feels like the sounds in a film were captured as the scene was filmed, but they usually were not. On set, microphones focus on the actors' dialogue, often missing or muddying everything else. So nearly all the other sounds you hear, the footsteps, the clinking glasses, the rustle of a coat, the creak of a door, are performed and recorded afterward by Foley artists in a studio. An entire layer of a movie's reality is quietly rebuilt, sound by sound, after the cameras stop.","Most everyday sounds in a film, from footsteps to rustling clothes, are performed and recorded later by Foley artists.","foley-artists,post-production,film-sound",52,false,"foley-artists-junk-stages,lighthouse-keepers-aids-navigation,food-tasters-five-senses,odor-judges-symptom-timing,pearl-divers-broome-world-capital","storytelling-and-narrative,deception-and-hoax,lost-and-rediscovered,music-and-sound",
foley-artists-junk-stages,strange-jobs,Foley Artists,Foley Artists Snap Celery to Fake Breaking Bones,"Much of a movie's most convincing violence and weather is faked with groceries and odd props. To create the sickening crack of a breaking bone, a Foley artist might simply snap a stalk of celery or a head of cabbage. The crunch of footsteps in fresh snow is often cornstarch squeezed inside a leather pouch, and flapping gloves can become beating wings. The most realistic sounds in a film frequently come from the least glamorous objects on the Foley stage.","Foley artists fake sounds with everyday items, like snapping celery for breaking bones and squeezing cornstarch for snow.","foley-artists,sound-effects,props",52,false,"foley-artists-live-sounds,snake-milkers-venom-collection,snake-milkers-research-venom,radio-sound-effects-art,falconers-master-apprentice","storytelling-and-narrative,deception-and-hoax,human-body-quirks,flight-and-aviation",
odor-judges-trained-panel,strange-jobs,Odor Judges,Companies Pay People to Sniff Armpits All Day,"It is a real and steady job: professional armpit sniffers. Companies that make deodorants and antiperspirants employ trained 'odor judges' to smell volunteers' underarms and rate how strong the smell is, before and after using a product. A single judge may sniff thousands of armpits over a year. Machines still cannot match the human nose for this kind of judgment, so testing whether a deodorant actually works comes down to dedicated people leaning in and taking a deep breath.",Deodorant makers employ trained 'odor judges' who sniff thousands of armpits a year to test their products.,"odor-judges,deodorant,sensory-testing",52,false,"odor-judges-symptom-timing,professional-sleepers-head-down,falconers-master-apprentice,snake-milkers-face-shields,food-tasters-ice-cream-texture",perception-and-brain,
odor-judges-symptom-timing,strange-jobs,Odor Judges,NASA Smells Everything Before It Flies to Space,"NASA employs a 'master sniffer' whose job is to smell objects before they are allowed aboard a spacecraft. The reason is practical. In a sealed capsule or station, astronauts can't open a window, so any foul or overpowering odor from a gadget, fabric, or tool becomes an inescapable problem. For decades, a chief sniffer at NASA has personally smell-tested thousands of items, from cameras to toys, rejecting anything too strong. In space, a bad smell is not a minor annoyance; it is a mission concern.","NASA has a 'master sniffer' who smell-tests every object before spaceflight, since bad odors are inescapable in a capsule.","odor-judges,nasa,master-sniffer",53,false,"odor-judges-trained-panel,professional-sleepers-head-down,food-tasters-five-senses,falconers-master-apprentice,foley-artists-junk-stages",,
professional-sleepers-head-down,strange-jobs,Professional Sleepers,NASA Pays People to Lie in Bed for 70 Days,"NASA really will pay you to stay in bed, but it is far from restful. In its bed-rest studies, volunteers spend up to 70 days lying with their bodies tilted slightly head-downward. They have to do everything — eating, showering, even using the toilet — without ever standing up. The head-down tilt shifts fluids and unloads the muscles and bones in ways that mimic weightlessness. Participants are paid thousands of dollars to let scientists study what space does to the human body, from a bed.","NASA pays bed-rest volunteers to lie head-down for up to 70 days without standing, to mimic weightlessness.","professional-sleepers,nasa,bed-rest",53,false,"odor-judges-symptom-timing,food-tasters-ice-cream-texture,velcro-hook-and-loop,lighthouse-keepers-aids-navigation,food-tasters-five-senses","human-body-quirks,camouflage-and-mimicry,gravity-and-orbits,food-and-cuisine",
food-tasters-five-senses,strange-jobs,Food Tasters,The Original Food Taster's Job Was to Risk Poisoning,"Long before tasting was about quality, it was about survival, for the boss. The earliest food tasters were servants who sampled a ruler's food and drink first, to make sure it had not been poisoned. From Roman emperors onward, powerful figures kept tasters whose grim duty was to fall ill, or die, in their master's place. Astonishingly, the role never fully disappeared; some modern heads of state are still reported to have food tasters. It may be one of history's oldest and riskiest jobs.","The original food taster sampled a ruler's meal to check for poison, a dangerous role used since Roman times.","food-tasters,poison,history",51,false,"food-tasters-ice-cream-texture,lighthouse-keepers-aids-navigation,foley-artists-live-sounds,skull-crossbones-jolly-roger,skull-crossbones-poison","food-and-cuisine,record-extremes,lost-and-rediscovered",
food-tasters-ice-cream-texture,strange-jobs,Food Tasters,Ice Cream Tasters Use a Gold Spoon and Insured Taste Buds,"Professional ice cream tasters take their tools seriously. Many use a gold spoon, because gold imparts no taste of its own and does not hold cold the way metal spoons do, keeping each sample pure. The job demands an extraordinary palate to catch subtle texture flaws like grittiness or excess air across dozens of samples a day. One famous taster valued his sense of taste so highly that he reportedly had his taste buds insured for around a million dollars.","Ice cream tasters use a flavorless gold spoon, and one famous taster insured his taste buds for about $1 million.","food-tasters,ice-cream,gold-spoon",53,false,"food-tasters-five-senses,lighthouse-keepers-aids-navigation,professional-sleepers-head-down,tea-tasters-every-lot,snake-milkers-face-shields","food-and-cuisine,materials-and-chemistry",
lighthouse-keepers-aids-navigation,strange-jobs,Lighthouse Keepers,Three Lighthouse Keepers Vanished Without a Trace,"Lighthouse keeping could be eerily isolating, and one case became a lasting mystery. In December 1900, a passing ship noticed the light on Scotland's remote Flannan Isles had gone dark. When a relief boat reached the lighthouse, all three keepers were gone. The lamp was ready, a meal sat unfinished, and the door was shut, but the men had simply vanished, never to be found. More than a century later, no one knows for certain what happened to the keepers of Flannan.","In 1900, all three keepers of Scotland's remote Flannan Isles lighthouse vanished without a trace, never explained.","lighthouse-keepers,flannan-isles,mystery",52,false,"food-tasters-five-senses,food-tasters-ice-cream-texture,detective-fiction-hard-boiled,blockchain-public-private-keys,foley-artists-live-sounds","lost-and-rediscovered,food-and-cuisine",
tea-tasters-every-lot,strange-jobs,Tea Tasters,The US Had Official Tea Tasters for 99 Years,"For nearly a century, the United States government paid experts to drink tea on its behalf. Under a law passed in 1897, federal tea tasters inspected imported tea, brewing and sampling it to block shipments deemed impure or low quality from reaching American cups. The office endured for 99 years, until Congress finally shut it down with the Federal Tea Tasters Repeal Act of 1996, a law whose almost comical name marked the end of one of the strangest jobs in the federal government.","The US employed official federal tea tasters for 99 years, ending with the Federal Tea Tasters Repeal Act of 1996.","tea-tasters,federal-job,repeal-act",52,false,"food-tasters-five-senses,food-tasters-ice-cream-texture,pearl-divers-broome-world-capital,odor-judges-trained-panel,lighthouse-keepers-aids-navigation","coffee-and-tea,survival-adaptation",
falconers-master-apprentice,strange-jobs,Falconers,Airports Use Trained Killer Birds to Stop Deadly Plane Crashes,"Falconry is not just a relic; trained birds of prey hold modern jobs. Airports employ falconers to fly hawks and falcons near runways, scaring off flocks of birds that could be sucked into jet engines and cause deadly crashes. At the Wimbledon tennis championships, a Harris hawk patrols the grounds to keep pigeons from disrupting matches. Vineyards and landfills hire them too. An ancient partnership between human and raptor has found surprising new work in the modern world.",Falconers fly hawks near runways to scare off flocks that could get sucked into jet engines and bring down a plane.,"falconers,airports,wimbledon",52,false,"foley-artists-junk-stages,odor-judges-trained-panel,odor-judges-symptom-timing,pearl-divers-broome-world-capital,food-tasters-five-senses","flight-and-aviation,collective-behavior,disaster-and-catastrophe,symbiosis-and-cooperation",
buttons-shell-to-plastic,everyday-objects,Buttons,Men's and Women's Buttons Are on Opposite Sides,"Look closely and you will find a hidden rule in clothing: men's shirts button on the right, women's on the left. The split has lasted for centuries, and the most popular explanation is about wealth. Well-off women were typically dressed by servants, so buttons were placed to be convenient for the person facing them and doing the buttoning. Men generally dressed themselves, so theirs favored the right hand. Long after the servants vanished, the centuries-old convention quietly stuck.","Men's shirts button on the right and women's on the left, likely because wealthy women were once dressed by servants.","buttons,clothing,convention",53,false,"pencils-borrowdale-discovery,paper-clips-first-patent,paper-clips-norway-symbol,keys-ancient-pin-tumbler,forks-replaced-table-knives","money-trade-and-value,lost-and-rediscovered",
forks-single-point,everyday-objects,Forks,The Fork Was Once Condemned as Sinful,"Today the fork is utterly ordinary, but when it first reached Europe it caused outrage. Around the 11th century, churchmen denounced the new utensil as decadent and even sinful, an insult to God, who had given people perfectly good fingers to eat with. When a Byzantine noblewoman used a fork in Venice, a horrified clergyman suggested her later illness was divine punishment. Mocked and resisted as effete, the fork took roughly 600 years to become a normal part of the European table.","When forks reached Europe, clergy condemned them as sinful and decadent, and they took centuries to be accepted.","fork,dining-history",51,false,"forks-replaced-table-knives,pencils-hardness-grades,mirrors-venice-glass,toothbrushes-hog-bristles,umbrellas-europe-return",food-and-cuisine,
forks-replaced-table-knives,everyday-objects,Forks,Dinner Knives Are Round-Tipped Because of a Cardinal,"Ever notice that table knives have blunt, rounded ends? Older table knives were sharply pointed, doubling as tools to spear food and pick teeth, and occasionally as weapons. As the popular story goes, in 1630s France the powerful Cardinal Richelieu was so disgusted by guests using knife points to clean their teeth that he ordered the points of his dinner knives ground down. The rounded blade caught on, helped along by the rising fork, which made a sharp tip at dinner unnecessary.",Table knives have rounded tips reputedly because Cardinal Richelieu had their points filed off to stop guests picking their teeth.,"fork,knives,richelieu",52,false,"forks-single-point,paper-clips-norway-symbol,toothbrushes-hog-bristles,mirrors-venice-glass,keys-serrated-flat-key","human-body-quirks,storytelling-and-narrative,war-and-conflict,food-and-cuisine",
mirrors-venice-glass,everyday-objects,Mirrors,Venice's Mirror Makers Were Forbidden to Leave,"In the 1500s, Venice's glassmakers held the world's most coveted secret: how to make brilliant flat glass mirrors. The city guarded it ferociously. Mirror artisans were confined to the island of Murano and forbidden to leave on pain of death, with their families held as hostages to ensure loyalty. When France's king lured several away to build the dazzling Hall of Mirrors at Versailles, Venice is said to have sent agents to poison the defectors. A reflection was once worth killing for.","Venice forbade its mirror makers to leave on pain of death, and reputedly sent assassins after those who fled to France.","mirror,venice,murano",52,false,"mirrors-telescope-front-coating,forks-single-point,forks-replaced-table-knives,zippers-slide-fastener,pencils-borrowdale-discovery",,
mirrors-telescope-front-coating,everyday-objects,Mirrors,Almost No Animals Recognize Themselves in a Mirror,"Most animals, shown a mirror, treat the reflection as another creature to greet or attack. Recognizing the image as oneself turns out to be rare. In the classic 'mirror test,' scientists mark an animal and see if it uses a mirror to investigate the mark on its own body. Only a select few have clearly passed: great apes, dolphins, elephants, magpies, and even a small cleaner fish. The ability we take for granted every morning is one almost no other species shares.","Very few animals pass the 'mirror test' of self-recognition, only apes, dolphins, elephants, magpies, and one fish.","mirror,mirror-test,animals",53,false,"mirrors-venice-glass,keys-serrated-flat-key,toothbrushes-hog-bristles,salar-de-uyuni-largest-salt-flat,keys-ancient-pin-tumbler",,
pencils-borrowdale-discovery,everyday-objects,Pencils,England Guarded Its Pencil Graphite Like Treasure,"The pencil was born from a single, extraordinary deposit of pure graphite discovered around 1564 in Borrowdale, England, the only known source that clean in the world. It was so valuable that it was treated like a national treasure. Armed guards watched the mine, which was kept flooded much of the year to deter thieves, and stealing the graphite became a serious crime. Smugglers and a black market thrived anyway. A humble writing material was once protected like gold.",Borrowdale's uniquely pure pencil graphite was so valuable England guarded the flooded mine and outlawed stealing it.,"pencils,borrowdale,graphite",52,false,"pencils-hardness-grades,buttons-shell-to-plastic,paper-clips-first-patent,umbrellas-europe-return,mirrors-venice-glass",money-trade-and-value,
pencils-hardness-grades,everyday-objects,Pencils,A Single Pencil Can Draw a Line 35 Miles Long,"An ordinary pencil holds a genuinely surprising amount of writing packed inside it. Before it runs out, one pencil can draw a single unbroken line roughly 35 miles long — or, if you'd rather write than draw, it's good for around 45,000 words instead. All of that is packed into a stick of wood and graphite barely bigger than your finger. The next time you sharpen a pencil down to a stub, remember: you just used up a genuinely absurd amount of drawing potential.",One ordinary pencil can draw an unbroken line 35 miles long before it runs out.,"pencils,thoreau,pencil-grades",52,false,"pencils-borrowdale-discovery,forks-single-point,paper-clips-first-patent,keys-ancient-pin-tumbler,umbrellas-europe-return",counterintuitive-scale,
umbrellas-europe-return,everyday-objects,Umbrellas,A Man Was Mocked for 30 Years for Using an Umbrella,"Carrying an umbrella in the rain was once social ruin. In 1750s London, a traveler named Jonas Hanway began using one to stay dry and was ridiculed for it for some 30 years. Umbrellas were thought of as feminine, foreign, and faintly absurd, and coach drivers, whose business depended on rainy days, jeered at him for stealing their fares. Hanway stubbornly kept at it, and only later did the practical umbrella finally catch on with English gentlemen.",Jonas Hanway was mocked for about 30 years for carrying an umbrella in rainy 1750s London before the habit caught on.,"umbrellas,jonas-hanway,london",48,false,"pencils-borrowdale-discovery,forks-single-point,keys-yale-modern-lock,paper-clips-first-patent,forks-replaced-table-knives",psychology-and-behavior,
zippers-slide-fastener,everyday-objects,Zippers,One Company Makes About Half the World's Zippers,"Check the pull-tab on your jeans or jacket and you will likely see three letters: YKK. They stand for a Japanese company, Yoshida Kogyo Kabushikikaisha, that quietly dominates the zipper world, manufacturing roughly half of all the zippers on Earth, billions every year. The firm is so committed to quality that it makes much of its own machinery and even smelts its own brass. The humble fastener on countless garments worldwide tends to come from one obsessive maker most people have never heard of.",The 'YKK' stamped on most zippers is a Japanese company that makes about half the world's zippers.,"zippers,ykk,manufacturing",52,false,"paper-clips-norway-symbol,mirrors-venice-glass,pencils-borrowdale-discovery,paper-clips-first-patent,buttons-shell-to-plastic",,
toothbrushes-hog-bristles,everyday-objects,Toothbrushes,Toothbrushes Used Hog Hair Until 1938,"For centuries, the bristles in a toothbrush came from an animal: usually the coarse hairs from the back of a hog's neck, fixed into handles of bone or bamboo. These bristles were far from ideal. They were rough, fell out easily, took ages to dry, and harbored bacteria. That only changed in 1938, when the DuPont company introduced bristles made of its new synthetic fiber, nylon. Springy, durable, and quick-drying, nylon transformed the toothbrush into the smooth, hygienic object we use today.",Toothbrushes used coarse hog-neck bristles until DuPont's nylon replaced them in 1938.,"toothbrushes,hog-bristles,nylon",52,false,"forks-replaced-table-knives,forks-single-point,keys-ancient-pin-tumbler,mirrors-telescope-front-coating,zippers-slide-fastener","human-body-quirks,transformation-metamorphosis",
shoelaces-ancient-shoes,everyday-objects,Shoelaces,Scientists Studied Why Shoelaces Come Untied,"It is one of life's small mysteries: why do shoelaces suddenly come undone on their own? In 2017, engineers actually studied it with high-speed cameras and a treadmill. They found that an untied knot is not random. The repeated impact of each footstep loosens the knot, while the whipping motion of the swinging leg yanks on the free ends, and together those forces work the bow loose surprisingly fast. A familiar everyday annoyance turned out to involve real, measurable physics.",A 2017 study found shoelaces come untied because the foot's impact loosens the knot while the leg's swing yanks the ends.,"shoelaces,science,knots",51,false,"shoelaces-areni-one,keys-ancient-pin-tumbler,forks-replaced-table-knives,internal-combustion-engines-hot-gas-work,paper-clips-norway-symbol",motion-and-force,
shoelaces-areni-one,everyday-objects,Shoelaces,"A Laced Shoe Survived 5,500 Years in a Cave","Tucked in an Armenian cave, a leather shoe roughly 5,500 years old was uncovered — older than the Egyptian pyramids and Stonehenge. Known as the Areni-1 shoe, it was cut from a single piece of cowhide and, remarkably, fitted with a leather cord lacing running along the front and back. It had even been stuffed with grass, perhaps for warmth or to keep its shape. Preserved by the cave's cool, dry conditions and a layer of sheep dung, the shoe looks startlingly modern.","The 5,500-year-old Areni-1 shoe, older than the pyramids, was laced with a leather cord and stuffed with grass.","shoelaces,areni-1,archaeology",52,false,"shoelaces-ancient-shoes,keys-ancient-pin-tumbler,forks-replaced-table-knives,easter-island-moai-not-just-heads,pompeii-preserved-city,antikythera-ancient-computer","hidden-underground,ancient-engineering",
paper-clips-first-patent,everyday-objects,Paper Clips,A Man Traded One Red Paperclip Up to a House,"In 2005, a Canadian named Kyle MacDonald started with a single red paperclip and a bold idea: to trade his way up to a house, one swap at a time. Through a series of online barters, the paperclip became a pen, then a doorknob, then a camp stove, and onward through bigger and bigger trades. About 14 trades later, roughly a year on, he reached his goal and traded for an actual house. It remains a famous reminder of how far a humble office clip can go.","Starting with one red paperclip, Kyle MacDonald made a series of online trades and ended up with a house.","paper-clips,one-red-paperclip,trading",52,false,"paper-clips-norway-symbol,pencils-borrowdale-discovery,buttons-shell-to-plastic,keys-ancient-pin-tumbler,pencils-hardness-grades","internet-and-virality,money-trade-and-value",
paper-clips-norway-symbol,everyday-objects,Paper Clips,Norwegians Wore Paper Clips to Defy the Nazis,"During World War II, the humble paper clip became a quiet badge of defiance in occupied Norway. After the Nazis banned patriotic pins and buttons, Norwegians began wearing paper clips on their lapels instead. The symbolism was simple and powerful: a clip binds things together, just as the people meant to stay united against the occupiers. The gesture was partly inspired by a Norwegian once credited with the clip's invention. Today a giant paper-clip monument stands in Norway in honor of the story.",Occupied Norwegians wore paper clips as a symbol of unity and resistance after the Nazis banned patriotic pins.,"paper-clips,norway,resistance",53,false,"paper-clips-first-patent,forks-replaced-table-knives,keys-ancient-pin-tumbler,buttons-shell-to-plastic,zippers-slide-fastener","invention-and-breakthrough,storytelling-and-narrative,war-and-conflict,architecture-and-structures",
keys-yale-modern-lock,everyday-objects,Keys,An 'Unpickable' Lock Was Picked at an 1851 Fair,"Victorian lockmakers loved to boast that their products were unpickable, and one British firm offered a standing reward to anyone who could crack its famous Bramah lock. For decades the challenge stood. Then, at London's Great Exhibition of 1851, an American locksmith named Alfred Hobbs took it on and, over many painstaking hours spread across days, picked it open, shocking the public. His feat exposed an uncomfortable truth the lock industry knew: given enough time and skill, essentially any lock can be picked.","At the 1851 Great Exhibition, locksmith Alfred Hobbs picked the famously 'unpickable' Bramah lock, proving any lock can be opened.","keys,locks,lock-picking",52,false,"keys-serrated-flat-key,keys-ancient-pin-tumbler,umbrellas-europe-return,forks-single-point,zippers-slide-fastener",,
keys-ancient-pin-tumbler,everyday-objects,Keys,"Your House Key Runs on 4,000-Year-Old Technology","The key in your pocket relies on an idea that is roughly 4,000 years old. The ancient Egyptians built wooden pin-tumbler locks, in which a set of pins had to be lifted to just the right heights by a wooden key before a bolt would slide free. That exact principle still secures most doors today. In the 1800s, Linus Yale Jr. simply miniaturized it into metal, shrinking the bulky wooden mechanism into the small flat key and cylinder lock we now use everywhere.","The pin-tumbler lock in modern house keys is based on a wooden mechanism the ancient Egyptians used ~4,000 years ago.","keys,pin-tumbler,ancient-egypt",53,false,"keys-serrated-flat-key,keys-yale-modern-lock,shoelaces-areni-one,prosthetics-more-than-limbs,paper-clips-first-patent","materials-and-chemistry,ancient-engineering,machines-and-mechanisms",
keys-serrated-flat-key,everyday-objects,Keys,Your Key Might Open a Stranger's Lock by Accident,"Because keys and locks are mass-produced, they come in only a limited number of distinct cuts, or 'bittings.' With millions of locks sharing a relatively small set of patterns, it is statistically inevitable that some keys will accidentally fit locks they were never made for. People occasionally discover their house, mailbox, or padlock key smoothly opens a neighbor's or a stranger's, purely by chance. The sense of security a unique-looking key gives is, to a small but real degree, an illusion of mass production.","Mass-produced keys share a limited set of cuts, so a key can occasionally open a stranger's lock by pure chance.","keys,bittings,security",52,false,"keys-ancient-pin-tumbler,keys-yale-modern-lock,forks-replaced-table-knives,prime-numbers-cryptography,paper-clips-first-patent","accidental-discovery,optical-illusion,numbers-and-mathematics",
laundry-detergent-suspends-dirt,household-science,Laundry Detergent,Detergent Makes Your Clothes Secretly Glow,"Many laundry detergents contain 'optical brighteners,' and they work by a clever trick of light. These chemicals cling to fabric and absorb invisible ultraviolet light from the sun, then re-emit it as a faint blue glow. That extra blue light cancels out the natural yellowing of fabric, fooling your eye into seeing the cloth as brighter and 'whiter than white.' The clothes are not actually cleaner for it, they are quite literally fluorescing, which is why they can glow under a blacklight.","Laundry detergents add 'optical brighteners' that absorb UV and glow blue, tricking the eye into seeing whiter clothes.","laundry-detergent,optical-brighteners,uv",51,false,"dishwasher-chipped-dishes,refrigerators-slow-spoilage,nonstick-pans-accidental-teflon,nonstick-pans-pfas-concerns,smoke-detectors-1970s-change","materials-and-chemistry,animal-intelligence,bioluminescence-and-glow",
refrigerators-vapor-cycle,household-science,Refrigerators,Einstein Co-Invented a Refrigerator With No Moving Parts,"Albert Einstein, of all people, helped design a refrigerator. In 1926, he and former student Leo Szilard patented a fridge with no moving parts, a sealed system driven by heat instead of a mechanical compressor. Their motivation was safety: they had read of a family killed in their sleep by toxic gas leaking from a refrigerator's failing seals. A machine with nothing to wear out and leak, they reasoned, would be safer. It never sold commercially, but engineers still study the design.",Einstein and Leo Szilard patented a leak-proof refrigerator with no moving parts after a family died from a fridge gas leak.,"refrigerators,einstein,szilard",53,false,"refrigerators-slow-spoilage,vacuum-cleaners-horse-drawn,vacuum-cleaners-suck-not-blow,dishwasher-chipped-dishes,nonstick-pans-accidental-teflon","invention-and-breakthrough,psychology-and-behavior",
refrigerators-slow-spoilage,household-science,Refrigerators,The Man Who Made Fridges Safe Also Wrecked the Ozone,"Early refrigerators used toxic or explosive gases like ammonia and sulfur dioxide, and leaks sometimes killed whole families. To fix that, chemist Thomas Midgley helped create Freon, a coolant that was safe to breathe and would not burn, and it made the modern fridge possible. But Freon and related chemicals later turned out to be tearing a hole in Earth's protective ozone layer. Midgley had also earlier invented leaded gasoline, giving him one of history's most damaging inventing records.",Thomas Midgley's Freon made refrigerators safe but later proved to destroy the ozone layer; he also invented leaded gasoline.,"refrigerators,freon,thomas-midgley",51,false,"refrigerators-vapor-cycle,nonstick-pans-accidental-teflon,vacuum-cleaners-horse-drawn,nonstick-pans-pfas-concerns,soap-germ-membranes","materials-and-chemistry,invention-and-breakthrough",
soap-germ-membranes,household-science,Soap,Soap Cleans Viruses by Dissolving Them Like Grease,"Soap is surprisingly deadly to certain germs because of how those germs are built. Many viruses, including the ones behind flu and colds, are wrapped in a fragile outer coat made of fatty molecules. Soap is brilliant at attacking fat: its molecules wedge into that greasy envelope and pry it apart, literally tearing the virus to pieces and lifting the debris away in water. That is why a thorough wash with plain soap can be so effective, it dissolves germs the way it dissolves grease.","Soap destroys many viruses by prying apart their fatty outer envelopes, dissolving them much like it dissolves grease.","soap,viruses,handwashing",52,false,"refrigerators-slow-spoilage,nonstick-pans-accidental-teflon,germ-theory-microbes-cause-disease,nonstick-pans-pfas-concerns,smoke-detectors-1970s-change","materials-and-chemistry,medicine-and-cures",
air-conditioning-printing-plant,household-science,Air Conditioning,"Air Conditioning Was Invented to Save Printing, Not People","Modern air conditioning was not created to keep humans cool. In 1902, a young engineer named Willis Carrier built the first system to solve a printing problem: humid air was making colored ink shift and smudge at a Brooklyn printing plant, ruining pages. His machine controlled humidity and temperature to keep the paper and ink stable. Cooling sweaty workers was an accidental bonus. The comfort we now expect from AC began as a fix for blurry magazine pictures.","Willis Carrier invented air conditioning in 1902 to control humidity at a printing plant, not to cool people.","air-conditioning,willis-carrier,printing",53,false,"air-conditioning-comfort-later,microwaves-magnetron-roots,refrigerators-vapor-cycle,refrigerators-slow-spoilage,vacuum-cleaners-suck-not-blow","plants-and-botany,accidental-discovery,world-first,color-and-light",
air-conditioning-comfort-later,household-science,Air Conditioning,Movie Theaters Invented the 'Summer Blockbuster' by Selling Air Conditioning,"Few inventions reshaped where and how people live as much as air conditioning. By making brutally hot regions livable year-round, it fueled the population boom of America's Sun Belt, places like Florida, Arizona, and Las Vegas that were once seen as too hot to thrive. AC also transformed entertainment: movie theaters were among the first public spaces to install it, drawing crowds seeking refuge from summer heat. That habit helped give rise to the now-familiar 'summer blockbuster' film season.",Crowds first packed movie theaters to escape summer heat — a habit that helped create the entire summer blockbuster season.,"air-conditioning,sun-belt,society",53,false,"air-conditioning-printing-plant,vacuum-cleaners-horse-drawn,smoke-detectors-1970s-change,vacuum-cleaners-suck-not-blow,vacuum-cleaners-luxury-first","storytelling-and-narrative,energy-and-power,collective-behavior,transformation-metamorphosis",
dishwasher-chipped-dishes,household-science,Dishwashers,A Rich Woman Built the First Dishwasher Rather Than Lose Another Heirloom Plate,"The first practical dishwasher came from a wealthy woman fed up with her servants chipping her heirloom china. Josephine Cochran reportedly declared that if no one else would invent a machine to wash dishes, she would do it herself, and she did, building it in the woodshed behind her home. Her clever design measured each dish to fit into wire compartments and, crucially, blasted them clean with jets of pressurized water rather than scrubbing, the basic principle dishwashers still use.","Fed up with servants chipping her china, Josephine Cochran built a machine in her woodshed that blasted dishes clean with water jets instead of scrubbing.","dishwashers,josephine-cochran,invention",52,false,"vacuum-cleaners-suck-not-blow,laundry-detergent-suspends-dirt,ancient-china-gunpowder,wheels-pottery-turntable,refrigerators-vapor-cycle","money-trade-and-value,flight-and-aviation,animal-intelligence,invention-and-breakthrough",
microwaves-magnetron-roots,household-science,Microwaves,The First Microwave Oven Was a Six-Foot Monster,"Today's microwave fits on a countertop, but the first one was a beast. Built from wartime radar technology and sold in 1947 as the 'Radarange,' it stood around six feet tall, weighed roughly 750 pounds, and had to be cooled with plumbed-in water. It also carried a price tag of about 5,000 dollars, a small fortune at the time. Only after decades of shrinking and cost-cutting did the microwave finally become the cheap, compact kitchen helper found almost everywhere.","The first microwave oven, the 1947 'Radarange,' was about six feet tall, weighed ~750 pounds, and cost ~$5,000.","microwaves,radarange,radar",52,false,"microwaves-accidental-cooking,air-conditioning-printing-plant,vacuum-cleaners-suck-not-blow,dishwasher-chipped-dishes,vacuum-cleaners-luxury-first","money-trade-and-value,world-first",
microwaves-accidental-cooking,household-science,Microwaves,A Microwave Oven Was Discovered by a Melting Chocolate Bar,"The microwave oven was born from a snack mishap. In 1945, engineer Percy Spencer was standing near an active radar device, a magnetron, when he noticed the chocolate bar in his pocket had melted into goo. Curious, he aimed the microwaves at other foods to test the effect, and famously cracked an egg that promptly exploded from the heat building inside. Realizing the rays were cooking food from within, Spencer turned a radar component into a brand-new way to cook.",Percy Spencer discovered microwave cooking in 1945 when radar waves melted the chocolate bar in his pocket.,"microwaves,percy-spencer,discovery",52,false,"microwaves-magnetron-roots,nonstick-pans-pfas-concerns,smoke-detectors-1970s-change,nazca-lines-dry-preserved,vacuum-cleaners-luxury-first","food-and-cuisine,architecture-and-structures",
smoke-detectors-1970s-change,household-science,Smoke Detectors,Your Smoke Alarm Probably Contains a Radioactive Speck,"Most household smoke alarms hide a tiny surprise: a speck of radioactive material. The common 'ionization' type contains a minuscule amount of americium-241, a man-made radioactive element produced in nuclear reactors. It gives off particles that ionize the air inside a small chamber, letting a faint electric current flow. When smoke drifts in, it disrupts that current and triggers the alarm. The amount of radiation is far too small to harm you, but yes, there is a nuclear ingredient on your ceiling.","Many smoke alarms contain a tiny, harmless amount of radioactive americium-241 to detect smoke by ionizing the air.","smoke-detectors,americium,radiation",53,false,"nonstick-pans-pfas-concerns,nonstick-pans-accidental-teflon,chernobyl-sweden-detected-radiation,refrigerators-slow-spoilage,microwaves-accidental-cooking","energy-and-power,materials-and-chemistry,food-and-cuisine",
vacuum-cleaners-suck-not-blow,household-science,Vacuum Cleaners,A Man Who Could Barely Breathe From Dust Invented the Vacuum Cleaner,"The portable home vacuum came from a wheezing janitor. James Spangler, who suffered from asthma made worse by the dust of his sweeping job, rigged up a lightweight electric machine in 1907 to suck dust into a pillowcase. Lacking money to mass-produce it, he sold the patent to a relative by marriage, William Hoover. Hoover's company grew so dominant that in Britain the brand name became a verb: people there still say they are going to 'hoover' the floor.","Asthmatic janitor James Spangler built the first portable vacuum in 1907 — and sold it to a relative named William Hoover, whose name became a verb.","vacuum-cleaners,spangler,hoover",53,false,"vacuum-cleaners-horse-drawn,vacuum-cleaners-luxury-first,dishwasher-chipped-dishes,refrigerators-vapor-cycle,refrigerators-slow-spoilage","invention-and-breakthrough,money-trade-and-value,energy-and-power",
vacuum-cleaners-horse-drawn,household-science,Vacuum Cleaners,The Vacuum's Inventor Tested It by Sucking on a Chair,"To prove his idea would work, the vacuum cleaner's inventor put his own mouth to the test, almost disastrously. Hubert Cecil Booth doubted machines that blew dust away and suspected sucking it up would be better. So he laid a handkerchief on the seat of a restaurant chair, pressed his lips to it, and sucked hard, getting a choking mouthful of grime but proving that suction trapped dust in the cloth. That filthy experiment in 1901 led to the first powered vacuum cleaner.","Hubert Cecil Booth tested the idea of suction cleaning by sucking dust through a handkerchief on a chair, nearly choking.","vacuum-cleaners,hubert-cecil-booth,suction",53,false,"vacuum-cleaners-suck-not-blow,vacuum-cleaners-luxury-first,refrigerators-vapor-cycle,refrigerators-slow-spoilage,smoke-detectors-1970s-change","energy-and-power,invention-and-breakthrough",
vacuum-cleaners-luxury-first,household-science,Vacuum Cleaners,People Threw 'Vacuum Parties' to Watch the Cleaning,"Early vacuum cleaning was a glamorous public event, not a private chore. Booth's first machines were enormous, horse-drawn contraptions parked on the street, with long hoses fed through a building's windows to suck out the dust. The service was so expensive and novel that fashionable society ladies held 'vacuum tea parties,' inviting guests to sip tea and marvel as the powerful machine pulled visible dirt through glass tubes. Cleaning the carpet had become a stylish form of entertainment and a flaunt of wealth.","Early vacuuming was a costly spectacle done by horse-drawn machines, and society hosted 'vacuum tea parties' to watch.","vacuum-cleaners,luxury,history",53,false,"vacuum-cleaners-suck-not-blow,vacuum-cleaners-horse-drawn,microwaves-accidental-cooking,microwaves-magnetron-roots,dishwasher-chipped-dishes","money-trade-and-value,storytelling-and-narrative,architecture-and-structures,coffee-and-tea",
nonstick-pans-accidental-teflon,household-science,Nonstick Pans,Teflon Helped Build the Atom Bomb Before the Frying Pan,"Long before it made eggs slide around a skillet, Teflon had a top-secret job. The slippery material, properly called PTFE, was extraordinarily resistant to heat and to even the most corrosive chemicals. That made it invaluable to the Manhattan Project during World War II, where it was used to seal and line equipment handling the ferociously corrosive uranium gases needed to build the atomic bomb. Only years later did this war-effort wonder material find its famous home as a nonstick coating for cookware.",Teflon was used in the Manhattan Project to handle corrosive uranium gases before it ever coated a frying pan.,"nonstick-pans,teflon,manhattan-project",52,false,"nonstick-pans-pfas-concerns,refrigerators-slow-spoilage,soap-germ-membranes,polymers-tunable-materials,smoke-detectors-1970s-change","materials-and-chemistry,war-and-conflict",
nonstick-pans-pfas-concerns,household-science,Nonstick Pans,Nonstick Chemicals Became 'Forever Chemicals',"The very toughness that makes Teflon-style chemicals useful has become a problem. These substances, part of a family called PFAS, are so stable that they barely break down in nature, earning the nickname 'forever chemicals.' Used for decades in nonstick pans, waterproof clothing, food wrappers, and more, they have spread almost everywhere, turning up in rainwater across the globe and in the blood of nearly everyone tested. A material prized for lasting forever turned out to be very hard to get rid of.","PFAS, the chemical family behind nonstick coatings, are 'forever chemicals' now found in rainwater and nearly everyone's blood.","nonstick-pans,pfas,environment",53,false,"nonstick-pans-accidental-teflon,smoke-detectors-1970s-change,refrigerators-slow-spoilage,dead-sea-lowest-water,irrigation-theory-debated","materials-and-chemistry,human-body-quirks,food-and-cuisine",
peace-symbol-nuclear-disarmament,famous-symbols,Peace Symbol,The Peace Sign Is Two Hidden Flag Signals,"The peace symbol looks abstract, but it is actually two letters spelled in flag semaphore, the system sailors use to signal with their arms. The downward V is the signal for N; the straight vertical line is D. Together: N and D, for Nuclear Disarmament. Gerald Holtom built the whole design around that code in 1958, then dropped a circle around it. A protest slogan, hidden in plain sight.","The peace sign encodes the semaphore letters N and D, for nuclear disarmament.","peace-symbol,semaphore,gerald-holtom",52,false,"peace-symbol-despair,ampersand-more-than-decoration,dollar-sign-adopted-1785,semaphore-visual-signaling,semaphore-tower-network",energy-and-power,
peace-symbol-despair,famous-symbols,Peace Symbol,Some Americans Called the Peace Sign Satanic,"When the peace sign reached the United States in the 1960s, not everyone read it as love and flowers. The John Birch Society and other conservative groups insisted it was a ""broken cross,"" a witch's footprint, or a secret Communist or anti-Christian emblem. They printed pamphlets warning people away from it. The harder they pushed, the more the counterculture embraced it, and the smear campaign quietly failed.",Cold War conservatives smeared the peace sign as a 'broken cross' or Communist symbol.,"peace-symbol,cold-war,protest",52,false,"peace-symbol-nuclear-disarmament,heart-symbol-not-anatomy,dollar-sign-adopted-1785,one-time-pad-hard-distribution,ampersand-more-than-decoration","plants-and-botany,war-and-conflict",
recycling-symbol-earth-day-era,famous-symbols,Recycling Symbol,The Number Inside the Arrows Is Not a Promise,"That little 1 to 7 inside the chasing arrows feels like a recycling guarantee. It is not. The plastics industry pushed for those resin codes in the late 1980s, and they only identify the type of plastic, not whether your town can actually recycle it. Most plastics, especially the higher numbers, still end up in landfills or burned. The symbol you trust most is often telling you the least.","The resin code inside the arrows identifies plastic type, not recyclability.","recycling-symbol,plastic,greenwashing",52,false,"skull-crossbones-jolly-roger,peace-symbol-nuclear-disarmament,peace-symbol-despair,ampersand-more-than-decoration,dollar-sign-spanish-pesos",numbers-and-mathematics,
heart-symbol-not-anatomy,famous-symbols,Heart Symbol,The Heart Shape May Come From a Lost Plant,"The classic heart shape looks nothing like the lumpy organ in your chest, and one theory says that is because it was never meant to. It may trace back to silphium, a plant the ancient Greeks and Romans used as a contraceptive and seasoning. They loved it so much they harvested it into extinction. Its seedpod was a near-perfect heart shape, and cities stamped it on coins, possibly seeding the symbol of love itself.","The heart shape may descend from silphium, a plant ancient Romans loved to extinction.","heart-symbol,silphium,history",51,false,"heart-symbol-ancient-beliefs,peace-symbol-despair,skull-crossbones-poison,dollar-sign-spanish-pesos,dollar-sign-adopted-1785","human-body-quirks,plants-and-botany,lost-and-rediscovered",
heart-symbol-ancient-beliefs,famous-symbols,Heart Symbol,Aristotle Thought the Heart Did the Thinking,"We say ""learn by heart"" and ""heartfelt"" because the ancients genuinely believed the heart was the seat of thought and feeling. Aristotle argued the heart ran intelligence, emotion, and the senses, while the brain was just a spongy radiator that cooled the blood. He had it backwards, but the language stuck. Every time you say something touched your heart, you are quoting a 2,000-year-old anatomy mistake.","Aristotle insisted the heart, not the brain, did the thinking, and our language still agrees.","heart-symbol,aristotle,history",53,false,"heart-symbol-not-anatomy,check-mark-yes-symbol,ampersand-more-than-decoration,egyptian-religion-cosmos-order,question-mark-inside-sentence","human-body-quirks,psychology-and-behavior",
ampersand-more-than-decoration,famous-symbols,Ampersand,The Word 'Ampersand' Is Literally Kids Mumbling in Class,"For a stretch of the 1800s, schoolchildren reciting the alphabet did not stop at Z. The & sign tagged along at the end as a kind of 27th letter. To say it, kids used the old phrase ""and per se and,"" meaning ""and by itself, and."" Mumbled fast over and over, ""and per se and"" slurred into a single word: ampersand. The symbol's name is literally a recitation that wore down into one word.","For decades, schoolkids reciting the alphabet tacked '&' on the end as a 27th letter, saying 'and per se and' to mean 'and by itself.' Mumbled fast, over and over, that phrase slurred into a single word: ampersand.","ampersand,alphabet,etymology",51,false,"dollar-sign-spanish-pesos,check-mark-yes-symbol,alphabet-name-alpha-beta,nightmares-common-adults,skull-crossbones-poison","origins-and-naming,language-and-writing",
skull-crossbones-poison,famous-symbols,Skull & Crossbones,Poison Got a Friendlier Face Called Mr. Yuk,"The skull and crossbones was supposed to scream ""poison,"" but it had a problem: kids loved it. To children, a skull meant pirates, treasure, and adventure, which made dangerous bottles weirdly tempting. So in 1971 a Pittsburgh poison center invented a replacement: Mr. Yuk, a scowling, tongue-out green face that no child finds cool. The new symbol was tested on kids specifically because the old menacing one was backfiring.",A green 'Mr. Yuk' face was invented in 1971 because kids found the skull symbol appealing.,"skull-and-crossbones,poison,mr-yuk",52,false,"skull-crossbones-jolly-roger,heart-symbol-not-anatomy,ampersand-more-than-decoration,food-tasters-five-senses,peace-symbol-despair",invention-and-breakthrough,
skull-crossbones-jolly-roger,famous-symbols,Skull & Crossbones,Old Poison Bottles Warned You in the Dark,"Before clear labels and childproof caps, a mislabeled bottle could kill, especially at night by candlelight. So in the 1800s, druggists sold poisons in bottles you could identify without reading: deep cobalt-blue glass, odd coffin-like shapes, and surfaces covered in ridges, bumps, or spikes. The idea was that even half-asleep, your fingers would feel the danger and stop you from drinking it. The warning was built into the touch of the glass.","Victorian poison was sold in ridged, cobalt-blue bottles you could identify by feel in the dark.","skull-and-crossbones,poison,history",51,false,"skull-crossbones-poison,recycling-symbol-earth-day-era,heart-symbol-not-anatomy,food-tasters-five-senses,ampersand-more-than-decoration",,
check-mark-yes-symbol,famous-symbols,Check Mark,A Check Mark Means 'Wrong' in Some Countries,"In much of the English-speaking world, a check mark means yes, correct, done. But hand a checked test back to a student in Japan, Korea, Finland, or Sweden and they may panic, because there a checkmark can mean the answer is wrong. To show something is correct, teachers in Japan draw a circle, called maru, instead. The exact same tick that says ""great job"" in one country says ""try again"" in another.","In Japan and several other countries, a checkmark can mark an answer wrong, not right.","check-mark,culture,language",50,false,"dollar-sign-spanish-pesos,ampersand-more-than-decoration,gestures-co-speech,pasta-vermicelli-little-worms,question-mark-inside-sentence,myths-culture-validation",origins-and-naming,
question-mark-inside-sentence,famous-symbols,Question Mark,Spanish Warns You a Question Is Coming Before You've Read a Word,"English makes you read to the end of a sentence before you learn it was a question. Spanish refuses to play that game. It opens every question with an upside-down mark, the inverted question, so you brace for the rising tone from the very first word. Spain's Royal Academy made the practice official back in 1754. It is one of the few punctuation marks that works at the start of a sentence, not the finish.","Spanish flips a question mark upside down at the very start of every question, official since 1754, so you brace for the rising tone before you've read a single word — no other punctuation mark works at the beginning of a sentence like this.","question-mark,spanish,punctuation",52,false,"check-mark-yes-symbol,dollar-sign-adopted-1785,ampersand-more-than-decoration,dollar-sign-spanish-pesos,heart-symbol-ancient-beliefs","world-first,games-and-play",
dollar-sign-adopted-1785,famous-symbols,Dollar Sign,The Dollar Sign Is Older Than the Dollar,"The $ was scribbled in the Americas before the United States, or its dollar, even existed. It grew out of the Spanish peso, the silver coin that dominated colonial trade. Merchants abbreviated pesos as ""ps,"" and writing it fast, again and again, the p and s collapsed together until the s wore a stroke through it. When the young U.S. picked a currency, it borrowed both the coin's value and its ready-made symbol.","The $ evolved from merchants' shorthand for the Spanish peso, before the U.S. existed.","dollar-sign,peso,history",50,false,"dollar-sign-spanish-pesos,question-mark-inside-sentence,peace-symbol-despair,ampersand-more-than-decoration,peace-symbol-nuclear-disarmament","money-trade-and-value,disaster-and-catastrophe",
dollar-sign-spanish-pesos,famous-symbols,Dollar Sign,The Word 'Dollar' Comes From a Czech Valley,"The word ""dollar"" has nothing to do with America at the start; it comes from a valley in what is now the Czech Republic. In the 1500s, a town called Joachimsthal (Joachim's Valley) minted popular silver coins nicknamed ""thalers."" The name traveled across Europe, softening from thaler to daler to dollar, long before it ever crossed the Atlantic. A currency tied to the U.S. is named after a quiet Bohemian mining town.","'Dollar' descends from the 'thaler,' silver coins from a valley in today's Czech Republic.","dollar-sign,thaler,etymology",51,false,"dollar-sign-adopted-1785,ampersand-more-than-decoration,check-mark-yes-symbol,nightmares-common-adults,alphabet-name-alpha-beta,calendars-not-one-system","origins-and-naming,money-trade-and-value",
gold-metal-as-pigment,colors,Gold,Gold Leaf Is Thin Enough to See Through,"Gold is so soft and workable that a single ounce can be hammered into a sheet covering more than 100 square feet. Beaten that far, gold leaf becomes about a hundred times thinner than a sheet of paper, so thin that light passes right through it. Hold real gold leaf up to a lamp and it does not glow gold at all. It looks greenish blue, because it is letting the light leak through.","Hammered thin enough, a sheet of real gold looks green because light shines through it.","gold,gold-leaf,materials",52,false,"gold-sacred-glow,blue-pigment-history,white-lead-pigment,supernovae-create-elements,green-middle-spectrum","plants-and-botany,bioluminescence-and-glow",
gold-sacred-glow,colors,Gold,"A Roman Cup Changes Color, Thanks to Gold","In the British Museum sits a 1,600-year-old Roman goblet called the Lycurgus Cup. Lit from the front it looks jade green, but shine a light through it from behind and it glows a deep wine red. For centuries nobody knew why. The answer is nanotechnology the Romans stumbled into: the glass is peppered with specks of gold and silver just billionths of a meter wide, scattering light differently depending on direction.",The Roman Lycurgus Cup shifts from green to red because it holds gold nanoparticles.,"gold,lycurgus-cup,nanotechnology",51,false,"gold-metal-as-pigment,white-lead-pigment,blue-pigment-history,indigo-air-oxidation,red-longest-visible","color-and-light,bioluminescence-and-glow",
black-absence-of-light,colors,Black,The Blackest Black Started an Artists' War,"Vantablack is a lab-made coating so dark it swallows about 99.96% of light. A crumpled object sprayed with it looks like a flat black hole, because your eyes get almost nothing back. Then it got personal: artist Anish Kapoor locked up the exclusive art rights to it. Furious, artist Stuart Semple invented the ""world's pinkest pink"" and banned Kapoor alone from buying it. The feud over the darkest black is still going.",Vantablack absorbs 99.96% of light and triggered a running feud between two artists.,"black,vantablack,art",51,false,"black-carbon-pigment,orange-named-late,pink-not-always-girly,generative-ai-new-content-prompts,gold-metal-as-pigment","camouflage-and-mimicry,stars-and-cosmos,invention-and-breakthrough,war-and-conflict",
black-carbon-pigment,colors,Black,The Ink of History Slowly Eats Its Own Pages,"For over a thousand years, the standard writing ink of the Western world was iron gall ink, brewed from oak galls, the little growths wasps leave on oak trees, mixed with iron salts. The Constitution, Bach's scores, and countless masterpieces were written in it. But it is mildly acidic, so given enough time it corrodes the very paper it sits on, eating brown holes through priceless documents from the inside out.","Iron gall ink wrote much of history, and it slowly corrodes the paper it was written on.","black,iron-gall-ink,history",53,false,"black-absence-of-light,gold-metal-as-pigment,purple-shellfish-origin,green-middle-spectrum,pink-once-for-boys","money-trade-and-value,plants-and-botany,food-and-cuisine,coffee-and-tea",
blue-short-wavelength,colors,Blue,Blue Is the Rarest Color in Nature,"Almost nothing alive actually makes blue pigment. So how are blue jays, morpho butterflies, and peacocks so vividly blue? They cheat. Their feathers and scales are built with microscopic structures that scatter light and bounce back only blue, a trick called structural color. The proof is simple and eerie: crush a blue feather and the blue disappears, because you have wrecked the tiny architecture. There was never any blue pigment there.","Blue pigment barely exists in nature, so animals fake blue with light-scattering structures.","blue,structural-color,nature",50,false,"blue-pigment-history,indigo-air-oxidation,pink-once-for-boys,white-newton-prism,indigo-ancient-dye","color-and-light,transformation-metamorphosis,architecture-and-structures",
blue-pigment-history,colors,Blue,The Best Blue Was Ground-Up Gemstone,"For centuries the finest blue paint, ultramarine, was made by grinding up lapis lazuli, a gemstone dug from a few remote mines in Afghanistan. Hauled across the world, it could cost more than its weight in gold. Renaissance painters hoarded it, often reserving that precious blue for the robe of the Virgin Mary. When you see her painted in glowing blue, you are usually looking at powdered jewels.","The prized blue ultramarine was crushed lapis lazuli, sometimes costlier than gold.","blue,ultramarine,lapis-lazuli",53,false,"blue-short-wavelength,gold-metal-as-pigment,gold-sacred-glow,glaciers-flow-slowly,white-lead-pigment",bioluminescence-and-glow,
green-middle-spectrum,colors,Green,A Beautiful Green Quietly Poisoned the Victorians,"In the 1800s a dazzling new green swept through fashion and decor. Its secret was arsenic. Known as Scheele's or Paris green, it colored wallpaper, dresses, fake flowers, and even candy. It shed toxic dust as it went, quietly sickening the people who lived with it. The arsenic-green wallpaper in Napoleon's damp exile home may even have slowly leached poison and helped kill him. Deadly beauty, hanging on the wall.",Victorian 'Scheele's green' got its color from arsenic and may have helped kill Napoleon.,"green,arsenic,history",51,false,"white-lead-pigment,indigo-air-oxidation,red-longest-visible,white-newton-prism,pink-once-for-boys","plants-and-botany,color-and-light",
indigo-ancient-dye,colors,Indigo,Indigo Is the Rainbow Color Nobody Needed,"Most people struggle to point out indigo in a rainbow, squeezed as it is between blue and violet, and there is a reason it feels like a stretch. Isaac Newton originally saw fewer bands, but he wanted the rainbow to have seven colors to match the seven notes of the musical scale and other mystical sevens. So he split the blue end and slotted in indigo. It is arguably a color the rainbow was talked into.",Newton added indigo to the rainbow mainly to make the colors total a tidy seven.,"indigo,newton,rainbow",51,false,"indigo-air-oxidation,pink-not-always-girly,pink-once-for-boys,rainbows-viewer-position,motion-force-changes-motion,calculus-motion-and-geometry","color-and-light,music-and-sound,motion-and-force",
indigo-air-oxidation,colors,Indigo,Your Jeans Are Blue Thanks to Air,"Indigo dye pulls off a small magic trick. In the vat the liquid is greenish yellow, and cloth comes out that color too, then turns blue in front of your eyes as it hits the air and oxidizes. There is a second quirk: indigo clings only to the outside of each cotton thread instead of soaking in. That is exactly why jeans slowly fade and why creases and edges rub to white.","Denim turns blue as indigo meets air, and fades because the dye only coats the thread's surface.","indigo,denim,chemistry",53,false,"indigo-ancient-dye,red-longest-visible,pink-once-for-boys,afterimages-retina-desensitized,glaciers-flow-slowly,gold-sacred-glow",color-and-light,
orange-named-late,colors,Orange,Carrots Used to Be Purple,"The bright orange carrot feels like nature's default, but it is a human invention. For most of history carrots were purple, white, red, or yellow. Orange ones were rare until Dutch growers cultivated and popularized them a few centuries ago, and a favorite story links the choice to the royal House of Orange. Whether or not that tale is true, the orange carrot on your plate was deliberately bred that way.","Carrots came in purple, white, and yellow until Dutch growers made the orange one standard.","orange,carrots,history",52,false,"pink-not-always-girly,black-absence-of-light,purple-shellfish-origin,white-lead-pigment,white-all-wavelengths","invention-and-breakthrough,storytelling-and-narrative",
pink-not-always-girly,colors,Pink,Pink Does Not Exist in the Rainbow,"Scan a rainbow and you will never find pink, because pink has no wavelength of its own. Every pure color of light matches a spot on the spectrum, but pink does not. It only appears when your eyes catch red and violet, from opposite ends of the spectrum, at the same time, and your brain blends the two into a color that is not really ""there."" Pink is less a light than an invention of your mind.",Pink has no wavelength; your brain creates it by mixing red and violet from the spectrum's ends.,"pink,light,perception",52,false,"pink-once-for-boys,indigo-air-oxidation,indigo-ancient-dye,rainbows-viewer-position,color-illusions-three-cones,circadian-rhythm-melatonin","color-and-light,perception-and-brain,invention-and-breakthrough",
pink-once-for-boys,colors,Pink,Pink Was Once a Color for Boys,"The pink-for-girls rule is surprisingly young. A century ago many American stores advised the opposite: pink, being a stronger, more decided color, was seen as better for boys, while delicate blue suited girls. Some major retailers still recommended pink for boys into the 1920s. The modern color code did not lock into place until roughly the 1940s and 50s, driven by fashion and marketing, not by nature.","A century ago pink was often considered the manlier color, and blue the delicate one for girls.","pink,gender,history",53,false,"pink-not-always-girly,indigo-air-oxidation,green-middle-spectrum,lake-hillier-bubblegum-pink,red-longest-visible","money-trade-and-value,color-and-light",
purple-shellfish-origin,colors,Purple,One Robe's Worth of Purple Cost a Fortune in Snails,"Real Tyrian purple was squeezed, drop by drop, from a gland inside murex sea snails, and the yield was almost cruel. It took something like a quarter of a million snails to produce a single ounce of dye. The rotting snail workshops stank so badly they were pushed to the edges of towns. And the exact recipe grew so specialized that it was nearly lost for centuries before modern dyers pieced it back together.","Making one ounce of Tyrian purple took roughly 250,000 murex snails, in reeking workshops.","purple,tyrian-purple,dye",52,false,"purple-royal-rank,red-longest-visible,white-newton-prism,black-carbon-pigment,orange-named-late","lost-and-rediscovered,food-and-cuisine",
purple-royal-rank,colors,Purple,The First Synthetic Dye Was a Teenage Blunder,"In 1856, an 18-year-old chemistry student named William Perkin was trying to synthesize a malaria drug over Easter break. He failed, ending up with a gooey black mess in his flask, but when he cleaned it he noticed a brilliant purple stain. That accident, mauve, became the first synthetic dye. It set off a fashion craze and, more importantly, launched the entire synthetic-chemical and pharmaceutical industry.","A teenager chasing a malaria cure accidentally made mauve, the first synthetic dye, in 1856.","purple,mauve,william-perkin",51,false,"purple-shellfish-origin,red-longest-visible,indigo-air-oxidation,orange-named-late,pink-once-for-boys","medicine-and-cures,materials-and-chemistry,accidental-discovery",
red-longest-visible,colors,Red,The Red in Your Food Is Made of Bugs,"That deep natural red in some yogurts, candies, juices, and lipsticks has a secret ingredient: insects. Carmine, or cochineal, is made by crushing tiny scale bugs that live on cactus pads in the Americas. It takes roughly 70,000 of them to make a single pound of dye. The color was so prized after Europeans reached the New World that cochineal briefly became worth more than silver.","Carmine red food dye is crushed cochineal insects, about 70,000 bugs per pound.","red,cochineal,food",50,false,"red-opposite-green,white-newton-prism,indigo-air-oxidation,green-middle-spectrum,pink-once-for-boys","food-and-cuisine,color-and-light",
red-opposite-green,colors,Red,Bulls Cannot Actually See Red,"The raging bull charging a red cape is built on a myth: cattle are red-green colorblind and cannot really see red at all. What sets a bull off is the sweeping motion of the cape, not its color, and a bullfighter could wave a green or blue one to the same effect. So why red? Largely for the human crowd, and, more grimly, because red cloth hides the blood.","Bulls are red-green colorblind; it is the cape's motion that provokes them, not the color.","red,bulls,myth",50,false,"red-longest-visible,indigo-air-oxidation,green-middle-spectrum,blood-color-changes-with-oxygen,documentaries-shape-facts,great-chicago-fire-oleary-barn","human-body-quirks,collective-behavior,myth-vs-reality,color-and-light",
white-all-wavelengths,colors,White,Fashionable White Makeup Slowly Poisoned People,"For centuries the height of beauty was a pale, flawless white face, and people got it with lead. A cosmetic called ceruse, made from white lead, was smeared on to whiten the skin, but the lead was toxic. It corroded the very skin it covered, so users caked on even more to hide the damage. Some historians suspect the heavy white makeup worn by figures like Queen Elizabeth I worsened their health.",White 'ceruse' face paint was made from toxic lead that damaged the skin it was meant to perfect.,"white,lead,cosmetics",50,false,"white-newton-prism,white-lead-pigment,red-opposite-green,green-middle-spectrum,orange-named-late",human-body-quirks,
white-newton-prism,colors,White,The Whitest White Is Hiding in Your Food,"The brightest white ever made is titanium dioxide, a powder so good at scattering light that a thin layer looks pure, opaque white. It's the workhorse behind most white paint and sunscreen — but it doesn't stop there. The same pigment is what makes powdered doughnuts and candy shells look so brilliantly white. If you've ever eaten a white sweet, there's a good chance you've swallowed a little of the exact same stuff that's in wall paint.","Titanium dioxide, the whitest pigment, brightens paint and also toothpaste and candy.","white,titanium-dioxide,food",52,false,"white-lead-pigment,white-all-wavelengths,red-longest-visible,ancient-temples-cella-inner-room,indigo-air-oxidation,green-middle-spectrum","food-and-cuisine,color-and-light",
white-lead-pigment,colors,White,"In Much of the World, White Means Death","In the West, white means weddings, purity, and fresh starts, but that meaning is far from universal. Across much of Asia, white is the color of mourning and death. Families wear plain white to funerals, and white flowers and cloth mark loss and the passage of the spirit. The bride glowing in white at a Western wedding and the mourner draped in white at an Eastern funeral are wearing the very same color.","In many Asian cultures white, not black, is the color of mourning and funerals.","white,mourning,culture",53,false,"white-newton-prism,white-all-wavelengths,gold-sacred-glow,gold-metal-as-pigment,green-middle-spectrum,blue-pigment-history","plants-and-botany,color-and-light,bioluminescence-and-glow",
hibernation-slowed-body,sleep-dreams,Hibernation,Hibernating Bears Never Get Up to Use the Bathroom,"A bear can spend four or five months in its den without eating, drinking, peeing, or pooping, and still stroll out in spring in remarkably good shape. Instead of wasting away, its body recycles its own waste, turning toxic urea back into protein and barely losing muscle. Females even give birth and nurse cubs while half-asleep. Doctors study the trick, hoping to help bedridden patients and future astronauts.","Bears den for months without eating or relieving themselves, recycling waste into protein.","hibernation,bears,biology",51,false,"hibernation-not-all-dormancy,hibernation-bears-misleading,sleepwalking-childhood-common,yeti-himalayan-snowline,seahorses-no-stomachs","human-body-quirks,survival-adaptation,food-and-cuisine",
hibernation-not-all-dormancy,sleep-dreams,Hibernation,Some Frogs Freeze Solid and Come Back to Life,"The wood frog has a survival trick that sounds impossible: it lets itself freeze. Through a brutal northern winter, up to two-thirds of the water in its body turns to ice, its heart stops, and its brain goes silent. It is, for all appearances, a frog-shaped ice cube. Then spring warms the ground, and the frog thaws out, its heart restarts, and it hops away, thanks to a natural antifreeze.","Wood frogs survive winter by freezing two-thirds solid, then thawing back to life in spring.","hibernation,wood-frog,survival",52,false,"hibernation-bears-misleading,hibernation-slowed-body,snoring-common-risk,heatstroke-fan-useless-above-99,vacuum-of-space-suffocate-not-freeze,hypothermia-shivering-stops","extreme-temperature,human-body-quirks,survival-adaptation,music-and-sound",
hibernation-bears-misleading,sleep-dreams,Hibernation,One Animal Chills Its Blood Below Freezing,"The arctic ground squirrel holds the record for the coldest body of any mammal. During hibernation it lets its core temperature drop below the freezing point of water, sometimes to around 27 degrees Fahrenheit, without actually turning to ice. Its blood stays liquid in a delicate supercooled state. Every couple of weeks it briefly shivers itself warm again, then sinks back into its frozen-looking sleep.","The arctic ground squirrel supercools its body below freezing, the coldest of any mammal.","hibernation,arctic-ground-squirrel,cold",51,false,"hibernation-not-all-dormancy,hibernation-slowed-body,rem-sleep-muscle-atonia,hypothermia-babies-lose-heat-fastest,hypothermia-shivering-stops","record-extremes,extreme-temperature,human-body-quirks,survival-adaptation",
lucid-dreaming-aware,sleep-dreams,Lucid Dreaming,Sleepers Have Signaled Out of Their Own Dreams,"How do you prove someone knows they are dreaming while they are still asleep? You have them wave. In a landmark experiment, lucid dreamers agreed in advance to move their eyes left-right-left the moment they realized they were dreaming. Because the eyes still move during dream sleep, the sleepers' pre-planned eye flicks showed up clearly on the lab's tracker, a deliberate message sent from inside a dream.",Lucid dreamers proved they were aware by sending pre-agreed eye signals while asleep.,"lucid-dreaming,experiment,rem-sleep",51,false,"lucid-dreaming-common,lucid-dreaming-rem,rem-sleep-muscle-atonia,batteries-primary-vs-storage,rem-sleep-night-cycles",,
lucid-dreaming-rem,sleep-dreams,Lucid Dreaming,Scientists Have Held Conversations With Dreamers,"In 2021, researchers did something that sounds like science fiction: they talked with people while they were dreaming. Sleepers trained in lucid dreaming were asked simple math questions out loud, like eight minus six. From inside their dreams, they answered correctly using coded eye movements and facial twitches. It was a real-time, two-way conversation with a sleeping brain, proof that a dreamer can hear and reason mid-dream.",In 2021 scientists asked sleeping lucid dreamers math questions and got correct answers.,"lucid-dreaming,neuroscience,dreams",52,false,"lucid-dreaming-common,lucid-dreaming-aware,snoring-airway-vibration,accents-not-same-as-dialects,rem-sleep-night-cycles","storytelling-and-narrative,music-and-sound",
lucid-dreaming-common,sleep-dreams,Lucid Dreaming,A 10-Second Countdown in a Dream Takes About 10 Real Seconds,"Dreams can feel like they stretch or compress time, but experiments suggest dream-time runs close to real time. Lucid dreamers were asked to count out set intervals and mark the start and end with eye signals. When researchers checked the clock, the dreamers' estimates lined up remarkably well with actual seconds. Ten counted seconds in the dream took about ten real seconds, so the epic dream adventure is shorter than it seems.",Lucid dreamers signaled the start and end of counted intervals — and dream time matched the clock almost exactly.,"lucid-dreaming,time,perception",53,false,"lucid-dreaming-aware,lucid-dreaming-rem,circadian-rhythm-24-hour,time-hard-to-define,hinduism-karma-samsara-moksha,circadian-rhythm-melatonin","perception-and-brain,relativity-and-time-warp,timekeeping",
nightmares-common-adults,sleep-dreams,Nightmares,A Nightmare Has Nothing to Do With Horses,"Despite the spelling, the 'mare' in nightmare was never a horse. It comes from an old Germanic word, mara, the name of a malevolent spirit or demon. Folklore said the mara crept in at night, perched on a sleeper's chest, and brought crushing, suffocating dreams. So a 'nightmare' originally meant a night-demon sitting on you, not a bad dream in general, and certainly not a horse galloping through your sleep.","'Nightmare' comes from the mara, a demon once believed to crush sleepers, not from a horse.","nightmares,etymology,folklore",51,false,"nightmares-rem-second-half,sleep-paralysis-hallucinations,rem-sleep-muscle-atonia,dragons-blood-tree-origin-legend,dollar-sign-spanish-pesos,alphabet-name-alpha-beta","origins-and-naming,myth-vs-reality",
nightmares-rem-second-half,sleep-dreams,Nightmares,A Child Screaming and Thrashing in Terror Won't Remember Any of It,"A child who bolts upright screaming, eyes open, thrashing and inconsolable, may look like they are having the worst nightmare imaginable. But night terrors are something else entirely. They erupt from deep, dreamless sleep early in the night, not from vivid dream sleep. The person is not really having a bad dream, is very hard to wake, and, most tellingly, remembers absolutely nothing about it in the morning.","Night terrors erupt from deep, dreamless sleep — the child isn't having a nightmare, and by morning they recall nothing.","nightmares,night-terrors,sleep",52,false,"nightmares-common-adults,sleepwalking-childhood-common,insomnia-sleep-opportunity,sleep-half-brain-awake,snoring-airway-vibration",,
sleepwalking-childhood-common,sleep-dreams,Sleepwalking,Sleepwalkers Move Around With Their Eyes Open,"Sleepwalkers are not shuffling with arms outstretched and eyes shut like in cartoons. Their eyes are usually wide open but glassy and vacant, and they can carry out surprisingly complex actions: walking, dressing, cooking, eating, even driving or sending texts. It happens during deep sleep in the first hours of the night, not during vivid dreams. Afterward, they typically remember none of it.","Sleepwalkers act with open, glassy eyes and can cook, drive, or text with no memory after.","sleepwalking,behavior,sleep",51,false,"nightmares-rem-second-half,rem-sleep-muscle-atonia,sleep-half-brain-awake,sloths-bathroom-weekly,snoring-airway-vibration,octopus-mothers-stop-eating","psychology-and-behavior,food-and-cuisine",
snoring-airway-vibration,sleep-dreams,Snoring,The Loudest Snores Rival Power Tools,"Snoring can get shockingly loud. Record-setting snores have been measured at around 90 decibels or more, roughly as loud as a blender, a diesel truck, or a low-flying jet, and above the level where workplaces legally require ear protection. That racket comes from soft tissue at the back of the throat flapping and vibrating as air squeezes past. A sleeping person can, quite literally, be as loud as a construction site.","The loudest recorded snores top 90 decibels, comparable to power tools or a low-flying jet.","snoring,sound,sleep",51,false,"snoring-common-risk,sleepwalking-childhood-common,nightmares-rem-second-half,supersonic-flight-hypersonic-mach-five,cicadas-loud-songs,taos-hum-low-frequency","flight-and-aviation,energy-and-power,music-and-sound,architecture-and-structures",
snoring-common-risk,sleep-dreams,Snoring,Playing the Didgeridoo Can Cure Snoring,"One surprising snoring remedy is a musical instrument. The didgeridoo, the long wooden horn of Aboriginal Australia, demands a special circular-breathing technique that gives the throat and upper airway a real workout. In a clinical study, people who practiced it regularly snored less and had milder sleep apnea. By strengthening the floppy muscles that collapse and vibrate at night, a few months of playing quieted their sleep.",A clinical study found regular didgeridoo practice reduced snoring and sleep apnea.,"snoring,didgeridoo,sleep-apnea",52,false,"snoring-airway-vibration,insomnia-sleep-opportunity,naps-performance-boost,circadian-rhythm-melatonin,lucid-dreaming-rem","medicine-and-cures,music-and-sound,human-body-quirks,disaster-and-catastrophe",
rem-sleep-night-cycles,sleep-dreams,REM Sleep,"In REM Sleep, Your Brain Is Awake but Your Body Is Locked","REM sleep earns its nickname, paradoxical sleep, because it is a strange contradiction. Brain scans show it buzzing with almost as much electrical activity as a wide-awake mind, which is why REM dreams are so vivid and story-like. Yet at the same time the body goes nearly limp, its major muscles switched off. You are, in a sense, mentally sprinting while physically paralyzed, all night, several times a night.",REM is called paradoxical sleep: the brain is nearly as active as waking while the body is paralyzed.,"rem-sleep,brain,paradoxical-sleep",51,false,"rem-sleep-muscle-atonia,lucid-dreaming-aware,circadian-rhythm-melatonin,eyes-retina-part-of-brain,stegosaurus-plates-not-simple-armor","perception-and-brain,energy-and-power,human-body-quirks,storytelling-and-narrative",
rem-sleep-muscle-atonia,sleep-dreams,REM Sleep,"When Dream Paralysis Fails, People Act Out Their Dreams","That full-body paralysis during REM is a safety lock: it stops you from physically doing whatever you are doing in a dream. But in a condition called REM sleep behavior disorder, the lock fails. Sleepers start acting out their dreams for real, punching, kicking, shouting, or leaping out of bed, sometimes injuring themselves or a partner. People have tackled furniture or dived across the room while chasing something that existed only in their heads.","If REM's muscle paralysis fails, sleepers physically act out their dreams, sometimes violently.","rem-sleep,rbd,parasomnia",53,false,"rem-sleep-night-cycles,lucid-dreaming-aware,sleepwalking-childhood-common,snoring-common-risk,hibernation-slowed-body","human-body-quirks,psychology-and-behavior",
insomnia-sleep-opportunity,sleep-dreams,Insomnia,There Is an Insomnia That Slowly Kills You,"Most insomnia is miserable but harmless. Fatal familial insomnia is not. It is an extremely rare inherited disease in which a misfolded protein, a prion, gradually destroys the part of the brain that lets you sleep. Victims slide into a state where real sleep becomes impossible, drifting through worsening confusion, physical decline, and hallucination. There is no cure, and it is usually fatal within months to a couple of years.",Fatal familial insomnia is an inherited prion disease that erases sleep and kills within a few years.,"insomnia,prion-disease,sleep",52,false,"insomnia-short-chronic,insomnia-daytime-effects,snoring-common-risk,sleep-half-brain-awake,sleepwalking-childhood-common",medicine-and-cures,
insomnia-short-chronic,sleep-dreams,Insomnia,A Teenager Once Stayed Awake for 11 Days,"In 1964, 17-year-old Randy Gardner set out to break the record for staying awake, for a high school science fair. He lasted an astonishing 264 hours, about 11 days, with friends keeping him moving. Along the way he grew moody and paranoid, struggled to think clearly, and had hallucinations, at one point believing he was a football player. Remarkably, after one long recovery sleep, he seemed to bounce back fine.","In 1964 a 17-year-old stayed awake 264 hours for a science fair, with hallucinations along the way.","insomnia,sleep-deprivation,record",53,false,"insomnia-sleep-opportunity,insomnia-daytime-effects,rem-sleep-night-cycles,minecraft-virtual-blocks,pokemon-more-than-game",games-and-play,
insomnia-daytime-effects,sleep-dreams,Insomnia,A Rare Gene Lets Some People Thrive on Little Sleep,"Most people who sleep only four or five hours a night are quietly wrecking their health and racking up sleep debt. But a tiny number of true 'short sleepers' feel completely fine on it, and it's written in their genes. Rare mutations, such as in a gene called DEC2, let these people function fully on unusually little rest. The catch: almost everyone who thinks they have it doesn't.",Rare gene mutations let a few 'short sleepers' thrive on 4 to 6 hours without harm.,"insomnia,genetics,short-sleeper",51,false,"insomnia-sleep-opportunity,insomnia-short-chronic,nightmares-common-adults,rem-sleep-muscle-atonia,sleep-paralysis-hallucinations",numbers-and-mathematics,
circadian-rhythm-24-hour,sleep-dreams,Circadian Rhythm,A Man Lived in a Cave to Lose Track of Time,"In the 1960s and 70s, French explorer Michel Siffre sealed himself in dark caves for months with no clocks, sunlight, or calendars, to see what his body would do. Cut off from day and night, his internal clock drifted onto its own schedule, and his sense of time fell apart. He badly miscounted the days, once thinking two months had passed when it had been far longer. The clock, it turned out, runs from within.",Michel Siffre spent months in dark caves and his body clock drifted free of the real day.,"circadian-rhythm,michel-siffre,time",53,false,"circadian-rhythm-melatonin,naps-performance-boost,lucid-dreaming-common,time-hard-to-define,lucid-dreaming-rem","timekeeping,hidden-underground,exploration-and-navigation,music-and-sound",
circadian-rhythm-melatonin,sleep-dreams,Circadian Rhythm,Your Eyes Have Cells Just for Telling Time,"Your eyes do more than see. Alongside the cells that build images, the retina holds a special set of light detectors whose main job is not vision at all, but telling your brain whether it is day or night. They are especially tuned to blue light, which is why staring at a bright phone at bedtime can trick your clock into thinking it is daytime and delay your sleep. Some blind people still keep a normal rhythm through them.","Special non-visual cells in the eye sense light to set your body clock, and blue screens fool them.","circadian-rhythm,light,melatonin",51,false,"circadian-rhythm-24-hour,naps-performance-boost,lucid-dreaming-common,pink-not-always-girly,eyes-retina-part-of-brain","perception-and-brain,human-body-quirks,timekeeping,music-and-sound",
naps-twenty-minutes,sleep-dreams,Naps,Dali and Edison Napped Holding a Key,"Both Salvador Dali and Thomas Edison used the same odd napping trick to spark ideas. They would doze off in a chair holding an object, a key or a metal ball, above a plate or the floor. The instant they drifted into sleep, their hand relaxed, the object clattered down, and the noise jolted them awake, capturing the dreamy, idea-rich state right at sleep's edge. A 2021 study found that fuzzy threshold really does boost creative problem-solving.",Dali and Edison napped holding an object that woke them at sleep's edge to harvest creative ideas.,"naps,creativity,hypnagogia",52,false,"naps-performance-boost,rem-sleep-night-cycles,snoring-common-risk,insomnia-short-chronic,insomnia-sleep-opportunity","materials-and-chemistry,animal-intelligence",
naps-performance-boost,sleep-dreams,Naps,"Your 3 P.M. Crash Is Programmed Into Your Body Clock, Not Your Lunch","That mid-afternoon wave of drowsiness is not just the aftermath of lunch. Your body clock has a built-in dip in alertness in the early afternoon, a smaller cousin of the deep dip that puts you to sleep at night. It shows up even if you skip lunch entirely. Cultures with a traditional siesta essentially schedule around this natural low point, resting through the hours when the human body is quietly wired to slow down.",The afternoon slump shows up even if you skip lunch entirely — it's a built-in dip in your circadian rhythm.,"naps,circadian-rhythm,siesta",52,false,"naps-twenty-minutes,circadian-rhythm-melatonin,circadian-rhythm-24-hour,snoring-common-risk,lucid-dreaming-common","timekeeping,disaster-and-catastrophe,deep-sea-and-abyss,music-and-sound",
sleep-paralysis-hallucinations,sleep-dreams,Sleep Paralysis,The Same Terrifying Figure Haunts Sleepers Worldwide,"Across wildly different cultures, people describe the same horror during sleep paralysis: a menacing presence, often a heavy figure crouched on the chest, pressing the breath out of them. It is Newfoundland's 'Old Hag,' Japan's kanashibari, the demon in Fuseli's famous painting The Nightmare. Many people who feel unable to move while a shadowy being looms nearby later interpret it as a ghost, a demon, or even an alien abduction.","Sleep paralysis produces the same chest-crushing figure worldwide, seen as hags, demons, or aliens.","sleep-paralysis,folklore,hallucinations",53,false,"nightmares-common-adults,rem-sleep-muscle-atonia,fairy-tales-folk-and-art,horseshoes-st-dunstan,insomnia-daytime-effects,kraken-may-reflect-squid",myth-vs-reality,
depth-perception-motion-parallax,illusions-perceptions,Depth Perception,Some People Cannot See in 3D at All,"For millions of people, the world is subtly flat. Their eyes never learned to team up, so they get no depth from binocular vision and cannot see the pop-out effect in a 3D movie. Neuroscientist Susan Barry lived that way until her 40s, when vision therapy suddenly switched it on. She was overwhelmed, describing snowflakes as floating dots hanging in space rather than a flat curtain. Depth, it turned out, was something her brain could still learn.","Some people are 'stereoblind' and see no 3D depth, though a few gain it later in life.","depth-perception,stereoblindness,vision",51,false,"depth-perception-learned-cues,afterimages-one-eye,blind-spots-brain-fills-in,eyes-two-eyes-3d-vision,perception-brain-fills-gaps","perception-and-brain,collective-behavior,storytelling-and-narrative",
depth-perception-learned-cues,illusions-perceptions,Depth Perception,The Moon Looks Huge on the Horizon for No Real Reason,"A full Moon rising over the horizon can look enormous, then shrink to a modest disc as it climbs. Yet it never actually changes size. Hold up a coin or snap two photos and the low Moon and the high Moon measure exactly the same. This is the Moon illusion, one of the oldest known tricks of perception, and after thousands of years scientists still argue about what in the brain causes it.",The horizon Moon looks giant but is identical to the high Moon; science still debates why.,"depth-perception,moon-illusion,perception",52,false,"depth-perception-motion-parallax,motion-illusions-rotating-snakes,color-illusions-rgb-white,crossed-arms-not-always-defensive,brands-shape-perception,mirage-fake-water","record-extremes,optical-illusion,perception-and-brain,stars-and-cosmos",
mirage-bending-light,illusions-perceptions,Mirage,A Mirage Can Conjure Floating Cities and Ghost Ships,"Beyond simple wet-road shimmer lies the Fata Morgana, a mirage so dramatic it looks supernatural. When layers of air bend light just so, distant coastlines, ships, and cliffs get stretched and stacked into towering castles that seem to hover above the sea. Sailors have reported entire cities on the horizon that were not there. The Fata Morgana is a leading explanation for centuries of Flying Dutchman ghost-ship sightings.","The Fata Morgana mirage stacks distant objects into floating cities, likely fueling ghost-ship tales.","mirage,fata-morgana,atmospheric-optics",51,false,"mirage-looming,mirage-fake-water,forced-perspective-focus-planning,motion-illusions-rotating-snakes,depth-perception-learned-cues","optical-illusion,energy-and-power,flight-and-aviation,war-and-conflict",
mirage-fake-water,illusions-perceptions,Mirage,That Desert Oasis Is Really a Piece of the Sky,"The shimmering pool on a hot highway or desert plain looks exactly like water, but there is no water and no reflection. The ground there is baking, and the air just above it is scorching and thin. Light coming down from the blue sky hits that hot layer and bends upward into your eyes. So what you see pooled on the road is not a puddle at all. It is a bent-up image of the sky itself.","The 'water' on a hot road is really an image of the sky, bent upward by hot air.","mirage,refraction,desert",52,false,"mirage-bending-light,mirage-looming,motion-illusions-rotating-snakes,depth-perception-learned-cues,color-illusions-three-cones",optical-illusion,
mirage-looming,illusions-perceptions,Mirage,A Mirage Can Show You a Sun That Has Already Set,"Light bending through cold air can lift things that should be hidden below the horizon right into view. The most striking case is the Novaya Zemlya effect, named after an Arctic island. In 1597, stranded Dutch explorers watched the Sun rise about two weeks earlier than it possibly could have. Chilled air was bending sunlight over the curve of the Earth, delivering a sunrise from a Sun that was still far below the horizon.","Bending Arctic air can show the Sun while it is still below the horizon, a real sunrise mirage.","mirage,novaya-zemlya,atmospheric-optics",53,false,"mirage-bending-light,mirage-fake-water,depth-perception-learned-cues,motion-illusions-rotating-snakes,forced-perspective-focus-planning","origins-and-naming,optical-illusion,exploration-and-navigation",
pareidolia-faces-randomness,illusions-perceptions,Pareidolia,A Face on Mars Turned Out to Be a Hill,"In 1976, a NASA Viking orbiter photographed a mesa in the Cydonia region of Mars that looked startlingly like a giant human face staring up at space. It fueled decades of claims about ancient Martian monuments and alien civilizations. But when sharper cameras returned years later, the magic vanished. The face was just an ordinary eroded hill, its eyes and mouth created by shadows and low-resolution pixels. Our face-hungry brains did the rest.","The famous 'Face on Mars' was an ordinary hill, sculpted into a face by shadow and low resolution.","pareidolia,face-on-mars,perception",51,false,"pareidolia-survival-skill,pareidolia-apophenia,afterimages-one-eye,perception-brain-fills-gaps,brands-shape-perception","perception-and-brain,gravity-and-orbits,energy-and-power,lost-and-rediscovered",
pareidolia-apophenia,illusions-perceptions,Pareidolia,"A Grilled Cheese Sold for $28,000 Because of a Face","In 2004, a Florida woman put a decade-old grilled cheese sandwich up for auction, claiming the toast bore the face of the Virgin Mary. It sold on eBay for around $28,000. The sandwich is a perfect example of pareidolia, the brain's habit of finding faces in random things: clouds, wood grain, burnt toast, the surface of the Moon. The pattern is not really there, but the recognition feels instant and certain.","A grilled cheese said to show the Virgin Mary sold for about $28,000, a classic case of pareidolia.","pareidolia,faces,psychology",52,false,"pareidolia-faces-randomness,pareidolia-survival-skill,blind-spots-optic-nerve,afterimages-retina-desensitized,depth-perception-learned-cues","psychology-and-behavior,stars-and-cosmos,money-trade-and-value,food-and-cuisine",
pareidolia-survival-skill,illusions-perceptions,Pareidolia,Cars and Outlets Look Like Faces on Purpose,"Your brain has a dedicated face-spotting system, and it is deliberately trigger-happy. For early humans, instantly clocking a face, friend or predator, was worth the cost of occasional false alarms. Mistaking a shadow for a face is harmless. Missing a lurking threat is not. That hair-trigger is why two headlights and a grille read as a face, why power outlets look surprised, and why we find expressions in the fronts of cars and houses.","An overeager, survival-tuned face detector is why cars, outlets, and buildings seem to have faces.","pareidolia,evolution,face-perception",52,false,"pareidolia-faces-randomness,pareidolia-apophenia,afterimages-one-eye,sharks-older-than-dinosaurs,perception-brain-fills-gaps","perception-and-brain,energy-and-power,timekeeping,lost-and-rediscovered",
afterimages-retina-desensitized,illusions-perceptions,Afterimages,Stare at the Wrong Colors and a Hidden Flag Appears,"Try this: stare hard at a flag painted in the wrong colors, black stars on a cyan field with black-and-yellow stripes, for about 30 seconds, then look at a blank white wall. A ghostly, correctly colored red-white-and-blue American flag floats into view. The trick is that your eyes flip each color to its opposite. Cyan becomes red, yellow becomes blue, black becomes white. Your own visual system fills in the true flag.",Staring at a color-reversed flag makes a correctly colored afterimage flag appear on a blank wall.,"afterimages,color,vision",51,false,"afterimages-one-eye,blind-spots-optic-nerve,color-illusions-three-cones,ancient-temples-cella-inner-room,fly-geyser-art-landscape,mars-search-for-life","stars-and-cosmos,color-and-light",
afterimages-one-eye,illusions-perceptions,Afterimages,Hold Your Eyes Still and Things Start to Vanish,"Your eyes constantly make tiny, involuntary jitters, and it turns out those flicks are keeping your vision alive. If you fix your gaze perfectly on one spot and hold steady, unchanging details in the edges of your view slowly fade and disappear, an effect called Troxler fading. Your brain tunes out anything that never changes. It is the same reason you do not constantly see your own nose or the blur of your eyelashes.","Holding your gaze still makes steady edges of your vision fade out, called Troxler fading.","afterimages,troxler-fading,perception",52,false,"afterimages-retina-desensitized,blind-spots-brain-fills-in,the-dress-blue-processing,brands-shape-perception,pink-not-always-girly,attention-cannot-focus-everything",perception-and-brain,
blind-spots-optic-nerve,illusions-perceptions,Blind Spots,Your Blind Spot Could Swallow Nine Full Moons,"The blind spot in each eye is not some tiny pinprick. It is a sizable gap where the optic nerve punches through the retina, big enough that if you close one eye and line things up, it could hide about nine full Moons sitting side by side. So why is your view not full of holes? Because your two eyes are offset. Each one's blind spot falls exactly where the other eye is still seeing, and they quietly cover for each other.","Each eye's blind spot is large enough to hide nine Moons, but the other eye covers the gap.","blind-spot,eyes,vision",51,false,"blind-spots-brain-fills-in,afterimages-retina-desensitized,depth-perception-motion-parallax,eyes-two-eyes-3d-vision,giant-squid-dinner-plate-eyes","stars-and-cosmos,human-body-quirks,counterintuitive-scale",
blind-spots-brain-fills-in,illusions-perceptions,Blind Spots,You Go Blind Every Time Your Eyes Move,"Your eyes do not glide smoothly across a scene. They leap in quick jumps called saccades, and during each jump your brain briefly shuts vision off so the world does not smear. You are effectively blind for a fraction of a second, hundreds of times an hour, and never notice. The proof is simple and eerie: look at your own eyes in a mirror and flick your gaze back and forth. You will never once catch them moving.","Vision briefly switches off during each eye movement, so you can't see your own eyes move in a mirror.","blind-spot,saccades,perception",51,false,"blind-spots-optic-nerve,afterimages-one-eye,color-illusions-three-cones,brands-shape-perception,pink-not-always-girly,depth-perception-motion-parallax","perception-and-brain,numbers-and-mathematics",
color-illusions-rgb-white,illusions-perceptions,Color Illusions,Two Squares Can Be Identical Yet Look Totally Different,"In the famous checker-shadow illusion, a checkerboard sits under a shadow cast by a green cylinder. One light square in the shade and one dark square in the light are printed in the exact same shade of grey. But your brain, busy correcting for the shadow, is utterly convinced they are different. Even when told the truth, most people simply cannot see them as equal until you physically connect the two squares with a matching grey bar.","In the checker-shadow illusion, two squares are the same grey but look completely different.","color-illusions,checker-shadow,perception",52,false,"color-illusions-three-cones,motion-illusions-rotating-snakes,depth-perception-learned-cues,crossed-arms-not-always-defensive,pink-not-always-girly,motion-illusions-peripheral-drift","perception-and-brain,optical-illusion,color-and-light,numbers-and-mathematics",
color-illusions-three-cones,illusions-perceptions,Color Illusions,A Photo With No Red Can Still Look Full of Red,"There is a well-known image of strawberries that looks unmistakably red and ripe. The twist: the picture contains no red pixels at all. It has been tinted heavily cyan, and the 'red' you see is entirely manufactured by your brain. Assuming the whole scene is lit by bluish light, your visual system cancels out the tint to guess the true colors, a process called color constancy. It over-corrects, and paints strawberries red that are technically grey-green.",A cyan-tinted photo with zero red pixels still looks red because your brain corrects for the light.,"color-illusions,color-constancy,perception",53,false,"color-illusions-rgb-white,motion-illusions-rotating-snakes,depth-perception-learned-cues,pink-not-always-girly,crossed-arms-not-always-defensive,blind-spots-brain-fills-in","perception-and-brain,optical-illusion,color-and-light,numbers-and-mathematics",
impossible-shapes-persistent,illusions-perceptions,Impossible Shapes,You Can Actually Build a Penrose Triangle,"An impossible object sounds like it can only live on paper, yet you can construct one in the real world. In Perth, Australia, a large steel sculpture appears to be a solid Penrose triangle, its three beams joining in a way that should be impossible. The secret is that it is not actually closed. From one precise viewpoint the gap lines up perfectly and the beams seem to meet, but walk a few steps and the whole illusion falls apart.","A Perth sculpture looks like a solid Penrose triangle, but only from one exact viewing spot.","impossible-shapes,penrose,sculpture",52,false,"mirage-fake-water,forced-perspective-focus-planning,motion-illusions-rotating-snakes,forced-perspective-camera-distance,depth-perception-learned-cues","optical-illusion,camouflage-and-mimicry,music-and-sound,architecture-and-structures",
motion-illusions-rotating-snakes,illusions-perceptions,Motion Illusions,Stare at a Waterfall and the Rocks Drift Upward,"Watch flowing water or a wall of downward-moving stripes for half a minute, then shift your gaze to something still, like nearby rocks. The stationary scene will appear to creep upward, in the opposite direction. This is the motion aftereffect, or 'waterfall illusion,' and Aristotle described a version of it over 2,000 years ago. The motion detectors in your brain get tired in one direction, leaving the opposite ones to briefly win.","After watching downward motion, still objects seem to drift up, an effect noted since Aristotle.","motion-illusions,motion-aftereffect,perception",51,false,"motion-illusions-peripheral-drift,depth-perception-learned-cues,color-illusions-rgb-white,crossed-arms-not-always-defensive,brands-shape-perception,mirage-fake-water","perception-and-brain,optical-illusion",
motion-illusions-peripheral-drift,illusions-perceptions,Motion Illusions,This Still Image Only Moves When You Don't Look at It,"The 'Rotating Snakes' illusion is a printed pattern of colored rings that appear to churn and spin, yet nothing on the page is moving. The effect lives entirely in your peripheral vision. The circles seem to rotate wherever you are not looking directly, and the instant you lock your eyes onto one, it snaps to a dead stop. Tiny involuntary eye movements and slight timing differences in how your brain processes light and dark create the phantom motion.",'Rotating Snakes' seems to spin in peripheral vision but freezes the moment you stare at it.,"motion-illusions,rotating-snakes,peripheral-vision",53,false,"motion-illusions-rotating-snakes,color-illusions-rgb-white,color-illusions-three-cones,depth-perception-learned-cues,afterimages-one-eye","gravity-and-orbits,optical-illusion,perception-and-brain,color-and-light",
forced-perspective-size-trick,illusions-perceptions,Forced Perspective,Hobbits Were Shrunk Mostly Without Special Effects,"The Lord of the Rings films made hobbits look tiny beside full-sized humans largely with old-fashioned camera trickery, not just digital effects. Actors playing hobbits were placed farther from the camera than the taller characters, on cleverly angled sets that hid the gap. In one famous shot, a whole bench and its props slid slowly during filming so a hobbit and a wizard stayed the right relative sizes as the camera moved around them.","Lord of the Rings shrank hobbits mainly with camera distance and sliding sets, not just CGI.","forced-perspective,movies,special-effects",53,false,"forced-perspective-focus-planning,forced-perspective-camera-distance,the-dress-split-perception,special-effects-miniature-physics,stop-motion-king-kong-model","storytelling-and-narrative,animal-intelligence,computing-and-web",
forced-perspective-camera-distance,illusions-perceptions,Forced Perspective,A Room Can Make People Grow and Shrink,"The Ames Room looks like an ordinary square room when viewed through a special peephole, but it is wildly lopsided, with one back corner far taller and farther away than the other. The distortion is built to fool you into seeing it as normal. So when a person walks from one back corner to the other, they appear to magically swell into a giant or shrink into a dwarf, even though they never change size at all.",The lopsided Ames Room makes a person appear to grow or shrink as they cross it.,"forced-perspective,ames-room,perception",52,false,"forced-perspective-focus-planning,forced-perspective-size-trick,afterimages-one-eye,brands-shape-perception,perception-brain-fills-gaps","perception-and-brain,camouflage-and-mimicry",
forced-perspective-focus-planning,illusions-perceptions,Forced Perspective,Disney Castles Are Shorter Than They Look,"Disney's fairy-tale castles and old-timey Main Street buildings tower over visitors, but much of that height is an illusion baked into the architecture. The technique, called forced perspective, makes each floor above the ground level slightly shorter, with smaller windows and bricks, than the one below. Your brain assumes the upper floors are normal-sized and therefore far away, so the whole structure reads as much taller and grander than it physically is.",Disney shrinks the upper floors of its castles and buildings so they look far taller than they are.,"forced-perspective,architecture,disney",53,false,"forced-perspective-camera-distance,forced-perspective-size-trick,motion-illusions-rotating-snakes,castles-keeps-replaced-donjons,documentaries-shape-facts,japanese-castles-adapted-over-time","architecture-and-structures,optical-illusion,perception-and-brain,war-and-conflict",
the-dress-split-perception,illusions-perceptions,The Dress,The Dress That Broke the Internet Was Really Blue and Black,"In 2015, a photo of a dress tore the internet apart: some people saw it as white and gold, others as blue and black, and both sides were baffled anyone could disagree. The strangest part is that the real dress was verifiably blue and black. Yet many white-and-gold viewers could not force themselves to see it, even after being told the answer and shown the actual garment. The same pixels simply looked like different colors to different brains.","The viral dress was really blue and black, but many people physically could not see it that way.","the-dress,color-perception,viral",53,false,"the-dress-blue-processing,color-illusions-rgb-white,color-illusions-three-cones,afterimages-retina-desensitized,afterimages-one-eye","internet-and-virality,computing-and-web,perception-and-brain,color-and-light",
the-dress-blue-processing,illusions-perceptions,The Dress,The Dress Had a Sound-Based Twin,"The Dress proved that people can flatly disagree about the same image, and it was not a one-time fluke of eyes or screens. A few years later, an audio clip called 'Yanny or Laurel' did the exact same thing to hearing. Millions argued over whether a robotic voice said 'Yanny' or 'Laurel,' and just like the dress, listeners often could not switch. Perception splits like these show your brain is always guessing, whether the signal is light or sound.",'Yanny or Laurel' split people's hearing just as The Dress split their vision.,"the-dress,yanny-laurel,perception",52,false,"the-dress-split-perception,afterimages-one-eye,blind-spots-brain-fills-in,brands-shape-perception,pink-not-always-girly","music-and-sound,perception-and-brain",
caesar-cipher-letter-shift,secret-codes,Caesar Cipher,A Cereal Ad Hid a Caesar Cipher in Every Box,"For much of the 20th century, kids mailed in cereal box tops for 'secret decoder' rings and badges, and the secret inside was a Caesar cipher. Radio shows like Captain Midnight fed young listeners scrambled clues they could crack only with the ring. The gag is immortalized in the movie A Christmas Story, where Ralphie eagerly decodes his special message and finds a letdown: a plain ad reading 'Be sure to drink your Ovaltine.'","Cereal-box 'secret decoder' rings were Caesar ciphers, famously spoofed in A Christmas Story.","caesar-cipher,decoder-ring,pop-culture",52,false,"caesar-cipher-julius-caesar,book-cipher-coordinates,pigpen-freemason-cipher,apollo13-houston-misquote,book-cipher-book-as-key","codes-and-cryptography,storytelling-and-narrative",
caesar-cipher-julius-caesar,secret-codes,Caesar Cipher,Rome's Greatest General Used a Laughably Weak Code,"The Roman historian Suetonius recorded that Julius Caesar protected his private letters by shifting every letter three places down the alphabet, so A became D. It worked in an era when most enemies could barely read, but by modern standards it is almost no security at all. A codebreaker cracks a Caesar cipher in seconds. Caesar's own great-nephew Augustus used an even flimsier version, shifting each letter by just one.","Julius Caesar's cipher shifted letters by three, a code modern codebreakers crack in seconds.","caesar-cipher,julius-caesar,history",52,false,"caesar-cipher-letter-shift,pigpen-freemason-cipher,one-time-pad-hard-distribution,voynich-yale-library,alphabet-name-alpha-beta","codes-and-cryptography,language-and-writing",
enigma-rotors-plugboard,secret-codes,Enigma Machine,Enigma Had 158 Million Million Million Settings — But It Could Never Encrypt a Letter as Itself,"The German Enigma machine looked unbeatable: its rotating wheels and plugboard could scramble a message into any of roughly 158 million million million settings. But it carried one fatal quirk. Because of how it was wired, Enigma could never encode a letter as itself. An A could become anything except A. Codebreakers pounced on that weakness, using it to rule out huge numbers of wrong settings and claw their way toward the real one.","Enigma could scramble a message into any of roughly 158 million million million settings, but a wiring quirk meant a letter could never be encoded as itself — the flaw codebreakers used to crack it.","enigma-machine,cryptanalysis,world-war-ii",52,false,"enigma-turing-bletchley,navajo-code-talkers-indigenous-languages,one-time-pad-spy-booklets,prime-numbers-cryptography,one-time-pad-hard-distribution,book-cipher-coordinates","gravity-and-orbits,codes-and-cryptography,war-and-conflict,numbers-and-mathematics",
enigma-turing-bletchley,secret-codes,Enigma Machine,The Enigma Secret Was Kept for Almost 30 Years,"Breaking Enigma and other German codes may have shortened World War II by as much as two years and saved countless lives. Yet the achievement stayed classified for decades. The thousands who worked at Bletchley Park, including Alan Turing, were sworn to silence, and the secret held until the 1970s. Many codebreakers went to their graves, or lived most of their lives, with the world never knowing what they had done.",Breaking Enigma may have shortened WWII by two years but stayed secret until the 1970s.,"enigma-machine,bletchley-park,secrecy",53,false,"enigma-rotors-plugboard,navajo-code-talkers-largest-program,one-time-pad-hard-distribution,steganography-lemon-juice,navajo-code-talkers-indigenous-languages",war-and-conflict,
semaphore-visual-signaling,secret-codes,Semaphore,France Had a Working Internet in the 1790s,"Long before electric wires, France built a nationwide messaging network out of nothing but eyesight. Starting in 1794, Claude Chappe erected a chain of towers topped with jointed mechanical arms, each spaced a few miles apart. An operator set the arms into coded positions, the next tower copied them through a telescope, and so on down the line. A message could cross the whole country in minutes. Chappe even coined a name for it: the telegraph.",Claude Chappe's 1790s tower network relayed messages across France in minutes by sightline.,"semaphore,optical-telegraph,claude-chappe",51,false,"semaphore-tower-network,book-cipher-coordinates,book-cipher-book-as-key,peace-symbol-nuclear-disarmament,steganography-hidden-message","energy-and-power,architecture-and-structures,computing-and-web",
semaphore-tower-network,secret-codes,Semaphore,The First Data Hack Used a Telegraph Network,"France's semaphore network was meant only for official government messages, but in the 1830s two bankers, the Blanc brothers, quietly hijacked it. They bribed operators along the line to insert tiny deliberate 'errors' into official signals, secretly encoding the latest movements of the Paris stock market. For two years the brothers got market news days ahead of everyone else. It is often called the first data breach in history, committed on an internet made of towers.","In the 1830s the Blanc brothers bribed semaphore operators to smuggle stock data, an early data hack.","semaphore,blanc-brothers,history",53,false,"semaphore-visual-signaling,book-cipher-coordinates,steganography-digital-files,peace-symbol-nuclear-disarmament,enigma-rotors-plugboard","computing-and-web,money-trade-and-value,architecture-and-structures",
steganography-hidden-message,secret-codes,Steganography,An Ancient Secret Was Tattooed on a Slave's Head,"The ancient Greek historian Herodotus records one of the oldest hidden messages ever. A ruler named Histiaeus wanted to send secret orders, so he shaved the head of a trusted slave, tattooed the message onto his scalp, and waited for the hair to grow back and cover it. The messenger then walked openly to the destination, carrying nothing suspicious. There, his head was shaved again to reveal the words. The secret was the messenger himself.","Histiaeus tattooed a secret message on a slave's shaved scalp, hidden once the hair grew back.","steganography,histiaeus,ancient-greece",52,false,"steganography-digital-files,steganography-lemon-juice,pigpen-freemason-cipher,antikythera-predicted-eclipses,olympic-games-ancient-greek-festival","codes-and-cryptography,record-extremes",
steganography-lemon-juice,secret-codes,Steganography,Spies Shrank Whole Documents to a Tiny Dot,"During the World Wars, spies mastered the microdot, a way to photograph an entire page and shrink it down to a speck the size of the period at the end of this sentence. That tiny dot could be glued over the dot of an i, tucked under a postage stamp, or hidden in a ring, then blown back up to full size with a microscope. FBI director J. Edgar Hoover called the microdot 'the enemy's masterpiece of espionage.'",Microdots shrank entire documents to a speck that could hide under a stamp or a printed period.,"steganography,microdot,espionage",52,false,"steganography-digital-files,steganography-hidden-message,one-time-pad-spy-booklets,enigma-turing-bletchley,navajo-code-talkers-largest-program","counterintuitive-scale,war-and-conflict",
steganography-digital-files,secret-codes,Steganography,Your Printer Hides Secret Dots on Every Page,"Most color laser printers carry out a form of steganography without telling you. On every page they print, they add a faint grid of tiny yellow dots, nearly invisible to the naked eye, that encodes the printer's serial number and the date and time. The pattern was designed to fight counterfeiting, but it works on anything you print. Investigators have used those secret dots to trace leaked documents back to the exact machine that printed them.","Color printers secretly add near-invisible yellow dots encoding the serial number, date, and time.","steganography,printer,privacy",52,false,"steganography-lemon-juice,steganography-hidden-message,book-cipher-coordinates,one-time-pad-spy-booklets,enigma-rotors-plugboard","deception-and-hoax,color-and-light,numbers-and-mathematics",
pigpen-freemason-cipher,secret-codes,Pigpen Cipher,Freemasons Carved This Cipher on Their Graves,"The Pigpen cipher's origins are murky, but the Freemasons embraced it so thoroughly in the 1700s that it is often called the Freemason's Cipher. They used it to keep records and mark documents. Most strikingly, some Masonic gravestones are inscribed with the cipher's little angular symbols, so a stroll through certain old cemeteries reveals headstones written in secret code, quietly waiting for a passerby who knows the grid to read them.","Freemasons used Pigpen so heavily it bears their name, and some Masonic gravestones are carved in it.","pigpen-cipher,freemasons,history",53,false,"caesar-cipher-letter-shift,one-time-pad-hard-distribution,steganography-hidden-message,book-cipher-coordinates,caesar-cipher-julius-caesar,book-cipher-book-as-key",codes-and-cryptography,
one-time-pad-spy-booklets,secret-codes,One-Time Pad,Eerie Radio Voices Still Read Numbers to Spies,"Turn a shortwave radio to the right frequency and you might stumble onto a 'numbers station': a flat, robotic voice reading endless strings of digits, sometimes after a snatch of strange music. These broadcasts have hummed across the airwaves since the Cold War, and many are still active today. The leading explanation is that they send one-time-pad messages to spies in the field, who copy the numbers and decode them with a matching secret pad.",Shortwave 'numbers stations' broadcast digit strings believed to be one-time-pad messages for spies.,"one-time-pad,numbers-stations,espionage",52,false,"one-time-pad-hard-distribution,steganography-lemon-juice,navajo-code-talkers-indigenous-languages,enigma-rotors-plugboard,book-cipher-coordinates,book-cipher-book-as-key","music-and-sound,numbers-and-mathematics,codes-and-cryptography,war-and-conflict",
one-time-pad-hard-distribution,secret-codes,One-Time Pad,The Soviets Got Lazy and America Read Their Mail,"A one-time pad is unbreakable only if every key is used exactly once. During and after World War II, overwhelmed Soviet code clerks broke that rule and reused some pads. It was a small slip with enormous consequences. A secret American effort called the Venona project spotted the repeats and slowly pried open thousands of Soviet messages, helping to expose atomic spies. The world's perfect cipher was undone not by math, but by human shortcuts.","The Soviets reused one-time pads, and the secret Venona project exploited the slip to unmask spies.","one-time-pad,venona,cold-war",53,false,"one-time-pad-spy-booklets,navajo-code-talkers-indigenous-languages,pigpen-freemason-cipher,peace-symbol-despair,enigma-rotors-plugboard,enigma-turing-bletchley","codes-and-cryptography,war-and-conflict",
book-cipher-book-as-key,secret-codes,Book Cipher,A Coded Message Promises Buried Treasure No One Can Find,"In the 1800s a man named Thomas Beale supposedly left behind three coded sheets pointing to a fortune in buried gold and silver in Virginia. Only the second sheet has ever been solved, by matching its numbers to words in the Declaration of Independence, and it describes a staggering treasure. The other two, which reveal the exact location and the owners, have resisted every codebreaker for over a century. Treasure hunters are still digging today.","The Beale ciphers use a book as their key; one was solved via the Declaration, but two remain unbroken.","book-cipher,beale-ciphers,treasure",51,false,"book-cipher-coordinates,caesar-cipher-letter-shift,pigpen-freemason-cipher,oak-island-money-pit,one-time-pad-spy-booklets","hidden-underground,codes-and-cryptography,storytelling-and-narrative,numbers-and-mathematics",
book-cipher-coordinates,secret-codes,Book Cipher,Benedict Arnold Betrayed America With a Book Code,"When Benedict Arnold plotted to hand West Point to the British, he protected his treasonous letters with a book cipher. He and his contact agreed on a specific published book, then wrote messages as strings of numbers, each pointing to a page, line, and word inside it. To anyone who intercepted the letters, they were meaningless digits. Without knowing exactly which book unlocked them, the coordinates led nowhere. The book was the whole secret.","Benedict Arnold hid his treason in a book cipher, encoding words as page, line, and position numbers.","book-cipher,benedict-arnold,history",52,false,"book-cipher-book-as-key,caesar-cipher-letter-shift,one-time-pad-spy-booklets,pigpen-freemason-cipher,enigma-rotors-plugboard","numbers-and-mathematics,codes-and-cryptography,storytelling-and-narrative",
navajo-code-talkers-indigenous-languages,secret-codes,Navajo Code Talkers,The Navajo Code Was Never Broken,"In the Pacific during World War II, US Marines transmitted vital battlefield orders using the Navajo language, and enemy codebreakers never cracked it. Navajo was spoken by very few outsiders, had no written form, and used sounds and grammar unlike anything Japanese cryptographers had trained on. It stands as one of the only spoken military codes in modern history that was never broken, protecting American operations through some of the fiercest fighting of the war.","The Navajo code used in WWII was never broken, a rarity among modern military codes.","navajo-code-talkers,world-war-ii,codes",53,false,"navajo-code-talkers-coded-vocabulary,navajo-code-talkers-largest-program,enigma-rotors-plugboard,one-time-pad-hard-distribution,one-time-pad-spy-booklets","war-and-conflict,codes-and-cryptography,music-and-sound",
navajo-code-talkers-largest-program,secret-codes,Navajo Code Talkers,The Army Once Punished the Language That Won Battles,"There is a bitter irony at the heart of the code talkers' story. For decades, the US government ran boarding schools that tried to erase Native languages, punishing Navajo children for speaking their own tongue. Then, when war came, the military discovered that the very language it had tried to stamp out made an unbreakable code. The same young men once forbidden to speak Navajo were now sending secret orders in it to help win the war.",Many Navajo code talkers had been punished as children for speaking the language that later won battles.,"navajo-code-talkers,history,irony",53,false,"navajo-code-talkers-indigenous-languages,navajo-code-talkers-coded-vocabulary,enigma-turing-bletchley,apollo13-mattingly-measles-swap,steganography-lemon-juice","war-and-conflict,human-body-quirks,storytelling-and-narrative",
navajo-code-talkers-coded-vocabulary,secret-codes,Navajo Code Talkers,Code Talkers Invented Words for Tanks and Subs,"Navajo had no words for modern military gear, so the code talkers invented a vivid vocabulary. A submarine became an 'iron fish,' a tank a 'tortoise,' and warplanes took bird names: an owl for an observation plane, a hummingbird for a fighter. On top of that, the men were astonishingly fast. A code talker could receive, translate, and send a message in around 20 seconds, a task that took the coding machines of the day roughly half an hour.",Code talkers coined terms like 'iron fish' for submarine and could beat a coding machine's speed.,"navajo-code-talkers,vocabulary,world-war-ii",53,false,"navajo-code-talkers-indigenous-languages,navajo-code-talkers-largest-program,enigma-rotors-plugboard,caesar-cipher-julius-caesar,enigma-turing-bletchley","war-and-conflict,flight-and-aviation,language-and-writing,invention-and-breakthrough",
four-leaf-clovers-rare-luck,superstitions,Four-Leaf Clovers,"One Man Found More Than 100,000 Four-Leaf Clovers","A four-leaf clover is really a common clover with a rare genetic hiccup, an extra leaflet that shows up in only about 1 in 5,000 plants. That rarity is why finding one feels lucky, yet some people have an uncanny knack for spotting them. One American collector gathered over 100,000 of them, setting a world record, and the record for the most leaves ever found on a single clover stands at a staggering 56.","Four-leaf clovers are a 1-in-5,000 mutation, yet one collector amassed over 100,000.","four-leaf-clovers,luck,record",52,false,"rabbits-foot-graveyard-rules,black-cats-control-uncertainty,lucky-numbers-thirteen,lucky-numbers-symbolism,friday-13-country-variations","plants-and-botany,record-extremes",
evil-eye-envy-glance,superstitions,Evil Eye,Calling a Baby Cute Was Once Considered Dangerous,"At the heart of the evil eye is a strange idea: that envy and admiration themselves can cause harm. Praising a baby or a prized animal was thought to invite bad luck, as if the attention drew misfortune in. That belief still shapes everyday habits. In many cultures people quickly add a blessing like 'mashallah,' or even give a symbolic spit, right after a compliment to cancel out any accidental curse.","The evil eye holds that envy and admiration can cause real harm, so people still add a blessing to cancel out a compliment.","evil-eye,envy,folk-belief",51,false,"friday-13-country-variations,black-cats-control-uncertainty,rabbits-foot-graveyard-rules,lucky-numbers-seven,lucky-numbers-thirteen","luck-ritual-superstition,human-body-quirks,accidental-discovery,psychology-and-behavior",
friday-13-country-variations,superstitions,Friday the 13th,Other Countries Fear Completely Different Days,"Friday the 13th feels universally spooky, but the unlucky day depends on where you are. In Spain and Greece, the day to watch out for is Tuesday the 13th, not Friday. In Italy, Friday the 17th carries the bad vibes, partly because the Roman numeral XVII can be rearranged into a word meaning 'I have lived,' hinting at death. The idea of a cursed date is common, but which date it is keeps changing.","Spain and Greece dread Tuesday the 13th, and Italy fears Friday the 17th instead.","friday-the-13th,culture,unlucky-dates",53,false,"lucky-numbers-thirteen,evil-eye-envy-glance,turkish-coffee-salty-groom,black-cats-control-uncertainty,rabbits-foot-graveyard-rules","luck-ritual-superstition,psychology-and-behavior",
lucky-numbers-symbolism,superstitions,Lucky Numbers,China Loves the Number 8 So Much It Sells for a Fortune,"In China, 8 is intensely lucky because the word for it sounds like the word for wealth and prosperity. That belief carries real value: people pay huge sums for phone numbers, license plates, and addresses loaded with eights. One phone number packed with 8s reportedly sold for over a million dollars. The obsession even set a clock: organizers opened the Beijing Olympics on 8/8/08, at 8 seconds and 8 minutes past 8 p.m.","In China 8 sounds like 'wealth,' so 8-filled phone numbers and plates sell for fortunes.","lucky-numbers,china,number-eight",52,false,"lucky-numbers-thirteen,lucky-numbers-seven,friday-13-country-variations,wheel-spokes-chariots,evil-eye-envy-glance","money-trade-and-value,timekeeping,music-and-sound,numbers-and-mathematics",
lucky-numbers-seven,superstitions,Lucky Numbers,"Ask Anyone to Pick 1 to 10, and Most Say 7","Ask a room full of people to silently pick a number between 1 and 10, and far more will choose 7 than any other. Surveys around the world repeatedly crown 7 as humanity's favorite number. Part of the reason may be that it feels special and a little rebellious: among the numbers 1 through 10, it is the one that does not divide neatly or pair up with the others. That lonely, prime quality gives 7 an outsized mystique.","Among 1 through 10, it's the one that won't divide neatly or pair up, and that mystique sticks.","lucky-numbers,seven,psychology",52,false,"lucky-numbers-thirteen,lucky-numbers-symbolism,friday-13-country-variations,evil-eye-envy-glance,black-cats-control-uncertainty","numbers-and-mathematics,psychology-and-behavior",
lucky-numbers-thirteen,superstitions,Lucky Numbers,"Much of Asia Skips the Number Four, Not Thirteen","The West fears 13, but across much of East Asia the dreaded number is 4. In Chinese, Japanese, and Korean, the word for four sounds almost exactly like the word for death. The fear, called tetraphobia, is so strong that many buildings skip the 4th floor, and some leave out every floor with a 4, so an elevator may jump from 3 straight to 5. It is the Eastern mirror image of Western hotels omitting the 13th floor.","In much of East Asia 4 sounds like 'death,' so buildings skip the 4th floor as the West skips 13.","lucky-numbers,tetraphobia,culture",52,false,"lucky-numbers-seven,lucky-numbers-symbolism,friday-13-country-variations,evil-eye-envy-glance,black-cats-control-uncertainty","music-and-sound,psychology-and-behavior,architecture-and-structures,numbers-and-mathematics",
black-cats-control-uncertainty,superstitions,Black Cats,Black Cats Are Still the Least Adopted Pets,"The old superstition has a modern cost. In animal shelters, black cats are consistently adopted the least and wait the longest for homes, a pattern rescuers call 'black cat bias.' Part of the problem is not even superstition but cameras: solid black fur is hard to photograph well, so black cats often look like featureless blobs in the online adoption photos that help other pets find families. Their ancient bad luck follows them into the digital age.","Black cats are adopted least and linger longest in shelters, partly because they photograph poorly.","black-cats,animal-shelters,adoption",53,false,"friday-13-country-variations,evil-eye-envy-glance,rabbits-foot-graveyard-rules,lucky-numbers-seven,four-leaf-clovers-rare-luck","luck-ritual-superstition,record-extremes,internet-and-virality,psychology-and-behavior",
rabbits-foot-graveyard-rules,superstitions,Rabbit’s Foot,The Luckiest Foot Came With Grim Instructions,"American folklore did not consider just any rabbit's foot lucky. The powerful ones came with oddly specific and grim rules. Ideally it had to be the left hind foot, taken from a rabbit killed in a cemetery, and preferably during a full moon or on a Friday. Some versions insisted it be caught by a cross-eyed person. The eerier and more precise the backstory, the more potent the charm was believed to be. Luck, apparently, favored the macabre.",Folklore prized the left hind foot from a rabbit killed in a graveyard under a full moon.,"rabbits-foot,folklore,luck",52,false,"horseshoes-st-dunstan,four-leaf-clovers-rare-luck,werewolves-medical-theories,giants-causeway-finn-mccool,friday-13-country-variations","parental-care,stars-and-cosmos,myth-vs-reality,luck-ritual-superstition",
horseshoes-st-dunstan,superstitions,Horseshoes,A Saint Nailed a Horseshoe to the Devil Himself,"The horseshoe's power over evil has a memorable legend behind it. Saint Dunstan, a 10th-century blacksmith who later became Archbishop of Canterbury, was said to have been visited by the Devil asking for his hooves to be shod. Dunstan recognized his visitor and nailed the shoe on so painfully that the Devil begged for mercy. Dunstan agreed to remove it only if the Devil promised never to enter a home with a horseshoe over the door.",Legend says St. Dunstan painfully shod the Devil and won a promise to avoid horseshoe-marked doors.,"horseshoes,st-dunstan,folklore",52,false,"rabbits-foot-graveyard-rules,evil-eye-envy-glance,sleep-paralysis-hallucinations,fairy-tales-folk-and-art,lucky-numbers-seven","myth-vs-reality,energy-and-power",
broken-mirrors-ancient-reflections,superstitions,Broken Mirrors,Ancient People Believed Smashing a Mirror Could Shatter Your Soul,"The dread of a broken mirror grew from an ancient idea about reflections. Long before mirrors were common, the Greeks and Romans and many other cultures believed that the image staring back from water or polished metal was not just light, but a piece of your very soul or spirit. If your reflection held part of your essence, then shattering the surface that carried it was almost like injuring yourself, cracking or scattering a fragment of who you were.","Long before glass mirrors, cultures believed your reflection held a piece of your spirit — so breaking it meant injuring yourself.","broken-mirrors,soul,ancient-beliefs",53,false,"friday-13-country-variations,lucky-numbers-thirteen,evil-eye-envy-glance,rabbits-foot-graveyard-rules,four-leaf-clovers-rare-luck",materials-and-chemistry,
smiling-duchenne-muscles,human-behavior,Smiling,A Doctor Discovered the 'Real Smile' by Electrocuting People's Faces,"A genuine smile is called a Duchenne smile, and the name comes from a 19th-century French doctor with a startling method. Guillaume Duchenne mapped the muscles of expression by applying jolts of electricity directly to a patient's face and photographing the results. He discovered that a heartfelt smile crinkles the muscles around the eyes — muscles that are very hard to fire on command. That's why a fake, mouth-only smile so often looks hollow.",The genuine 'Duchenne smile' is named after a 19th-century doctor who mapped it by jolting patients' faces with electricity.,"smiling,duchenne-smile,history",52,false,"smiling-short-expression,eye-contact-engagement,gestures-co-speech,facial-expressions-evolution,facial-expressions-universal","origins-and-naming,energy-and-power,human-body-quirks",
smiling-short-expression,human-behavior,Smiling,Babies Smile Before They Are Even Born,"Smiling is not something we learn by copying others; we arrive already knowing how. Ultrasound scans have captured fetuses smiling in the womb, weeks before birth. Even more telling, children who are born completely blind, who have never once seen another person's smile, still smile in exactly the same way when they are happy. The expression is wired into us so deeply that it appears with no example to imitate at all.","Fetuses smile in the womb and blind-born children smile normally, showing smiling is innate.","smiling,innate-behavior,development",52,false,"smiling-duchenne-muscles,facial-expressions-universal,facial-expressions-evolution,gestures-before-words,laughter-not-always-jokes,crossed-arms-context-matters",psychology-and-behavior,
eye-contact-cultural-meaning,human-behavior,Eye Contact,Staring Into a Stranger's Eyes Can Spark Love,"In a famous psychology study, two strangers sat together, worked through a set of 36 increasingly personal questions, and then stared silently into each other's eyes for four minutes. The combination created a startling sense of closeness, and at least one pair from the research later married. Prolonged mutual gaze seems to short-circuit the usual slow build of intimacy, tricking the brain into feeling a deep bond with someone just met.",A study where strangers answered 36 questions and held eye contact for 4 minutes could spark real intimacy.,"eye-contact,intimacy,psychology",53,false,"eye-contact-engagement,gestures-before-words,laughter-not-always-jokes,smiling-short-expression,facial-expressions-universal","symbiosis-and-cooperation,psychology-and-behavior",
eye-contact-engagement,human-behavior,Eye Contact,Your Pupils Give Away What You Like,"Your pupils do more than adjust to light; they quietly widen when you look at something you find interesting or attractive, a reaction you cannot consciously fake. People even rate faces with larger pupils as more appealing. Renaissance women knew a version of this and put drops of a plant extract into their eyes to enlarge their pupils and look more alluring. The plant's Italian name, belladonna, literally means 'beautiful woman.'","Pupils secretly widen at what interests you, and Renaissance women used belladonna to fake the effect.","eye-contact,pupils,attraction",51,false,"eye-contact-cultural-meaning,smiling-duchenne-muscles,gestures-co-speech,laughter-contagious,facial-expressions-evolution","origins-and-naming,materials-and-chemistry,plants-and-botany",
personal-space-invisible-bubble,human-behavior,Personal Space,Your Sense of Personal Space Lives in One Brain Spot,"That prickle of discomfort when someone stands too close is generated by a specific piece of your brain. Researchers studied a woman whose amygdala, an almond-shaped structure deep in the brain, had been destroyed by disease. She reported feeling no discomfort no matter how close someone stood, even nose to nose, and had no preferred distance at all. Personal space is not just a social habit; it is a boundary hardwired into your neural machinery.","A woman whose amygdala was destroyed felt no discomfort at any distance, revealing where personal space lives.","personal-space,brain,amygdala",52,false,"gestures-before-words,laughter-not-always-jokes,deja-vu-brain-misfire,eyes-retina-part-of-brain,crossed-arms-not-always-defensive,memory-fading-helps-time","perception-and-brain,medicine-and-cures,psychology-and-behavior,architecture-and-structures",
handshakes-quaker-greeting,human-behavior,Handshakes,The Handshake Is a Germ Superhighway,"For all its charm, the handshake is a remarkably efficient way to swap germs. A handshake transfers roughly twice as many bacteria as a high-five, and far more than a fist bump, whose small contact area barely spreads anything. That's led some doctors to argue, only half-jokingly, that handshakes should be banned in hospitals. The polite squeeze that seals a deal also quietly hands over a colony of microbes.",A handshake spreads about twice the bacteria of a high-five and far more than a fist bump.,"handshakes,hygiene,bacteria",52,false,"eye-contact-cultural-meaning,laughter-contagious,gut-microbiome-unique-network,laughter-not-always-jokes,crossed-arms-not-always-defensive","collective-behavior,symbiosis-and-cooperation,luck-ritual-superstition",
facial-expressions-evolution,human-behavior,Facial Expressions,A Blank Face Can Distress a Baby in Minutes,"In the 'still face' experiment, a mother first plays warmly with her infant, then suddenly makes her face go completely blank and unresponsive. Within a minute or two, the baby works hard to win her back, smiling, pointing, and reaching, and when nothing works, often melts into distress. The classic study reveals how deeply, and how early, humans depend on reading emotion in a face. An expressionless face is not neutral; it feels alarming.","In the 'still face' experiment, a mother going expressionless distresses her baby within minutes.","facial-expressions,still-face,development",52,false,"facial-expressions-universal,smiling-short-expression,laughter-not-always-jokes,gestures-before-words,laughter-contagious","parental-care,psychology-and-behavior",
facial-expressions-universal,human-behavior,Facial Expressions,Blind Athletes Make Faces They Have Never Seen,"Researchers studying Olympic and Paralympic judo found that athletes who win throw their arms up and tilt their heads back in triumph, while losers slump their shoulders and narrow their chests in shame. The striking part is that competitors blind from birth, who could never have watched anyone else do it, produced the exact same victory and defeat displays. Some of our emotional expressions are not copied from others; they come pre-installed.",Congenitally blind athletes show the same triumph and shame body language as sighted ones.,"facial-expressions,innate-behavior,emotion",52,false,"facial-expressions-evolution,smiling-short-expression,gestures-before-words,laughter-not-always-jokes,crossed-arms-context-matters",psychology-and-behavior,
posture-spine-curves,human-behavior,Posture,Your Phone Puts 60 Pounds on Your Neck,"Your head weighs only about 10 to 12 pounds when balanced upright, but tilt it forward to stare down at a phone and the strain on your neck multiplies fast. At a steep 60-degree angle, the effective load on the spine can reach around 60 pounds, roughly the weight of a small child hanging from your neck. Doctors call the resulting strain 'text neck,' and with people bent over phones for hours a day, it adds up.",Tilting your head to look down at a phone can load your neck with up to about 60 pounds of force.,"posture,text-neck,health",51,false,"gestures-before-words,smiling-duchenne-muscles,facial-expressions-universal,handshakes-quaker-greeting,eye-contact-engagement",motion-and-force,
gestures-co-speech,human-behavior,Gestures,The Same Hand Sign Can Be a Grave Insult Abroad,"A friendly gesture can turn into a serious offense the moment you cross a border. A thumbs-up, which means 'great' or 'yes' across much of the West, is a rude insult in parts of the Middle East and West Africa, closer to a raised middle finger. The 'OK' ring made with finger and thumb is likewise offensive in Brazil and some Mediterranean countries. There is no truly universal hand sign, which makes travel a quiet minefield.",A thumbs-up or 'OK' sign means approval in the West but is a crude insult in some other countries.,"gestures,culture,body-language",52,false,"gestures-before-words,smiling-duchenne-muscles,eye-contact-engagement,check-mark-yes-symbol,laughter-contagious","origins-and-naming,transformation-metamorphosis",
gestures-before-words,human-behavior,Gestures,Even Blind People Gesture With Their Hands While Talking,"If gestures were only for the listener, we'd stop making them the moment no one could see. But we don't. People gesture energetically while talking on the phone, and people blind from birth gesture while they speak — even to other blind people. Moving your hands isn't just a signal to others; it helps the speaker retrieve words and organize thoughts. Your hands are partly working for your own brain, not just your audience.",They've never seen a gesture in their lives — and still make them while speaking.,"human-behavior,gestures,communication,cognition",51,false,"gestures-co-speech,facial-expressions-universal,smiling-short-expression,bees-honey-from-nectar,laughter-not-always-jokes,crossed-arms-context-matters",psychology-and-behavior,
laughter-contagious,human-behavior,Laughter,Rats Giggle When You Tickle Them,"Laughter is far older and more widespread than human comedy. Rats, when tickled by researchers, let out rapid high-pitched chirps too high for us to hear, and they eagerly chase the hand that tickles them, apparently wanting more. Great apes such as chimps and gorillas make panting, laugh-like sounds during play-wrestling and chasing games. The roots of laughter reach deep into our animal past, long before anyone told a joke.","Tickled rats chirp with laughter and chase the hand, and apes laugh during play, showing laughter's animal roots.","laughter,animals,evolution",51,false,"laughter-not-always-jokes,facial-expressions-evolution,eye-contact-engagement,giant-sloths-claws-leaves,handshakes-quaker-greeting","parental-care,hidden-underground,plants-and-botany,games-and-play",
laughter-not-always-jokes,human-behavior,Laughter,A Laughing Epidemic Once Shut Down Schools,"In 1962, in what was then Tanganyika, now part of Tanzania, an outbreak of uncontrollable laughter began at a girls' school. It spread from student to student and out into surrounding villages, with fits of laughing and crying that could last hours or, on and off, much longer. The contagion grew so disruptive that schools were forced to close for weeks. It remains a famous, unsettling example of how catching human behavior can be.",A 1962 outbreak of contagious laughter in Tanganyika spread through schools and forced them to close.,"laughter,mass-hysteria,history",52,false,"laughter-contagious,smiling-short-expression,facial-expressions-universal,gestures-before-words,facial-expressions-evolution",psychology-and-behavior,
crossed-arms-not-always-defensive,human-behavior,Crossed Arms,Crossing Your Arms Can Actually Reduce Pain,"Folding your arms may do something stranger than signal a mood: it can dull physical pain. In experiments, people who crossed their arms over the source of a brief pain reported feeling it less intensely. The likely reason is that crossing your arms puts your hands on the 'wrong' sides of your body, muddling the brain's internal map of space. That confusion appears to weaken the pain signal on its way through, quietly turning down the volume.",Crossing your arms can reduce felt pain by scrambling the brain's map of where your hands are.,"crossed-arms,pain,perception",53,false,"crossed-arms-context-matters,personal-space-invisible-bubble,gestures-before-words,motion-illusions-rotating-snakes,brands-shape-perception,optical-illusions-mirror-therapy","optical-illusion,perception-and-brain",
crossed-arms-context-matters,human-behavior,Crossed Arms,You Always Fold Your Arms the Same Way,"Fold your arms right now and notice which forearm ends up on top. Almost everyone has a fixed, automatic preference, an 'arm-folding handedness' they never chose. The strange part comes when you try to fold them the opposite way, tucking the other arm on top. It feels clumsy and deeply wrong, like your body has glitched, and you have to think hard to do it at all. It is a tiny, built-in habit hiding in a gesture you make constantly.","Everyone folds their arms with the same forearm on top, and reversing it feels bizarrely wrong.","crossed-arms,habits,body",52,false,"crossed-arms-not-always-defensive,facial-expressions-universal,gestures-before-words,smiling-short-expression,laughter-not-always-jokes","automation-robots-ai,psychology-and-behavior",
shackleton-endurance-survival,explorers,Ernest Shackleton,Shackleton Lost His Ship but Not a Single Man,"When Shackleton's ship Endurance was crushed by Antarctic ice in 1915, his crew of 28 was stranded on drifting floes at the bottom of the world with no way to call for help. What followed is one of history's great survival stories. Shackleton and five men crammed into a 22-foot lifeboat, sailed 800 miles across the planet's stormiest ocean, then hiked over an uncharted mountain range to a whaling station. Every one of his men came home alive.","After Endurance sank, Shackleton sailed 800 miles in a lifeboat to save all 28 of his stranded men.","ernest-shackleton,antarctica,survival",53,false,"shackleton-nimrod-near-pole,lewis-clark-corps-discovery,sacagawea-shoshone-horses,blood-falls-rust-red,vacuum-of-space-leblanc-saliva-boiled,deserts-defined-by-dryness","stars-and-cosmos,exploration-and-navigation,disaster-and-catastrophe,lost-and-rediscovered",
shackleton-nimrod-near-pole,explorers,Ernest Shackleton,Shackleton Quit 97 Miles From Glory to Stay Alive,"In January 1909, on an earlier expedition, Shackleton pushed to within 97 nautical miles of the South Pole, closer than anyone had ever been. Then, with food nearly gone and his men failing, he made an agonizing choice: he turned around. Reaching the pole almost certainly meant not making it back. He later told his wife he thought a live donkey was better than a dead lion. She agreed. The record went unclaimed, but the whole party survived.","Shackleton turned back just 97 miles from the South Pole, choosing his team's survival over the record.","ernest-shackleton,south-pole,leadership",52,false,"shackleton-endurance-survival,amundsen-northwest-passage,amundsen-south-pole-first,lewis-clark-corps-discovery,sacagawea-only-woman","exploration-and-navigation,food-and-cuisine",
ibn-battuta-75000-miles,explorers,Ibn Battuta,Ibn Battuta Out-Traveled Marco Polo Three Times Over,"Marco Polo gets the fame, but a Moroccan named Ibn Battuta traveled far farther. Over roughly 30 years in the 1300s, he covered an estimated 75,000 miles, about three times the distance of Marco Polo's journeys. His wanderings would touch the equivalent of more than 40 modern countries across Africa, the Middle East, and Asia. For sheer ground covered before the modern age, few travelers in history come close to him.","Ibn Battuta traveled roughly 75,000 miles, about three times as far as Marco Polo.","ibn-battuta,travel,medieval-history",52,false,"ibn-battuta-pilgrimage-start,marco-polo-kublai-khan,marco-polo-asia-journey,marco-polo-il-milione,lewis-clark-corps-discovery",,
ibn-battuta-pilgrimage-start,explorers,Ibn Battuta,A Trip to Mecca Became a 24-Year Journey,"Ibn Battuta set out from Morocco at about 21 years old, meaning only to make the hajj, the pilgrimage to Mecca, and come home. He did not come home for around 24 years. One road led to another: after Mecca he pushed on through the Middle East, East Africa, India, and beyond, unable to stop. A single religious obligation quietly turned into one of the longest travel careers ever recorded.",Ibn Battuta left at 21 for a pilgrimage to Mecca and did not return home for about 24 years.,"ibn-battuta,mecca,pilgrimage",52,false,"ibn-battuta-75000-miles,zheng-he-treasure-fleets,zheng-he-maritime-legacy,islam-hajj-pilgrimage,pilgrimage-many-destinations",record-extremes,
jacques-cousteau-aqualung,explorers,Jacques Cousteau,"Before 1943, Divers Were Tethered Like Puppets -- Then Cousteau Cut the Cord","Before 1943, exploring underwater meant heavy suits fed air through a hose from the surface, tethering divers like puppets. That year Jacques Cousteau and engineer Émile Gagnan unveiled the Aqua-Lung, a valve that fed a diver compressed air on demand from a tank on their back. Suddenly a person could swim freely through the sea, turning, diving, and drifting at will. It was the birth of modern scuba and it opened the ocean to millions.","Early divers were fed air through a hose from the surface, tethered like puppets to a boat. In 1943 Jacques Cousteau and engineer Émile Gagnan's Aqua-Lung let a diver carry compressed air on their back and swim free for the first time -- the birth of modern scuba.","jacques-cousteau,aqua-lung,scuba",53,false,"jacques-cousteau-calypso,marco-polo-asia-journey,sacagawea-only-woman,ibn-battuta-75000-miles,shackleton-nimrod-near-pole","human-body-quirks,deep-sea-and-abyss,machines-and-mechanisms",
jacques-cousteau-calypso,explorers,Jacques Cousteau,Cousteau Had People Live on the Sea Floor,"Cousteau wanted humans to do more than visit the deep; he wanted them to live there. In the 1960s he launched Conshelf, a series of underwater habitats where teams of 'oceanauts' lived and worked on the sea floor for days and even weeks at a time. They ate, slept, and ventured out to explore from pressurized stations beneath the waves. It was a bold experiment in whether people could truly inhabit the ocean, not just dip into it.",Cousteau's 1960s Conshelf project had 'oceanauts' living and working on the sea floor for weeks.,"jacques-cousteau,conshelf,ocean-exploration",52,false,"jacques-cousteau-aqualung,amundsen-south-pole-first,magellan-pacific-name,marco-polo-kublai-khan,shackleton-nimrod-near-pole","deep-sea-and-abyss,psychology-and-behavior",
lewis-clark-corps-discovery,explorers,Lewis and Clark,"Lewis and Clark Crossed 8,000 Miles and Lost Only One Man","The Lewis and Clark expedition crossed roughly 8,000 miles of unmapped territory over more than two years, through grizzly country, brutal winters, mountains, and rapids. Against those odds, only a single member died: Sergeant Charles Floyd, who fell ill early in the journey and likely suffered a burst appendix, something no doctor of the era could have fixed. For such a long and dangerous trek into the unknown, losing just one man was extraordinary.","Across 8,000 miles and two years, the Corps of Discovery lost only one man, likely to a burst appendix.","lewis-and-clark,corps-of-discovery,survival",53,false,"lewis-clark-native-assistance,sacagawea-only-woman,sacagawea-shoshone-horses,wilderness-survival-getting-lost-top-cause,wilderness-survival-cold-not-starvation,shackleton-endurance-survival","exploration-and-navigation,lost-and-rediscovered",
lewis-clark-native-assistance,explorers,Lewis and Clark,An Enslaved Man Made the Journey and Got a Vote,"One member of the Corps was York, a Black man enslaved by William Clark since childhood, who trekked the entire route as a full working member, hunting, scouting, and hauling like everyone else. In a striking moment near the Pacific, the group held a vote on where to spend the winter, and both York and Sacagawea were allowed to cast one, decades before either could legally vote. Yet after the journey, Clark refused York his freedom for years.","York, enslaved by Clark, crossed the continent as a full member and even got a vote, but was long denied freedom.","lewis-and-clark,york,slavery",53,false,"lewis-clark-corps-discovery,sacagawea-only-woman,sacagawea-shoshone-horses,magellan-strait,zheng-he-yongle-agent",,
magellan-strait,explorers,Ferdinand Magellan,Magellan's Enslaved Interpreter May Have Circled Earth First,"Magellan set out with an enslaved interpreter named Enrique, whom he had acquired years earlier in Southeast Asia. As the fleet reached the Philippines from the east, Enrique found he could understand the local language, a sign he had come back to his own corner of the world. If so, Enrique, not any European, may have been the first human ever to travel all the way around the globe, completing the circle by two different voyages.",Magellan's enslaved interpreter Enrique may have been the first person to fully circle the globe.,"ferdinand-magellan,enrique-of-malacca,circumnavigation",52,false,"magellan-pacific-name,amundsen-airship-north-pole,amundsen-northwest-passage,shackleton-nimrod-near-pole,lewis-clark-corps-discovery","exploration-and-navigation,world-first",
magellan-pacific-name,explorers,Ferdinand Magellan,Magellan Named the Calm Ocean That Nearly Killed Him,"After battling storms through the strait at South America's tip, Magellan's fleet emerged into an ocean so calm he named it the Pacific, meaning peaceful. The name was a cruel joke. The Pacific turned out to be staggeringly vast, and the crossing took months with no fresh food. Starving sailors gnawed on rats, sawdust, and strips of leather softened in seawater, while scurvy killed man after man. The peaceful ocean was the deadliest stretch of all.","Magellan named the Pacific for its calm, then his starving crew ate rats and leather crossing it.","ferdinand-magellan,pacific-ocean,scurvy",51,false,"magellan-strait,amundsen-south-pole-first,shackleton-nimrod-near-pole,nellie-bly-asylum-reporting,zheng-he-treasure-fleets","self-sacrifice,food-and-cuisine",
marco-polo-asia-journey,explorers,Marco Polo,Marco Polo Dictated His Book From a Prison Cell,"Marco Polo's world-famous travelogue was not written at a quiet desk in Venice. Years after returning, Polo was captured during a war between Venice and Genoa and thrown in prison. There he shared a cell with a writer of popular romances named Rustichello, and to pass the time Polo narrated his adventures in Asia while his cellmate wrote them down. One of history's most influential travel books was essentially composed by two prisoners of war.",Marco Polo dictated his famous travel account to a fellow prisoner of war while jailed in Genoa.,"marco-polo,rustichello,travel-literature",52,false,"marco-polo-il-milione,marco-polo-kublai-khan,nellie-bly-72-days,ibn-battuta-75000-miles,jacques-cousteau-aqualung","human-body-quirks,storytelling-and-narrative,war-and-conflict",
marco-polo-kublai-khan,explorers,Marco Polo,Some Doubt Marco Polo Ever Reached China,"For all his fame, a number of historians question whether Marco Polo truly traveled through China as he claimed. Skeptics point out that his account never mentions some of the country's most striking features: the Great Wall, the widespread drinking of tea, the use of chopsticks, or the practice of foot-binding. Some suspect he may have gathered parts of his story from other traders. Whether eyewitness or secondhand, his book still reshaped Europe's view of Asia.","Some scholars doubt Marco Polo reached China, noting he never mentions tea, chopsticks, or the Great Wall.","marco-polo,history,skepticism",53,false,"marco-polo-il-milione,marco-polo-asia-journey,ibn-battuta-75000-miles,nellie-bly-72-days,sacagawea-shoshone-horses","storytelling-and-narrative,money-trade-and-value,coffee-and-tea,numbers-and-mathematics",
marco-polo-il-milione,explorers,Marco Polo,Marco Polo's Last Words Doubled Down on His Tales,"Marco Polo's stories of Asian wealth and wonders were so extravagant that many contemporaries flatly did not believe him; some nicknamed his book 'The Million' for its supposed exaggerations. In a well-known account, as Polo lay dying, a priest urged him to finally confess that he had made it all up and clear his conscience. Polo's reported reply was defiant to the end: 'I did not tell half of what I saw.'","Told to admit he exaggerated, the dying Marco Polo reportedly said, 'I did not tell half of what I saw.'","marco-polo,legacy,history",52,false,"marco-polo-kublai-khan,marco-polo-asia-journey,nellie-bly-asylum-reporting,nellie-bly-72-days,sacagawea-shoshone-horses","storytelling-and-narrative,deception-and-hoax,money-trade-and-value",
nellie-bly-72-days,explorers,Nellie Bly,Nellie Bly Raced Around the World Against a Rival,"Inspired by the novel Around the World in Eighty Days, reporter Nellie Bly set out in 1889 to do it for real and faster, circling the globe in just 72 days. What made it a sensation was the secret twist: a competing magazine, hearing of her plan, quietly sent its own woman reporter, Elizabeth Bisland, dashing around the world in the opposite direction on the very same day. Two women were unknowingly racing each other across the planet.",Bly circled the world in 72 days while a rival reporter secretly raced her the opposite way.,"nellie-bly,around-the-world,journalism",51,false,"nellie-bly-asylum-reporting,marco-polo-asia-journey,marco-polo-il-milione,shackleton-endurance-survival,marco-polo-kublai-khan","stars-and-cosmos,storytelling-and-narrative",
nellie-bly-asylum-reporting,explorers,Nellie Bly,Nellie Bly Faked Madness to Expose an Asylum,"To investigate rumors of cruelty inside a New York women's asylum, Nellie Bly did something drastic: she pretended to be insane, convinced doctors, and had herself committed. Once inside, she experienced the abuse and neglect firsthand, spoiled food, freezing baths, patients tied up, before her newspaper got her released. Her exposé, Ten Days in a Mad-House, caused a public outcry and led to real reforms and more funding for the mentally ill.",Nellie Bly feigned insanity to get committed and expose an asylum's abuses from the inside.,"nellie-bly,investigative-journalism,asylum",53,false,"nellie-bly-72-days,marco-polo-il-milione,shackleton-nimrod-near-pole,magellan-pacific-name,lewis-clark-corps-discovery","deception-and-hoax,extreme-temperature,food-and-cuisine",
amundsen-south-pole-first,explorers,Roald Amundsen,"Amundsen Beat His Rival to the Pole, Who Then Died","The race to the South Pole in 1911 pitted Norway's Roald Amundsen against Britain's Robert Scott. Amundsen bet on sled dogs and skis and moved fast and light; Scott's team hauled their own sledges by hand. Amundsen reached the pole first, about five weeks ahead. The contrast in outcomes was stark and tragic: Scott's party arrived to find they had lost, then died of cold and starvation on the long march back.","Amundsen beat Scott to the South Pole by five weeks using dogs and skis, while Scott's team perished.","roald-amundsen,south-pole,robert-scott",51,false,"amundsen-airship-north-pole,amundsen-northwest-passage,shackleton-nimrod-near-pole,magellan-pacific-name,lewis-clark-corps-discovery","self-sacrifice,lost-and-rediscovered",
amundsen-northwest-passage,explorers,Roald Amundsen,Explorers Died for 400 Years Looking for This Route -- a Six-Man Crew Finally Found It,"For roughly four centuries, European explorers had hunted for the Northwest Passage, a sea route through the Arctic maze above North America, and many died trying, some in famous, doomed expeditions. From 1903 to 1906, Amundsen finally threaded it aboard a small ship, the Gjøa, with a crew of just six. They overwintered in the ice, learned survival skills from local Inuit, and emerged near Alaska, completing a voyage that had defeated navies.","For roughly four centuries, explorers hunted for the Northwest Passage through the Arctic, and many died trying. From 1903 to 1906, Amundsen finally threaded it in a tiny ship with a crew of just six, surviving on skills learned from local Inuit.","roald-amundsen,northwest-passage,arctic",52,false,"amundsen-airship-north-pole,amundsen-south-pole-first,lewis-clark-corps-discovery,shackleton-nimrod-near-pole,magellan-strait,zheng-he-maritime-legacy",exploration-and-navigation,
amundsen-airship-north-pole,explorers,Roald Amundsen,Amundsen Vanished Trying to Rescue a Rival,"Amundsen was the first person to reach both ends of the Earth, standing at the South Pole and later flying over the North by airship in 1926. His end came from that same polar world. In 1928, a rival explorer's airship crashed in the Arctic, and Amundsen immediately joined the rescue, flying north to search for a man he did not even get along with. His plane disappeared over the Arctic, and no trace of him was ever found.","First to both poles, Amundsen vanished in 1928 flying to rescue a rival stranded in the Arctic.","roald-amundsen,arctic,north-pole",52,false,"amundsen-northwest-passage,amundsen-south-pole-first,magellan-strait,bermuda-triangle-disputed-map,lewis-clark-corps-discovery","flight-and-aviation,world-first,lost-and-rediscovered,exploration-and-navigation",
zheng-he-yongle-agent,explorers,Zheng He,China's Greatest Admiral Was an Enslaved Eunuch,"The man who led China's mightiest fleets began life as a captive. Born to a Muslim family in a region conquered by Ming forces, he was taken prisoner as a boy and castrated to serve in the imperial household as a eunuch. Renamed Zheng He, he rose through sheer ability to become a trusted commander of the Yongle emperor. From enslaved child to admiral of the greatest navy on Earth, his ascent is one of history's most improbable.","Zheng He was captured and castrated as a boy, then rose to command China's greatest navy.","zheng-he,ming-dynasty,history",53,false,"zheng-he-treasure-fleets,zheng-he-maritime-legacy,magellan-strait,lewis-clark-native-assistance,marco-polo-kublai-khan",motion-and-force,
zheng-he-treasure-fleets,explorers,Zheng He,Zheng He's Fleet Made Columbus Look Tiny,"Zheng He's 'treasure fleets' were almost unimaginably large for their time. His armadas could include hundreds of vessels carrying some 28,000 men, with the largest treasure ships reported at perhaps 400 feet long, dwarfing anything in Europe. And he did it early: Zheng He was sailing the Indian Ocean in grand style in the early 1400s, decades before Christopher Columbus was even born. For a while, China ruled the seas on a colossal scale.","Zheng He's treasure fleet had hundreds of ships and 28,000 men, sailing decades before Columbus was born.","zheng-he,treasure-fleet,indian-ocean",52,false,"zheng-he-maritime-legacy,zheng-he-yongle-agent,ibn-battuta-pilgrimage-start,shackleton-endurance-survival,magellan-pacific-name",record-extremes,
zheng-he-maritime-legacy,explorers,Zheng He,China Mistook a Giraffe for a Mythical Beast -- Then Quit the Seas Forever,"On his voyages Zheng He collected exotic tribute, and one gift caused a sensation at court: a giraffe, brought back from Africa and hailed as a qilin, a magical, auspicious beast from Chinese legend. Yet this age of Chinese sea power ended abruptly. After the emperors who backed him died, China turned inward, scrapped the great fleets, restricted oceangoing ships, and let the records of the voyages fade. The world's leading navy simply sailed home and stopped.","Zheng He once brought a giraffe back from Africa, and the court hailed it as a qilin, a magical beast from legend. Soon after, China abruptly scrapped its great fleets and turned inward, ending the age of its record-breaking sea power.","zheng-he,qilin,maritime-history",53,false,"zheng-he-treasure-fleets,zheng-he-yongle-agent,amundsen-northwest-passage,shackleton-nimrod-near-pole,ibn-battuta-pilgrimage-start","record-extremes,energy-and-power,myth-vs-reality,exploration-and-navigation",
sacagawea-only-woman,explorers,Sacagawea,Sacagawea Crossed a Continent With a Newborn,"Sacagawea was only about 16 when she joined the Lewis and Clark expedition, and she did it while caring for a baby. She gave birth to her son just weeks before the Corps set out, then carried him on her back across thousands of miles of rivers, plains, and mountains, all the way to the Pacific and home again. The youngest and only female member of the expedition made the entire brutal journey as a new mother.","At about 16, Sacagawea crossed the continent and back with her newborn son on her back.","sacagawea,corps-of-discovery,lewis-and-clark",53,false,"sacagawea-shoshone-horses,lewis-clark-corps-discovery,lewis-clark-native-assistance,plate-tectonics-wegener-was-early,amundsen-northwest-passage","parental-care,exploration-and-navigation",
sacagawea-shoshone-horses,explorers,Sacagawea,Sacagawea's Horse Trade Reunited Her With Her Lost Brother,"The Corps of Discovery reached a desperate point: they needed horses from the Shoshone to cross the Rocky Mountains, or the expedition might fail. Sacagawea, herself Lemhi Shoshone, was brought in to interpret with the local chief, and then came an astonishing twist. The chief was Cameahwait, her own brother, from whom she had been separated years earlier when she was kidnapped as a child. The reunion helped secure the horses that saved the mission.",The Shoshone chief she negotiated horses from turned out to be her own long-lost brother.,"sacagawea,shoshone,lewis-and-clark",52,false,"sacagawea-only-woman,lewis-clark-corps-discovery,shackleton-endurance-survival,amundsen-northwest-passage,amundsen-airship-north-pole","lost-and-rediscovered,money-trade-and-value,exploration-and-navigation",
bamboo-giant-grass,famous-trees-plants,Bamboo,This Grass Is Strong Enough to Build Skyscrapers,"Bamboo looks like a tree, but it is actually a grass, the same broad family as wheat and lawn turf. What sets it apart is astonishing strength: bamboo's tensile strength can rival steel, meaning it resists being pulled apart remarkably well for something so light. That is why builders in Hong Kong and across Asia still lash bamboo poles together into towering scaffolding that climbs the sides of modern skyscrapers, hundreds of feet up.","Bamboo is a grass, yet it is strong enough that crews use it as skyscraper scaffolding.","bamboo,grass,strength",52,false,"bamboo-fast-growth,bamboo-rare-flowering,baobab-water-trunk,skeletal-system-cartilage-shock-absorber,bonsai-bicentennial-gift","camouflage-and-mimicry,plants-and-botany,architecture-and-structures",
bamboo-fast-growth,famous-trees-plants,Bamboo,Some Bamboo Grows More Than an Inch an Hour,"Bamboo holds the record as the fastest-growing plant known. Certain species can shoot up around three feet in a single day, which works out to more than an inch an hour. In the right conditions you can practically watch it climb. The secret is that a bamboo shoot emerges already containing all the segments it will ever have, so instead of adding new parts it just rapidly inflates the ones it already has.","A shoot emerges already holding every segment it will ever have, then just rapidly inflates.","bamboo,fast-growth,plants",52,false,"bamboo-rare-flowering,bamboo-giant-grass,baobab-nine-species,socotra-endemic-plants,caffeine-naturally-bitter,potatoes-poisonous-berries","record-extremes,plants-and-botany",
bamboo-rare-flowering,famous-trees-plants,Bamboo,"Bamboo Flowers Worldwide at Once, Then Famine Follows","Bamboo has one of the strangest life cycles in the plant world. A species can grow quietly for decades, then flower all at once, every plant of that kind, even clones planted on opposite sides of the globe, blooming in the same year on an internal clock. Then they all die. In parts of India, the sudden flood of bamboo seeds feeds an explosion of rats, which then devour crops and help trigger periodic famine.","A bamboo species flowers globally in sync then dies, and in India the seed glut sparks rat famines.","bamboo,flowering,ecology",53,false,"bamboo-fast-growth,bamboo-giant-grass,giant-sequoias-fire-bark,corpse-flower-one-evening-stink,venus-flytrap-carolina-native","plants-and-botany,timekeeping",
baobab-water-trunk,famous-trees-plants,Baobab Trees,People Have Turned Baobabs Into Pubs and Jails,"Baobabs grow enormous, barrel-shaped trunks, some over 30 feet across, that can hollow out with age while the tree stays alive. Those cavernous interiors have been put to remarkable use. In southern Africa, one giant baobab housed a full bar inside it. Others have served as a jail, a shop, a chapel, a storage shed, and even a bus stop where travelers wait out of the sun. A single tree can double as a building.","Baobab trunks grow so huge and hollow that people have used them as a pub, a jail, and a bus stop.","baobab,trees,africa",52,false,"baobab-nine-species,giant-sequoias-largest-trees,bamboo-giant-grass,sloths-bathroom-weekly,bonsai-living-sculptures","plants-and-botany,architecture-and-structures",
baobab-nine-species,famous-trees-plants,Baobab Trees,Some of Africa's Oldest Trees Hold Tens of Thousands of Gallons of Water,"Baobabs are among the longest-lived trees on Earth, with some individuals confirmed to be well over 2,000 years old, and a big one can store tens of thousands of gallons of water in its spongy trunk. That makes a recent discovery alarming: in the 2010s, several of Africa's oldest and largest baobabs abruptly died or collapsed within a few years. Researchers suspect a changing climate is stressing trees that had stood since antiquity.","Baobabs can top 2,000 years old, yet several of Africa's most ancient ones abruptly died in the 2010s.","baobab,longevity,climate",51,false,"baobab-water-trunk,bamboo-fast-growth,bonsai-bicentennial-gift,socotra-twin-cyclones-2015,cicadas-underground-years,stars-live-trillions-years","record-extremes,plants-and-botany,disaster-and-catastrophe",
cacti-living-fences,famous-trees-plants,Cacti,A Saguaro Grows So Slowly It Can Get Revenge,"The towering saguaro cactus lives life in slow motion. It can take 50 to 75 years just to grow its first arm, and a large one may be 200 years old. They are so valued in Arizona that harming or stealing one is a serious crime. That slow-growing bulk also makes them dangerous: in 1982 a man who shot a giant saguaro for fun was crushed to death when a heavy arm broke off and fell on him.","Saguaros can take 75 years to grow one arm, and a man who shot one was killed when it fell on him.","cacti,saguaro,arizona",51,false,"venus-flytrap-carolina-native,giant-sequoias-tiny-seeds,baobab-water-trunk,bonsai-bicentennial-gift,bonsai-living-sculptures",,
poison-ivy-urushiol,famous-trees-plants,Poison Ivy,A Pinhead of Poison Ivy Oil Could Rash Hundreds,"The misery of poison ivy comes from an oily compound called urushiol, and it is shockingly potent. The amount that could fit on the head of a pin is enough to make hundreds of people break out in a rash. Worse, urushiol is extremely durable. It clings to clothing, garden tools, and pet fur, and it can stay active for years, so a rash-causing residue on a jacket or on decades-old dried plants can still get you.","Urushiol is so potent a pinhead's worth could rash hundreds, and it stays active for years on surfaces.","poison-ivy,urushiol,rash",53,false,"poison-ivy-three-leaflets,giant-sequoias-largest-trees,bonsai-bicentennial-gift,giant-sequoias-fire-bark,venus-flytrap-carolina-native","materials-and-chemistry,plants-and-botany,counterintuitive-scale",
poison-ivy-three-leaflets,famous-trees-plants,Poison Ivy,"Whatever You Do, Never Burn Poison Ivy","Trying to get rid of poison ivy by burning it is a serious mistake. When the plant burns, its urushiol oil rides along on the smoke particles, and breathing that in can trigger a reaction not just on the skin but inside the airways and lungs. People have been hospitalized after inhaling poison-ivy smoke from a brush fire or campfire. The plant that gives a nasty itch on contact becomes genuinely dangerous when it goes up in flames.","Burning poison ivy sends urushiol into the smoke, which can cause a dangerous internal reaction if inhaled.","poison-ivy,urushiol,safety",53,false,"poison-ivy-urushiol,giant-sequoias-fire-bark,venus-flytrap-carolina-native,radioactivity-particles-energy,airplanes-four-forces,helicopters-sikorsky-vs300","human-body-quirks,materials-and-chemistry,plants-and-botany",
venus-flytrap-carolina-native,famous-trees-plants,Venus Flytraps,Wild Venus Flytraps Grow in Only One Small Area,"The Venus flytrap is famous around the world, yet in the wild it grows naturally in just one tiny place: a roughly 75-mile radius of boggy pine savanna around Wilmington, North Carolina. Nowhere else on Earth does it occur natively. Because that home is so small and the plants are so coveted, poaching became a real threat, and in North Carolina digging up wild Venus flytraps is now a felony crime.","Wild Venus flytraps grow only within about 75 miles of Wilmington, NC, where poaching them is a felony.","venus-flytrap,north-carolina,conservation",52,false,"venus-flytrap-nitrogen,venus-flytrap-snap-trap,bonsai-bicentennial-gift,corpse-flower-one-evening-stink,giant-sequoias-fire-bark",plants-and-botany,
venus-flytrap-nitrogen,famous-trees-plants,Venus Flytraps,A Venus Flytrap Doesn't Eat Bugs for Food,"It is easy to assume a Venus flytrap survives by devouring insects, but that is not how it makes a living. Like other green plants, it powers itself through photosynthesis, turning sunlight into energy. So why the traps? It grows in boggy soil so poor in nutrients that it supplements its diet by catching bugs, mainly to harvest the nitrogen locked inside them. The insects are less like food and more like a vitamin packet or fertilizer.",A Venus flytrap lives on sunlight; it catches bugs mainly for nitrogen its poor soil lacks.,"venus-flytrap,photosynthesis,nutrients",51,false,"venus-flytrap-carolina-native,venus-flytrap-snap-trap,giant-sequoias-fire-bark,corpse-flower-one-evening-stink,bonsai-bicentennial-gift","energy-and-power,plants-and-botany,food-and-cuisine",
venus-flytrap-snap-trap,famous-trees-plants,Venus Flytraps,A Venus Flytrap Can Actually Count,"The Venus flytrap does simple math to avoid wasting energy on false alarms. Tiny trigger hairs line each trap, and a single touch, which might just be a raindrop or a blown leaf, does nothing. Only if a second touch comes within about 20 seconds does the trap snap shut. Then it keeps counting: it takes around five triggers, as the struggling prey thrashes, before the plant commits to producing digestive juices. It literally counts to survive.","A Venus flytrap counts touches, snapping shut only after two and digesting only after about five.","venus-flytrap,counting,carnivorous-plants",50,false,"venus-flytrap-nitrogen,venus-flytrap-carolina-native,giant-sequoias-fire-bark,corpse-flower-one-evening-stink,bonsai-bicentennial-gift","plants-and-botany,energy-and-power,animal-intelligence",
cherry-blossoms-1912-gift,famous-trees-plants,Cherry Blossoms,Washington's First Cherry Trees Had to Be Burned,"Washington, D.C.'s celebrated cherry trees almost never happened. Japan's first gift, about 2,000 trees shipped in 1910, arrived infested with insects and disease, and American officials made the painful decision to burn the entire shipment to protect local plants. Rather than take offense, Japan responded with extraordinary grace, sending an even larger and healthier gift of over 3,000 trees in 1912. Those are the ancestors of the blossoms crowds flock to today.","Japan's first 2,000 cherry trees arrived diseased and were burned, so Japan sent 3,000 more in 1912.","cherry-blossoms,washington-dc,japan",51,false,"bonsai-bicentennial-gift,dragons-blood-tree-origin-legend,corporations-limit-owner-risk,venus-flytrap-carolina-native,giant-sequoias-fire-bark","plants-and-botany,collective-behavior,medicine-and-cures,psychology-and-behavior",
giant-sequoias-largest-trees,famous-trees-plants,Giant Sequoias,The Biggest Living Thing Grew From an Oat-Sized Seed,"The giant sequoia named General Sherman is the largest single living thing on Earth by volume, a trunk so massive it weighs more than ten blue whales combined and has stood for over 2,000 years. The almost unbelievable part is where it started. A giant sequoia seed is roughly the size of a flake of oatmeal, so light that about 91,000 of them weigh just one pound. Earth's most colossal organism begins as a near-weightless speck.","General Sherman, the biggest living thing, outweighs ten blue whales but grew from an oat-flake seed.","giant-sequoias,general-sherman,trees",53,false,"giant-sequoias-fire-bark,giant-sequoias-tiny-seeds,baobab-water-trunk,whales-largest-animal-ever,sloths-bathroom-weekly","record-extremes,plants-and-botany,gravity-and-orbits,counterintuitive-scale",
giant-sequoias-fire-bark,famous-trees-plants,Giant Sequoias,Giant Sequoias Actually Need Fire to Survive,"For a long time people assumed protecting sequoia forests meant stopping every fire. It turned out that was quietly killing them. Giant sequoias depend on fire to reproduce. The heat dries and pops open their tightly sealed cones, releasing seeds, and it clears away competing plants and litter to expose the bare, mineral soil the seeds need to sprout. Decades of aggressive fire suppression left many groves unable to raise new sequoias at all.","Giant sequoias need fire, whose heat opens their cones and clears ground for seeds, so fire suppression harmed them.","giant-sequoias,fire,ecology",52,false,"giant-sequoias-tiny-seeds,giant-sequoias-largest-trees,bamboo-rare-flowering,combustion-oxygen-reaction,combustion-heat-accelerates-reaction,poison-ivy-three-leaflets",plants-and-botany,
giant-sequoias-tiny-seeds,famous-trees-plants,Giant Sequoias,People Once Drove Cars Through a Living Sequoia,"In an era eager to show off nature's giants, a tunnel was carved straight through the trunk of a living giant sequoia in California's Yosemite region in the 1880s. Wide enough for stagecoaches and later automobiles, the Wawona Tunnel Tree became a wildly popular attraction, with tourists posing as they drove through a tree. It stood, hole and all, for decades until a heavy snow load finally toppled the weakened giant in 1969.",A tunnel cut through a living Yosemite sequoia in the 1880s let cars drive through it until it fell in 1969.,"giant-sequoias,wawona,history",52,false,"giant-sequoias-fire-bark,giant-sequoias-largest-trees,dragons-blood-tree-fog-harvesting,mangroves-storm-barriers,bonsai-living-sculptures","hidden-underground,plants-and-botany",
corpse-flower-one-evening-stink,famous-trees-plants,Corpse Flower,The Corpse Flower Heats Itself to Spread Its Stink,"The corpse flower does not just passively smell bad; it actively works to broadcast its stench of rotting flesh. As it blooms, the tall central spike warms itself up to around human body temperature, a rare feat for a plant. That self-generated heat helps vaporize its foul odor and lift it into the air, carrying the smell of decay as far as half a mile to summon the carrion beetles and flesh flies that pollinate it.",A blooming corpse flower heats its spike to near body temperature to waft its rotting-flesh stench half a mile.,"corpse-flower,thermogenesis,pollination",52,false,"giant-sequoias-fire-bark,venus-flytrap-carolina-native,bonsai-bicentennial-gift,bamboo-fast-growth,bamboo-rare-flowering",plants-and-botany,
mangroves-salt-filter,famous-trees-plants,Mangroves,Mangroves Give Birth to Live Seedlings,"Most trees drop seeds and hope for the best, but many mangroves do something closer to live birth. Their seeds germinate while still attached to the parent tree, growing into long, javelin-shaped seedlings called propagules. When ready, these drop straight down and can spear point-first into the soft mud below, instantly rooted. If they land in water instead, they can float for months, drifting on the tides until they wash up on a distant shore.","Many mangroves sprout live, spear-shaped seedlings on the parent that drop into the mud or float away.","mangroves,propagules,reproduction",52,false,"mangroves-snorkel-roots,mangroves-storm-barriers,giant-sequoias-largest-trees,seahorses-male-give-birth,mosquitoes-females-bite","plants-and-botany,parental-care,gravity-and-orbits",
mangroves-snorkel-roots,famous-trees-plants,Mangroves,Some Mangroves Breathe Through Snorkel Roots,"Mangroves grow in waterlogged coastal mud that is almost completely starved of oxygen, which would suffocate the roots of an ordinary tree. Their solution is to breathe through snorkels. Many species send up pneumatophores, finger-like roots that poke straight up out of the mud into the air. Dotted with tiny pores, these vertical roots draw in oxygen and pipe it down to the buried root system, letting the tree breathe even at high tide.",Many mangroves grow vertical 'snorkel' roots that poke out of the airless mud to breathe.,"mangroves,pneumatophores,roots",52,false,"mangroves-salt-filter,mangroves-storm-barriers,giant-sequoias-tiny-seeds,bridges-five-basic-forms,dragons-blood-tree-fog-harvesting","hidden-underground,plants-and-botany,self-sacrifice,gravity-and-orbits",
mangroves-storm-barriers,famous-trees-plants,Mangroves,A Wall of Mangroves Can Blunt a Tsunami,"Mangrove forests are one of the best natural defenses a coastline can have. Their dense thicket of tangled roots and trunks absorbs the energy of waves, wind, and surging water, holding shorelines together instead of letting them wash away. After the devastating 2004 Indian Ocean tsunami, coastal villages sheltered behind thick mangroves generally suffered far less death and destruction than those on stripped, unprotected shores.","Mangroves' dense roots absorb wave energy, and villages behind them fared far better in the 2004 tsunami.","mangroves,tsunami,coastal-protection",52,false,"mangroves-snorkel-roots,mangroves-salt-filter,giant-sequoias-tiny-seeds,krakatoa-tsunami-deaths,dragons-blood-tree-fog-harvesting","hidden-underground,energy-and-power,plants-and-botany,disaster-and-catastrophe",
bonsai-living-sculptures,famous-trees-plants,Bonsai,A Bonsai Could Have Grown Into a Massive Oak — It's Just Been Trapped in a Pot Forever,"A common myth is that bonsai are some genetically miniature species of tree. They are not. A bonsai can be almost any ordinary tree, an oak, a pine, a maple, that would grow to full size in the ground. It stays tiny only through relentless human intervention: careful pruning of its branches and, crucially, its roots, plus confinement to a shallow pot. Left alone, a bonsai would simply start growing into a normal, full-sized tree.","Any ordinary tree species, even one that would normally tower overhead, can become a bonsai; only relentless root and branch pruning in a shallow pot keeps it stuck in miniature for life.","bonsai,horticulture,art",51,false,"bonsai-bicentennial-gift,baobab-water-trunk,giant-sequoias-tiny-seeds,bridges-five-basic-forms,dragons-blood-tree-fog-harvesting","plants-and-botany,myth-vs-reality,hidden-underground,architecture-and-structures",
bonsai-bicentennial-gift,famous-trees-plants,Bonsai,A Bonsai in Washington Survived Hiroshima,"Among the bonsai Japan gave the United States for its 1976 bicentennial was a white pine already about 400 years old. For decades no one at the museum knew its secret. Only in 2001, when the donor's family visited, was the astonishing truth revealed: the tree had been growing at a nursery in Hiroshima, roughly two miles from where the atomic bomb detonated in 1945. It survived the blast, and its keepers had said nothing for 25 years.","A 400-year-old bonsai gifted to the US survived the Hiroshima bombing two miles away, unknown until 2001.","bonsai,hiroshima,history",53,false,"bonsai-living-sculptures,venus-flytrap-carolina-native,corpse-flower-one-evening-stink,giant-sequoias-fire-bark,bamboo-fast-growth,baobab-nine-species",plants-and-botany,
ants-social-colonies,insects,Ants,There Are About 20 Quadrillion Ants on Earth,"At any given moment, the planet carries an estimated 20 quadrillion ants — a 20 followed by 15 zeros. Weigh them all together and their combined mass rivals that of every wild bird and mammal on Earth put together. For every human alive, there are well over a million ants. They're tiny individually, but as a group they're one of the most successful and heaviest forms of animal life on the planet.","Earth holds roughly 20 quadrillion ants, whose combined weight rivals all wild birds and mammals.","ants,biomass,insects",52,false,"ants-queen-role,ants-chemical-communication,dragonflies-aquatic-nymphs,lakes-basins-hold-water,asteroids-less-mass-than-moon","record-extremes,stars-and-cosmos",
ants-queen-role,insects,Ants,Some Ants Have Farmed Fungus for 50 Million Years,"Humans invented agriculture about 12,000 years ago. Leafcutter ants beat us by tens of millions of years. They do not actually eat the leaves they famously carry; they chew them into mulch to fertilize underground gardens of a special fungus, which is their real food. The ants weed, tend, and protect these crops, and the fungus grows nowhere else. It is true farming, complete with a domesticated species, running for around 50 million years.","Leafcutter ants don't eat leaves; they use them to farm underground fungus gardens, for 50 million years.","ants,leafcutter-ants,agriculture",53,false,"ants-chemical-communication,ants-social-colonies,cicadas-underground-years,rainforests-four-layers,agriculture-settled-societies,fairies-close-to-humans","plants-and-botany,food-and-cuisine,hidden-underground,collective-behavior",
ants-chemical-communication,insects,Ants,Some Ants Build Rafts and Bridges From Their Bodies,"When floods hit, fire ants do something astonishing: they grip one another with legs and jaws and weave their entire colony into a living raft that floats on the water, sometimes for weeks, until it reaches dry land. Army ants take it further, linking their bodies into living bridges and even walls to smooth the colony's path. The ants themselves become the building material, assembling and dissolving structures as the situation demands.","Fire ants link their bodies into living rafts that float for weeks, and army ants form living bridges.","ants,fire-ants,collective-behavior",51,false,"ants-queen-role,ants-social-colonies,termites-social-castes,fireflies-bioluminescence,cicadas-loud-songs","architecture-and-structures,collective-behavior,symbiosis-and-cooperation,psychology-and-behavior",
bees-pollination,insects,Bees,A Bee's Dance Moves Are Basically GPS Coordinates to Food,"A foraging honeybee that finds a good patch of flowers flies home and tells the others exactly where it is, by dancing. In the famous 'waggle dance,' she runs in a figure eight, and the angle of her waggling run encodes the direction to the food relative to the sun, while its duration signals the distance. Hivemates read this and fly straight there. Decoding this insect language earned researcher Karl von Frisch a share of a Nobel Prize.","The angle and length of a bee's wiggle run encode exact directions and distance, a secret code other bees can instantly read.","bees,waggle-dance,communication",51,false,"bees-honey-from-nectar,butterflies-conservation-decline,cicadas-shed-skins,dragonflies-aquatic-nymphs,dragonflies-nearly-360-vision","plants-and-botany,flight-and-aviation,codes-and-cryptography,exploration-and-navigation",
bees-honey-from-nectar,insects,Bees,Bees Can Recognize Human Faces,"For a brain smaller than a grain of rice, the honeybee is startlingly clever. Experiments show bees can learn to recognize individual human faces, telling one photo from another for a sugar reward. They can also grasp the abstract idea of zero, ranking 'nothing' as less than one, and can be trained to do simple addition and subtraction. Inside that tiny head is a mind capable of concepts once thought to require a big brain.",Honeybees can learn to recognize human faces and even grasp the concept of zero.,"bees,intelligence,cognition",51,false,"bees-pollination,beetles-most-diverse,dragonflies-nearly-360-vision,ravens-solve-problems-together,gestures-before-words","animal-intelligence,counterintuitive-scale,food-and-cuisine,numbers-and-mathematics",
butterflies-complete-metamorphosis,insects,Butterflies,A Caterpillar Dissolves Into Goo Inside Its Cocoon,"The change from caterpillar to butterfly is far more extreme than simply sprouting wings. Inside the chrysalis, the caterpillar releases enzymes that digest most of its own body into a soupy liquid, then rebuilds itself almost from scratch into a butterfly. Astonishingly, something survives the meltdown: experiments show adult moths and butterflies can still remember things they learned as caterpillars, meaning some memory persists even after the brain is largely rebuilt.","Inside the chrysalis a caterpillar dissolves into liquid then rebuilds, yet the adult keeps some memories.","butterflies,metamorphosis,memory",52,false,"butterflies-conservation-decline,dragonflies-nearly-360-vision,beetles-help-and-harm,deja-vu-brain-misfire,memory-fading-helps-time","transformation-metamorphosis,flight-and-aviation,disaster-and-catastrophe,psychology-and-behavior",
butterflies-conservation-decline,insects,Butterflies,No Single Monarch Finishes the Famous Migration,"Monarch butterflies make a legendary journey of up to 3,000 miles between Canada and central Mexico, but no individual butterfly completes the round trip. It takes three or four short-lived generations to make the full loop, so the butterflies that fly north are the great-grandchildren of the ones that flew south. Somehow, with no one to follow, that new generation navigates back to the very same small patches of forest their ancestors left.","The monarch migration spans 3–4 generations, so great-grandchildren reach the same trees, guided by no one.","butterflies,monarch-migration,navigation",53,false,"butterflies-complete-metamorphosis,beetles-eat-everything,bees-pollination,gps-satellite-positioning,apollo13-earth-horizon-navigation,dragonflies-aquatic-nymphs","exploration-and-navigation,plants-and-botany,flight-and-aviation",
cicadas-loud-songs,insects,Cicadas,A Cicada Swarm Is as Loud as a Lawnmower,"When periodical cicadas emerge, they can carpet the ground at densities of over a million insects per acre, and the males all sing at once. Their combined chorus can top 100 decibels, roughly as loud as a lawnmower, a chainsaw, or a rock concert, loud enough to drown out conversation and rival passing jets. Each male makes his part with drum-like organs called tymbals. Multiply that by millions and a quiet forest becomes a roar.","Emerging in the millions per acre, cicadas can chorus above 100 decibels, as loud as a lawnmower.","cicadas,sound,swarms",51,false,"cicadas-shed-skins,cicadas-underground-years,dragonflies-flight-hunters,snoring-airway-vibration,supersonic-flight-hypersonic-mach-five,prime-numbers-building-blocks","human-body-quirks,flight-and-aviation,collective-behavior,music-and-sound",
cicadas-underground-years,insects,Cicadas,Cicadas Spend 17 Years Underground for One Summer,"The cicadas people hear for a few loud weeks have spent almost their entire lives out of sight. After hatching, the young burrow underground and stay there for many years, feeding quietly on sap from tree roots, with some kinds waiting a remarkable 17 years before surfacing. Then they crawl up, molt into winged adults, mate, and die within weeks. It is one of nature's most lopsided lives: over a decade below ground for a single brief summer above it.","Some cicadas live up to 17 years underground sipping root sap, then survive only weeks as adults.","cicadas,life-cycle,longevity",52,false,"cicadas-shed-skins,cicadas-loud-songs,ants-queen-role,prime-numbers-building-blocks,baobab-nine-species","hidden-underground,plants-and-botany",
cicadas-shed-skins,insects,Cicadas,A Fungus Turns Cicadas Into Zombies,"One of the strangest fates in the insect world befalls cicadas infected by a fungus called Massospora. It eats away the insect's rear end and replaces it with a crumbling plug of spores, effectively hollowing the cicada out, yet it keeps flying and trying to mate. The fungus even doses its host with an amphetamine-like chemical to keep it hyperactive and social, so the 'zombie' cicada spreads spores to as many others as possible before it dies.","The Massospora fungus hollows out cicadas, drugs them, and drives the 'zombies' to spread its spores.","cicadas,fungus,parasitism",51,false,"cicadas-underground-years,cicadas-loud-songs,beetles-help-and-harm,fairies-close-to-humans,prime-numbers-building-blocks","materials-and-chemistry,plants-and-botany,medicine-and-cures,flight-and-aviation",
dragonflies-nearly-360-vision,insects,Dragonflies,Dragonflies Are the Deadliest Hunters on Earth,"By one crucial measure, the dragonfly is the most lethal predator alive: its hunting success rate. Dragonflies catch up to 95 percent of the prey they go after, leaving lions, sharks, and great white hunters far behind at rates closer to a quarter or less. The secret is a brain that does not just chase but predicts, calculating where a fleeing insect will be and steering to intercept it there, like a fighter pilot leading a target.","Dragonflies catch up to 95% of targeted prey using predictive interception, the best success rate known.","dragonflies,predators,hunting",51,false,"dragonflies-flight-hunters,dragonflies-aquatic-nymphs,beetles-help-and-harm,terror-birds-fossil-chemistry,dunkleosteus-self-sharpening-jaws","numbers-and-mathematics,flight-and-aviation",
dragonflies-aquatic-nymphs,insects,Dragonflies,One Dragonfly Migrates Across an Ocean,"A small dragonfly called the globe skimmer makes the longest migration of any insect on Earth. Following seasonal rains, waves of them journey across open ocean between Africa and India and beyond, a round trip that can total around 11,000 miles. No single dragonfly survives the whole route; like monarch butterflies, they hand the journey down across several generations. A creature you could hold in your hand crosses seas that stop many birds.","The globe skimmer dragonfly migrates up to 11,000 miles across open ocean over several generations.","dragonflies,globe-skimmer,migration",52,false,"dragonflies-flight-hunters,dragonflies-nearly-360-vision,butterflies-conservation-decline,deep-sea-largest-daily-migration,jellyfish-daily-commute","record-extremes,exploration-and-navigation,counterintuitive-scale",
dragonflies-flight-hunters,insects,Dragonflies,Ancient Dragonflies Had Two-Foot Wingspans,"Around 300 million years ago, long before the dinosaurs, the skies held dragonfly relatives the size of birds. The giant Meganeura had a wingspan of more than two feet, making it one of the largest flying insects that ever lived. It could grow so huge because the atmosphere back then held far more oxygen than today's. Insects breathe through tiny tubes rather than lungs, and that oxygen-rich air let them balloon to sizes impossible now.","300 million years ago, oxygen-rich air let dragonfly relatives like Meganeura grow two-foot wingspans.","dragonflies,meganeura,prehistoric",51,false,"dragonflies-aquatic-nymphs,dragonflies-nearly-360-vision,cicadas-loud-songs,flying-boats-fuselage-hull,ants-social-colonies","record-extremes,human-body-quirks,flight-and-aviation,counterintuitive-scale",
fireflies-bioluminescence,insects,Fireflies,Whole Forests of Fireflies Flash in Unison,"In a handful of special places, fireflies do something eerie and coordinated: they all flash at the same time. Across a hillside, thousands of them blink on and off in near-perfect synchrony, plunging the woods into darkness and then lighting it up together, over and over. The spectacle is so rare and mesmerizing that spots like the Great Smoky Mountains hold lotteries for viewing permits, and crowds travel across the world to see the trees pulse with light.","In rare spots, thousands of fireflies flash in near-perfect synchrony, lighting whole hillsides at once.","fireflies,synchronous,bioluminescence",51,false,"fireflies-mating-flashes,ants-queen-role,beetles-eat-everything,bioluminescence-most-deep-sea-animals-glow,bioluminescence-shrimp-spit-light,anglerfish-built-in-fishing-rod","plants-and-botany,collective-behavior,bioluminescence-and-glow",
fireflies-mating-flashes,insects,Fireflies,Some Fireflies Fake Their Flashes to Kill,"Firefly flashes are a courtship code, with each species using its own pattern so males and females can find the right partner. But some females turn that code into a trap. Females of the genus Photuris, nicknamed 'femme fatales,' can mimic the flash signal of a different firefly species. A hopeful male of that species flies in expecting a mate, and instead the impostor seizes and eats him, even stealing defensive chemicals from his body.",'Femme fatale' fireflies mimic another species' flash code to lure in males and eat them.,"fireflies,mimicry,predation",52,false,"fireflies-bioluminescence,beetles-help-and-harm,mosquitoes-females-bite,cicadas-shed-skins,ants-queen-role","camouflage-and-mimicry,materials-and-chemistry,food-and-cuisine",
praying-mantis-keen-vision,insects,Praying Mantises,Scientists Gave Mantises Tiny 3D Glasses,"The praying mantis is the only insect known to see in genuine 3D, the same kind of depth perception humans get from having two forward-facing eyes. To prove it, researchers actually built miniature 3D glasses and glued them onto mantises with beeswax, then showed them 3D movies of prey. The mantises struck at bugs that appeared to float right in front of them, confirming they judge depth stereoscopically, and hinting at simpler ways machines might see in 3D.","Mantises are the only insect known to see in true 3D, proven by fitting them with tiny 3D glasses.","praying-mantises,3d-vision,science",50,false,"praying-mantis-camouflage,termites-social-castes,beetles-eat-everything,dragonflies-nearly-360-vision,dragonflies-flight-hunters","perception-and-brain,storytelling-and-narrative",
praying-mantis-camouflage,insects,Praying Mantises,A Mantis Has One Ear and It Hunts Bats,"Many praying mantises have just a single ear, tucked in the middle of their chest, and it is tuned to a very specific sound: the ultrasonic hunting calls of bats. A flying mantis that hears a bat closing in throws itself into a sudden, spiraling power dive to escape being snatched from the air. It is a one-eared early-warning system built for a single life-or-death purpose, dodging one of the insect's deadliest nighttime predators.","Many mantises have a single ear on their chest tuned to bat sonar, triggering an evasive midair dive.","praying-mantises,hearing,bats",52,false,"praying-mantis-keen-vision,cicadas-loud-songs,dragonflies-nearly-360-vision,taos-hum-worldwide-pattern,sound-human-frequency-range","energy-and-power,flight-and-aviation,self-organizing-patterns,music-and-sound",
termites-social-castes,insects,Termites,Termites Are Actually Social Cockroaches,"For a long time termites were classified as their own separate insect order, sometimes called 'white ants.' Genetics rewrote that story. DNA studies revealed termites are not a distinct group at all, but a specialized branch of cockroaches that evolved to live in complex, cooperative colonies. So the wood-munching insects in the walls are essentially cockroaches that became highly social, more closely related to the roach in the kitchen than to the ants they resemble.",DNA shows termites are not their own order but a highly social branch of cockroaches.,"termites,cockroaches,classification",51,false,"ants-chemical-communication,praying-mantis-keen-vision,ants-social-colonies,ants-queen-role,cicadas-shed-skins","symbiosis-and-cooperation,storytelling-and-narrative",
mosquitoes-females-bite,insects,Mosquitoes,That Itchy Mosquito Bite Is Her Building Eggs From Your Blood,"Only female mosquitoes bite, and blood is not actually their food. Both males and females live mainly on flower nectar and plant juices for energy. What the female needs from you is protein and iron to develop her eggs, so a blood meal is really a reproductive supplement, not dinner. Every itchy welt is tied to making the next generation of mosquitoes, which is why a mosquito that has just bitten you goes off to lay eggs.","Only female mosquitoes bite, and blood isn't even their food — both sexes actually live on flower nectar. What she's harvesting from you is protein and iron to develop her eggs, so every itchy welt is really a reproductive raid.","mosquitoes,blood-meal,reproduction",52,false,"ants-queen-role,cicadas-underground-years,seahorses-male-give-birth,penguins-fathers-incubate,fireflies-mating-flashes,mangroves-salt-filter","plants-and-botany,food-and-cuisine,parental-care,energy-and-power",
beetles-most-diverse,insects,Beetles,One in Every Four Animal Species Is a Beetle,"Beetles aren't just diverse; they're the single most species-rich group of animals known. Roughly 400,000 beetle species have been named. That means something like one in four or five named animals on Earth is a beetle — with countless more still awaiting discovery. The sheer scale inspired a famous quip attributed to biologist J.B.S. Haldane: asked what nature revealed about its Creator, he replied, 'an inordinate fondness for beetles.'","About one in four or five named animal species is a beetle, roughly 400,000 kinds and counting.","beetles,biodiversity,coleoptera",52,false,"beetles-eat-everything,beetles-help-and-harm,bees-honey-from-nectar,rainforests-four-layers,ants-social-colonies",animal-intelligence,
beetles-eat-everything,insects,Beetles,Dung Beetles Steer by the Milky Way,"Dung beetles roll their prized balls of dung in a dead-straight line to escape rivals at the pile, and to hold that line they look to the sky. Experiments showed the beetles use the pale band of the Milky Way as a compass, orienting by the galaxy's glow on clear nights. When researchers fitted them with tiny hats to block their view, they lost their way. They are the only animals known to navigate using the entire galaxy.",Dung beetles roll dung in a straight line by using the glow of the Milky Way as a compass.,"beetles,dung-beetles,navigation",51,false,"beetles-most-diverse,beetles-help-and-harm,butterflies-conservation-decline,apollo13-earth-horizon-navigation,wilderness-survival-getting-lost-top-cause","exploration-and-navigation,stars-and-cosmos,bioluminescence-and-glow,lost-and-rediscovered",
beetles-help-and-harm,insects,Beetles,One Beetle Fires a Boiling Chemical Spray,"The bombardier beetle carries a built-in chemical weapon. When threatened, it mixes two stored chemicals in a reinforced chamber in its abdomen, triggering a violent reaction that reaches the boiling point of water and blasts out a hot, caustic spray. It fires in rapid machine-gun-like pulses and can aim the jet at an attacker with remarkable accuracy. The explosion is startling and painful enough to make birds, frogs, and ants spit the beetle right back out.",The bombardier beetle blasts attackers with a boiling chemical spray fired in machine-gun-like pulses.,"beetles,bombardier-beetle,defense",52,false,"beetles-most-diverse,beetles-eat-everything,cicadas-shed-skins,castles-not-palaces,dragonflies-nearly-360-vision","materials-and-chemistry,flight-and-aviation,war-and-conflict",
dead-sea-lowest-water,strange-places,Dead Sea,The Shrinking Dead Sea Is Swallowing the Land,"The Dead Sea is disappearing, and its retreat is opening the ground itself. As the shoreline pulls back by around three feet every year, the fresh groundwater left behind dissolves buried salt layers, forming underground cavities that suddenly cave in. Thousands of these sinkholes have appeared along the shore, some big enough to swallow roads, palm groves, and buildings, sometimes collapsing without warning under people's feet. A once-busy coastline is becoming a hazard zone.","As the Dead Sea recedes, thousands of sinkholes are collapsing along its shore and swallowing land.","dead-sea,sinkholes,environment",52,false,"dead-sea-buoyancy,pamukkale-thermal-spa,socotra-man-lives-in-cave,irrigation-theory-debated,glass-buildings-postwar-energy,nonstick-pans-pfas-concerns","hidden-underground,architecture-and-structures,food-and-cuisine",
dead-sea-buoyancy,strange-places,Dead Sea,The Dead Sea Coughs Up Its Own Asphalt,"The Dead Sea has a bizarre habit: it produces asphalt. Every so often, chunks of black, tar-like bitumen break loose from the lakebed and float up to bob on the surface, sometimes in blocks big enough to stand on. Ancient peoples harvested this natural asphalt for waterproofing and, in Egypt, for embalming mummies, making the sea a valuable resource in the ancient world. The Romans even knew it by another name: the Asphalt Lake.","The Dead Sea periodically floats up blocks of natural asphalt, which ancient Egyptians used to embalm mummies.","dead-sea,asphalt,ancient-world",50,false,"dead-sea-lowest-water,pamukkale-thermal-spa,lake-hillier-pink-conditions,lake-hillier-color-can-change,pamukkale-natural-cultural",psychology-and-behavior,
salar-de-uyuni-largest-salt-flat,strange-places,Salar de Uyuni,This Salt Flat Becomes the World's Largest Mirror,"For much of the year Salar de Uyuni is a blinding white plain, but when the rainy season comes, a thin sheet of water settles over the salt and transforms it. The surface becomes a nearly flawless mirror, reflecting the sky so completely that the horizon vanishes and people appear to walk on the clouds. The reflection is so perfectly flat and vast that scientists use it to help calibrate the measuring instruments on Earth-observing satellites.","When flooded, Salar de Uyuni becomes a mirror so flat that satellites use it for calibration.","salar-de-uyuni,mirror,bolivia",52,false,"blood-falls-hidden-lake,dead-sea-lowest-water,mirrors-telescope-front-coating,lake-hillier-color-can-change,paris-catacombs-cemetery-crisis","record-extremes,transformation-metamorphosis,music-and-sound,food-and-cuisine",
fly-geyser-guided-access,strange-places,Fly Geyser,Nevada's Most Surreal Geyser Was an Accident,"Fly Geyser looks like something from another world, but it was created by mistake. In the 1960s, workers drilling a geothermal well in the Nevada desert left it improperly sealed, and superheated mineral water began escaping. Over the following decades, dissolved minerals precipitated out and piled up around the leak, slowly building the multicolored, cone-shaped mounds that spray water into the air today. What looks like an ancient natural wonder is really a plumbing error gone wild.",Fly Geyser formed by accident from a leaking 1960s geothermal well that piled up minerals over decades.,"fly-geyser,nevada,geothermal",51,false,"fly-geyser-art-landscape,socotra-mistaken-for-atlantis,paris-catacombs-night-transfers,pamukkale-natural-cultural,giants-causeway-finn-mccool","camouflage-and-mimicry,flight-and-aviation,accidental-discovery,architecture-and-structures",
fly-geyser-art-landscape,strange-places,Fly Geyser,Fly Geyser's Wild Colors Are Actually Alive,"The vivid streaks of red, orange, and green coating Fly Geyser are not painted minerals or stains, they are living things. The mounds are blanketed in thermophilic algae, heat-loving microorganisms that thrive in the warm, wet, mineral-rich conditions of the constantly spraying water. Different microbes tint the surface different colors depending on temperature and chemistry. The geyser's otherworldly palette is a living coat of extreme-loving life clinging to the hot rock.","Fly Geyser's red and green colors come from living heat-loving algae, not from the minerals themselves.","fly-geyser,algae,color",53,false,"fly-geyser-guided-access,lake-hillier-color-can-change,lake-hillier-bubblegum-pink,ancient-temples-cella-inner-room,afterimages-retina-desensitized,sloths-algae-camouflage","flight-and-aviation,color-and-light",
door-to-hell-burning-crater,strange-places,Door to Hell,A Fire Meant to Last Weeks Has Burned 50 Years,"The Door to Hell is a fiery crater in the Turkmenistan desert that has been blazing for over half a century. The popular story goes that in 1971, Soviet geologists drilling for gas caused the ground to collapse into a methane-filled cavern. To burn off the dangerous gas, they set it alight, expecting the flames to die out in a few weeks. Instead the crater has been on fire ever since, glowing like a gateway to the underworld.",Soviet geologists lit the Turkmenistan gas crater in 1971 expecting it to burn out in weeks; it still burns.,"door-to-hell,turkmenistan,natural-gas",53,false,"door-to-hell-extremophiles,pamukkale-natural-cultural,paris-catacombs-cemetery-crisis,paris-catacombs-public-visits,pamukkale-thermal-spa","disaster-and-catastrophe,bioluminescence-and-glow,storytelling-and-narrative",
door-to-hell-extremophiles,strange-places,Door to Hell,An Explorer Rappelled Into the Burning Crater,"In 2013, explorer George Kourounis became the first person to descend all the way into the Door to Hell. Wrapped in a heat-reflective suit with a self-contained breathing system and fire-resistant ropes, he dropped roughly 100 feet to the crater floor, surrounded by flames, to collect soil samples. The astonishing payoff: he found bacteria living down there, hardy microbes thriving in the hot, methane-rich pit, hinting at how life might survive in hellish conditions elsewhere.",George Kourounis rappelled into the fiery crater in 2013 and found bacteria living on its floor.,"door-to-hell,exploration,extremophiles",52,false,"door-to-hell-burning-crater,lake-hillier-color-can-change,blood-falls-rust-red,paris-catacombs-night-transfers,fly-geyser-art-landscape","world-first,exploration-and-navigation,survival-adaptation",
giants-causeway-basalt-columns,strange-places,Giant’s Causeway,"40,000 Stone Columns Cracked Into Perfect Hexagons","The Giant's Causeway is a jumble of some 40,000 tightly packed stone columns, most with a strikingly regular six-sided, hexagonal shape. They formed as a thick sheet of lava cooled and contracted, cracking apart the same way drying mud or cornstarch does. The reason so many are hexagons is efficiency: as the cooling rock shrinks, splitting into six-sided shapes relieves the internal stress with the least total cracking, a pattern nature repeats again and again.","The Causeway's 40,000 columns crack into hexagons because that shape relieves cooling stress most efficiently.","giants-causeway,basalt,geology",51,false,"giants-causeway-finn-mccool,pamukkale-natural-cultural,paris-catacombs-cemetery-crisis,crystals-unit-cells-repeat,paris-catacombs-public-visits","extreme-temperature,self-organizing-patterns",
giants-causeway-finn-mccool,strange-places,Giant’s Causeway,A Giant Disguised as a Baby Won the Day,"In the classic Irish legend, the giant Finn McCool builds the causeway to fight the Scottish giant Benandonner, but the cleverest version is about brains, not brawn. When the much larger Benandonner comes across, Finn's wife disguises her husband as a giant baby in a cradle. Benandonner takes one look at the enormous 'infant,' imagines how huge the father must be, and flees home in terror, ripping up the causeway behind him so Finn cannot follow.","In the legend, Finn McCool's wife disguises him as a giant baby to scare off a larger Scottish giant.","giants-causeway,finn-mccool,folklore",51,false,"giants-causeway-basalt-columns,socotra-man-lives-in-cave,fly-geyser-guided-access,rabbits-foot-graveyard-rules,sleep-paralysis-hallucinations","parental-care,camouflage-and-mimicry,myth-vs-reality,animal-intelligence",
paris-catacombs-cemetery-crisis,strange-places,Paris Catacombs,The Paris Catacombs Hold Around Six Million People,"Beneath the streets of Paris lie the bones of roughly six million people, far more dead than the number of living residents in the city above. The underground ossuary was created in the late 1700s, when the city's overflowing cemeteries had become a public health disaster, contaminating water and air. Officials began moving centuries of accumulated human remains into abandoned limestone quarries, turning old mine tunnels into one of the largest graves on Earth.","The Paris Catacombs hold the bones of about six million people, more than the living city above.","paris-catacombs,ossuary,history",52,false,"paris-catacombs-public-visits,paris-catacombs-night-transfers,pamukkale-thermal-spa,stonehenge-solstice-alignment,dead-sea-lowest-water","hidden-underground,record-extremes,human-body-quirks,disaster-and-catastrophe",
paris-catacombs-night-transfers,strange-places,Paris Catacombs,A Secret Cinema Was Found in the Catacomb Maze,"The catacomb route open to tourists is barely a mile long, a tiny slice of a sprawling network of roughly 200 miles of tunnels beneath Paris. Most of it is off-limits, but that has never stopped the 'cataphiles,' urban explorers who slip in illegally to roam the dark passages. In 2004, police patrolling the tunnels stumbled onto something surreal: a fully equipped underground cinema with a bar and lounge, wired for electricity, hidden deep below the city.","Beneath Paris lie ~200 miles of tunnels where explorers roam, and police once found a secret cinema and bar.","paris-catacombs,cataphiles,underground",52,false,"paris-catacombs-cemetery-crisis,paris-catacombs-public-visits,pamukkale-thermal-spa,blood-falls-rust-red,socotra-mistaken-for-atlantis","hidden-underground,energy-and-power,accidental-discovery,exploration-and-navigation",
paris-catacombs-public-visits,strange-places,Paris Catacombs,The Catacomb Bones Were Arranged Into Walls,"The Paris Catacombs are not just piles of jumbled bones; the remains were deliberately arranged into macabre decoration. Workers stacked skulls and thighbones into neat, patterned walls, sometimes forming hearts, crosses, and columns out of human remains, lining the tunnels the public would later tour. The eeriness runs deep: one story tells of a catacomb doorkeeper who got lost in the maze in 1793, and whose skeleton was reportedly not found until eleven years later.","The catacomb bones were stacked into decorative walls of skulls, and a man lost in 1793 was found 11 years later.","paris-catacombs,bones,history",52,false,"paris-catacombs-cemetery-crisis,paris-catacombs-night-transfers,blood-falls-hidden-lake,skeletal-system-206-bones,skeletal-system-cartilage-shock-absorber","lost-and-rediscovered,hidden-underground,human-body-quirks,storytelling-and-narrative",
blood-falls-rust-red,strange-places,Blood Falls,"For a Century, No One Could Explain the Bleeding Glacier","When Blood Falls was discovered in Antarctica in 1911, the shocking red stain pouring from the white glacier baffled explorers, who blamed it on red algae. It took roughly a century to solve. The true cause is iron. The water seeping out is loaded with dissolved iron, and the instant it hits the air it oxidizes, essentially rusting, and turns deep red. The glacier is not bleeding; it is quietly rusting as it flows.",Blood Falls' red was blamed on algae for a century; it is really iron in the water rusting on contact with air.,"blood-falls,antarctica,iron",51,false,"blood-falls-hidden-lake,paris-catacombs-night-transfers,door-to-hell-extremophiles,shackleton-endurance-survival,socotra-endemic-plants","human-body-quirks,exploration-and-navigation",
blood-falls-hidden-lake,strange-places,Blood Falls,Blood Falls Flows From a 2-Million-Year-Old Lake,"The water that stains Blood Falls red comes from an extraordinary source: a lake trapped beneath the Taylor Glacier and sealed off from the outside world for around two million years. Cut off under hundreds of meters of ice, this hidden reservoir is pitch dark, completely without oxygen, and about as salty as brine. Scientists describe it as a kind of frozen time capsule, preserving conditions from a lost world deep beneath the Antarctic ice.","Blood Falls is fed by a dark, briny lake sealed beneath the ice for about two million years.","blood-falls,subglacial-lake,antarctica",53,false,"blood-falls-rust-red,paris-catacombs-public-visits,salar-de-uyuni-largest-salt-flat,shackleton-endurance-survival,paris-catacombs-cemetery-crisis","human-body-quirks,lost-and-rediscovered,music-and-sound",
pamukkale-thermal-spa,strange-places,Pamukkale,Next to Pamukkale Sits an Ancient 'Gate to Hell',"Beside Pamukkale stand the ruins of the ancient city of Hierapolis, home to a site the Greeks and Romans called a gateway to the underworld. In this small grotto, animals led to the entrance would abruptly drop dead, while priests seemed to survive, and people saw it as proof of divine power. Modern scientists solved the grim mystery: the cave vents lethal, invisible carbon-dioxide gas that pools near the ground, suffocating animals while taller priests stayed above it.","At Hierapolis by Pamukkale, a 'Gate to Hell' killed animals with invisible fumes, later shown to be lethal CO2.","pamukkale,hierapolis,history",52,false,"pamukkale-natural-cultural,paris-catacombs-night-transfers,socotra-man-lives-in-cave,dead-sea-lowest-water,paris-catacombs-cemetery-crisis","hidden-underground,energy-and-power",
pamukkale-natural-cultural,strange-places,Pamukkale,You Can Swim Among Sunken Roman Columns,"Pamukkale offers a rare chance to bathe in history. In the thermal waters known as Cleopatra's Pool, visitors can wade and swim directly among the tumbled marble columns and carved stone blocks of ancient Hierapolis. The ruins did not fall here by design, an earthquake in antiquity toppled a grand structure and sent its columns crashing into the warm spring, where they still lie today, letting swimmers drift over two-thousand-year-old architecture.","At Pamukkale's Cleopatra's Pool, you can swim among Roman marble columns toppled by an ancient earthquake.","pamukkale,cleopatras-pool,ruins",51,false,"pamukkale-thermal-spa,dead-sea-lowest-water,paris-catacombs-cemetery-crisis,door-to-hell-burning-crater,fly-geyser-guided-access","disaster-and-catastrophe,architecture-and-structures",
socotra-endemic-plants,strange-places,Socotra,Socotra's Dragon's Blood Trees Look Alien,"The island of Socotra is dominated by one of the strangest trees on Earth: the dragon's blood tree, shaped like an umbrella blown inside out, with a dense canopy perched atop a bare trunk. Slice into it and it oozes a deep red sap that looks unsettlingly like blood, which people have harvested for thousands of years as a dye, a medicine, and even a varnish. Groves of them give Socotra the look of an alien planet.",Socotra's iconic dragon's blood trees are umbrella-shaped and bleed red sap used for millennia as dye and medicine.,"socotra,dragons-blood-tree,plants",52,false,"socotra-mistaken-for-atlantis,socotra-man-lives-in-cave,lake-hillier-pink-conditions,dragons-blood-tree-origin-legend,caffeine-naturally-bitter,bamboo-fast-growth","plants-and-botany,stars-and-cosmos,medicine-and-cures,human-body-quirks",
lake-hillier-bubblegum-pink,strange-places,Lake Hillier,Lake Hillier Stays Pink Even in a Glass,"Plenty of lakes can look colorful when the sky or light hits them right, but Lake Hillier in Western Australia is different: its bubblegum-pink color is really in the water. Scoop some into a glass or a bottle and it stays pink, proving the hue is not a reflection of the sky or a trick of the sun's angle. The lake holds its cotton-candy color no matter where you take it, which is what makes it so uncanny.","Unlike many colorful lakes, Lake Hillier's pink is in the water itself and stays pink even in a glass.","lake-hillier,pink-lake,australia",51,false,"lake-hillier-pink-conditions,lake-hillier-color-can-change,fly-geyser-art-landscape,pink-once-for-boys,pink-not-always-girly",color-and-light,
lake-hillier-color-can-change,strange-places,Lake Hillier,Flamingo Pigment Is Why the Lake Is Pink,"Lake Hillier's startling color comes from life adapted to extreme salt. The water is far saltier than the sea, and in it live salt-loving algae and microbes that produce carotenoids, red-orange pigments, as they cope with the harsh, sun-blasted conditions. Those are the very same kinds of pigments that turn flamingos pink and give carrots and salmon their color. The lake is essentially dyed from within by the tiny organisms thriving in its brine.","Lake Hillier's pink comes from salt-loving microbes making carotenoids, the same pigment that colors flamingos.","lake-hillier,carotenoids,algae",53,false,"lake-hillier-bubblegum-pink,lake-hillier-pink-conditions,fly-geyser-art-landscape,door-to-hell-extremophiles,dead-sea-lowest-water","color-and-light,survival-adaptation,food-and-cuisine",
lake-hillier-pink-conditions,strange-places,Lake Hillier,A Pink Lake Sits Right Beside a Deep-Blue Sea,"One of the most surreal things about Lake Hillier is not just that it is pink, but what sits next to it. The lake lies on a small island, separated from the deep blue water of the Southern Ocean by only a thin strip of sand and eucalyptus trees. From above, the contrast is jarring: a vivid bubblegum-pink lake sitting almost side by side with a navy-blue sea, divided by a narrow green ribbon of forest, like two worlds pressed together.",Lake Hillier's bubblegum-pink water sits just a thin strip of trees away from the deep-blue ocean.,"lake-hillier,ocean,australia",52,false,"lake-hillier-bubblegum-pink,lake-hillier-color-can-change,socotra-endemic-plants,deep-sea-underwater-lakes,oceans-cover-most-earth,waterfalls-many-causes","plants-and-botany,deep-sea-and-abyss",
agriculture-domestication-shift,human-civilization,Agriculture,Farming May Have Been a Health Disaster at First,"We tend to picture the switch to farming as pure progress, but early skeletons tell a grimmer story. Compared with the hunter-gatherers they replaced, the first farmers were often shorter, showed more signs of disease and malnutrition, and had far worse teeth. Leaning on a few starchy staples like wheat traded a varied wild diet for a monotonous one. One scientist famously called the adoption of agriculture 'the worst mistake in the history of the human race.'","Skeletons show early farmers were shorter and sicker than the foragers they replaced, trading variety for calories.","agriculture,health,prehistory",52,false,"agriculture-settled-societies,sewers-public-health,laws-ancient-codes,musical-instruments-human-universal,ants-queen-role","money-trade-and-value,medicine-and-cures,human-body-quirks,disaster-and-catastrophe",
agriculture-settled-societies,human-civilization,Agriculture,We Bred Corn So Much It Cannot Survive Alone,"Thousands of years of farming reshaped crops so drastically that some can no longer live without us. The clearest example is corn. Its wild ancestor, teosinte, is a scraggly grass with a few hard kernels that looks nothing like a modern cob. Through generations of selective planting, humans transformed it into today's fat, sweet ears, but in doing so trapped the kernels tightly onto the cob. Modern corn cannot even scatter its own seeds; without people to plant it, it would vanish.",Selective breeding turned wild teosinte into corn so dependent it can no longer drop its own seeds to reproduce.,"agriculture,corn,domestication",53,false,"agriculture-domestication-shift,laws-national-codification,roads-military-first,ants-queen-role,cities-industrial-growth","plants-and-botany,transformation-metamorphosis",
calendars-track-cycles,human-civilization,Calendars,Switching Calendars Erased Days From History,"When the modern Gregorian calendar replaced the older Julian one, the switch literally deleted days. To correct centuries of drift, the calendar simply skipped ahead: in 1582, several countries jumped straight from October 4 to October 15, so those ten dates never happened. Britain and its colonies waited until 1752 and had to drop eleven days, going to bed on September 2 and waking up on September 14. Confused crowds reportedly grumbled about their 'stolen' days.","Adopting the Gregorian calendar deleted days: October 1582 leapt from the 4th to the 15th, and Britain skipped 11 in 1752.","calendars,gregorian-calendar,history",51,false,"calendars-reform,calendars-not-one-system,timekeeping-mechanical-clocks,timekeeping-escapement,timekeeping-atomic-clocks","collective-behavior,timekeeping",
calendars-not-one-system,human-civilization,Calendars,The Last Four Months Are Named for the Wrong Numbers,"September, October, November, and December come from the Latin words for seven, eight, nine, and ten, yet they are the 9th through 12th months. The mismatch is a fossil from the old Roman calendar, which began the year in March, making September genuinely the seventh month. Later, the months of January and February were added onto the front of the year. The numbering never got fixed, so we still carry a 2,000-year-old counting error in the names of the months.",September to December mean 'months 7 to 10' because the Roman year once began in March before January and February were added.,"calendars,months,etymology",53,false,"calendars-track-cycles,calendars-reform,timekeeping-mechanical-clocks,nightmares-common-adults,dollar-sign-spanish-pesos","origins-and-naming,timekeeping,animal-intelligence,numbers-and-mathematics",
calendars-reform,human-civilization,Calendars,The French Revolution Tried to Decimalize Time,"Fresh from overturning the monarchy, revolutionary France in the 1790s decided to reinvent time itself. Its new calendar scrapped the seven-day week for a ten-day one, and split the day into 10 hours, each of 100 minutes, each of 100 seconds. Clocks were even built with decimal faces. The tidy math had a fatal flaw: it meant only one day of rest in ten and clashed with every tradition and neighbor. Within about a decade the whole experiment was abandoned.","Revolutionary France built a 10-day week and a 10-hour decimal day, but the calendar collapsed within a decade.","calendars,french-revolution,decimal-time",52,false,"calendars-track-cycles,calendars-not-one-system,timekeeping-escapement,french-revolution-bastille,timekeeping-mechanical-clocks","timekeeping,disaster-and-catastrophe,invention-and-breakthrough",
cities-civilization-hubs,human-civilization,Cities,One of the First Cities Had No Streets at All,"Catalhoyuk, a settlement in what is now Turkey inhabited around 9,000 years ago, was one of humanity's first cities, and it looked nothing like ours. It had no streets and no doors at ground level. Houses were packed directly against one another in a honeycomb, and residents walked across the flat rooftops as their roads, climbing down ladders through holes in their ceilings to enter their homes. The whole town was a single connected roofscape.","The 9,000-year-old city of Catalhoyuk had no streets; people walked the rooftops and entered homes through the ceiling.","cities,catalhoyuk,urban-history",51,false,"cities-ancient-roots,cities-industrial-growth,roads-military-first,coins-ancient-origins,sewers-wastewater-network",self-organizing-patterns,
cities-ancient-roots,human-civilization,Cities,"Rome Was So Big No City Matched It for 1,800 Years","At its height around 2,000 years ago, the city of Rome swelled to roughly a million residents, an almost unimaginable size for the ancient world, supported by aqueducts, imported grain, and sprawling apartment blocks. Then it collapsed, shrinking to a town of a few tens of thousands. So enormous was that peak that no city on Earth is thought to have reached a million people again until London did so around the year 1800, some eighteen centuries later.","Ancient Rome reached about a million people, a size no city matched again until London around 1800.","cities,rome,population",52,false,"cities-industrial-growth,cities-civilization-hubs,sewers-wastewater-network,concrete-steel-reinforcement,roads-military-first","ancient-engineering,disaster-and-catastrophe",
cities-industrial-growth,human-civilization,Cities,Humans Only Recently Became a City Species,"For virtually all of human history, the overwhelming majority of people lived in the countryside, working the land. That deep pattern broke astonishingly recently. Demographers estimate that only around 2007 did the share of humans living in cities finally tip past 50 percent, meaning our species became majority-urban for the first time ever within living memory. After tens of thousands of years as rural farmers and foragers, most people now, for the first time, call a city home.","Only around 2007 did more than half of humanity live in cities, making us majority-urban for the first time ever.","cities,urbanization,population",52,false,"cities-ancient-roots,cities-civilization-hubs,coins-ancient-origins,timekeeping-mechanical-clocks,calendars-not-one-system","world-first,psychology-and-behavior,numbers-and-mathematics",
coins-ancient-origins,human-civilization,Coins,The First Coins Came From a King So Rich He's a Byword,"The world's first true coins were struck around 2,600 years ago in Lydia, a kingdom in what is now Turkey. They were made from electrum, a naturally occurring pale alloy of gold and silver, stamped with official marks to certify their weight and value. Lydia's most famous ruler, King Croesus, refined the idea and grew so legendarily wealthy that his name survives today in the phrase 'rich as Croesus,' the ancient world's ultimate measure of a fortune.","The first coins were minted around 2,600 years ago in Lydia, home of the fabulously wealthy King Croesus.","coins,lydia,croesus",51,false,"coins-ruler-portraits,cities-industrial-growth,sewers-two-systems,agriculture-domestication-shift,cities-civilization-hubs","money-trade-and-value,materials-and-chemistry,world-first",
coins-ruler-portraits,human-civilization,Coins,Brutus Put the Ides of March on a Coin,"Ancient coins doubled as mass media, and one of the boldest ever minted was pure political bragging. After Brutus and his fellow conspirators brought down Julius Caesar, Brutus issued a coin advertising the deed. It showed a 'pileus,' the cap freed slaves wore to signal liberty, above the inscription 'EID MAR', short for the Ides of March. It was a claim, stamped in metal and passed hand to hand, that toppling Caesar had freed Rome.",Brutus minted a coin stamped 'EID MAR' to advertise the day he and his conspirators overthrew Caesar.,"coins,brutus,rome",47,false,"coins-ancient-origins,sewers-wastewater-network,roads-military-first,sewers-two-systems,cities-ancient-roots","record-extremes,materials-and-chemistry",
irrigation-theory-debated,human-civilization,Irrigation,Irrigation Drained One of the World's Biggest Lakes,"Irrigation can build civilizations, but it can also destroy landscapes. In the mid-20th century, the Soviet Union diverted the rivers feeding the Aral Sea, once the fourth-largest lake on Earth, to irrigate vast cotton fields. Cut off from its water sources, the lake shrank catastrophically, splitting into briny remnants and leaving a toxic, salt-crusted desert behind. Today, rusting fishing boats sit stranded on dry sand miles from any shore, a monument to irrigation gone wrong.","Soviet cotton irrigation drained the Aral Sea, once the world's fourth-largest lake, into a desert of stranded ships.","irrigation,aral-sea,environment",52,false,"timekeeping-escapement,sewers-two-systems,dead-sea-lowest-water,glass-buildings-postwar-energy,coins-ruler-portraits,nonstick-pans-pfas-concerns","record-extremes,disaster-and-catastrophe,architecture-and-structures,food-and-cuisine",
laws-ancient-codes,human-civilization,Laws,One Lawmaker Was So Harsh He Named a Word,"Around 621 BCE, the Athenian lawgiver Draco wrote down the city's first legal code, and it was staggeringly severe. Under his laws, an enormous range of offenses, reportedly including something as trivial as stealing a cabbage, was punishable by death. An ancient joke said the code was written not in ink but in blood. Draco's name lives on in the word 'draconian,' which we still use for any rule or punishment that is cruelly, disproportionately harsh.","The Athenian lawgiver Draco punished even minor crimes with death, giving us the word 'draconian.'","laws,draco,ancient-greece",53,false,"laws-national-codification,agriculture-domestication-shift,cities-ancient-roots,olympic-games-ancient-greek-festival,sewers-wastewater-network",human-body-quirks,
laws-national-codification,human-civilization,Laws,Medieval Europe Put Animals on Trial,"For centuries in medieval and early modern Europe, courts held full legal trials, for animals. Pigs that killed children, rats accused of eating crops, and even swarms of insects were formally prosecuted, assigned defense lawyers, and sentenced under the same legal system used for people. Some animal defendants were excommunicated; others were executed in public. It sounds absurd today, but it reflected a worldview in which the law was meant to restore cosmic order over every creature.","Medieval European courts formally prosecuted animals, from pigs to insects, with defense lawyers and sentences.","laws,animal-trials,medieval-europe",53,false,"laws-ancient-codes,calendars-track-cycles,agriculture-settled-societies,timekeeping-atomic-clocks,roads-military-first","stars-and-cosmos,plants-and-botany,collective-behavior,music-and-sound",
roads-military-first,human-civilization,Roads,Modern Highways Still Follow Roman Roads,"Roman engineers built their roads so well, running dead straight over hills and marshes on deep, layered foundations, that many have never really gone away. Across Britain, France, and beyond, the routes of major modern roads and highways still trace the paths the Romans laid down two thousand years ago, sometimes running directly on top of the ancient roadbed. When you drive certain European motorways today, you are following a course surveyed by Roman soldiers.","Roman roads were so well-built that many modern European highways still follow their exact 2,000-year-old routes.","roads,rome,engineering",52,false,"cities-ancient-roots,sewers-wastewater-network,carthage-rome-burned-city,concrete-steel-reinforcement,coins-ruler-portraits","war-and-conflict,architecture-and-structures,machines-and-mechanisms",
sewers-wastewater-network,human-civilization,Sewers,"Rome's Great Sewer Still Works After 2,500 Years","One of the world's oldest surviving sewers has been quietly doing its job for around two and a half millennia. Rome's Cloaca Maxima, whose name means 'Greatest Sewer,' was begun in the 6th century BCE to drain the marshy valleys of the growing city, and portions of it still carry water and drain rainfall in Rome today. The Romans took it so seriously they even worshipped a goddess of the sewer, Cloacina, who presided over the whole underground system.","Rome's Cloaca Maxima, begun around 2,500 years ago, still partly drains the city and even had its own goddess.","sewers,cloaca-maxima,rome",51,false,"sewers-public-health,sewers-two-systems,coins-ruler-portraits,cities-ancient-roots,roads-military-first","record-extremes,origins-and-naming,hidden-underground",
sewers-two-systems,human-civilization,Sewers,A 'Great Stink' Forced London to Build Sewers,"In the hot summer of 1858, the Thames became so choked with raw sewage that London was engulfed in an unbearable stench remembered as the 'Great Stink.' The smell grew so foul in the riverside Houses of Parliament that lawmakers, curtains soaked in chemicals, nearly abandoned the building. Desperate, they finally funded a vast new sewer network. It carried the filth away from the city and, as a bonus, helped end the deadly cholera outbreaks that had plagued London.",London's 1858 'Great Stink' drove Parliament to build the sewers that carried off the filth and helped end cholera.,"sewers,great-stink,london",52,false,"sewers-wastewater-network,sewers-public-health,coins-ruler-portraits,irrigation-theory-debated,coins-ancient-origins","materials-and-chemistry,architecture-and-structures",
sewers-public-health,human-civilization,Sewers,Doctors Voted Sanitation the Greatest Advance,"It is easy to take the humble sewer for granted, but medical experts do not. When a leading medical journal once polled its readers on the single greatest medical advance since 1840, the winner was not antibiotics, anesthesia, or vaccines. It was sanitation, the clean water and sewer systems that carry human waste safely away from where people live. By cutting off the spread of deadly diseases like cholera and typhoid, plumbing has quietly saved more lives than almost any medicine.","Readers of a major medical journal voted sanitation the greatest medical advance since 1840, ahead of antibiotics and vaccines.","sewers,sanitation,public-health",51,false,"sewers-wastewater-network,sewers-two-systems,agriculture-domestication-shift,germ-theory-changed-cleanliness,cities-industrial-growth",medicine-and-cures,
timekeeping-mechanical-clocks,human-civilization,Timekeeping,An 'Hour' Used to Change Length With the Seasons,"For most of history, an hour was not a fixed block of time. Many ancient societies simply divided the daylight into twelve equal 'hours,' whatever the length of the day. That meant a daytime hour in the long days of summer was noticeably longer than a daytime hour in the short days of winter, and night hours stretched and shrank the opposite way. Only with reliable mechanical clocks did the fixed, unchanging 60-minute hour we now take for granted take over.","Many ancient societies split daylight into 12 hours, so a daytime hour was longer in summer than in winter.","timekeeping,hours,history",53,false,"timekeeping-escapement,timekeeping-atomic-clocks,calendars-reform,calendars-not-one-system,calendars-track-cycles","timekeeping,numbers-and-mathematics",
timekeeping-escapement,human-civilization,Timekeeping,Trains Used to Crash Because No One Could Agree What Time It Was,"Before the 1800s, every town simply set its clocks by its own local noon, when the sun was highest, so a city to the east ran a few minutes ahead of one to the west. That patchwork was harmless until railways arrived. Trains ran on tight schedules across long distances, and dozens of slightly different local times made timetables a nightmare and crashes a risk. To fix it, railways imposed standardized 'railway time,' the direct ancestor of today's time zones.","Every town once set its clock by its own local noon, until the mismatch made train collisions a real risk — so railways forced standardized 'railway time' on everyone.","timekeeping,time-zones,railways",52,false,"timekeeping-mechanical-clocks,timekeeping-atomic-clocks,calendars-reform,calendars-track-cycles,irrigation-theory-debated","timekeeping,record-extremes,disaster-and-catastrophe",
timekeeping-atomic-clocks,human-civilization,Timekeeping,A Clock Problem Kept Sailors Lost at Sea,"For centuries, ships could find their latitude from the sun and stars but had no reliable way to know their longitude, their east-west position, and countless sailors died wrecked on unexpected coasts. The surprising key was a clock. If a ship carried a timepiece set to its home port, comparing it to local noon would reveal the longitude, but no clock could keep accurate time on a rolling, damp, temperature-swinging ship. A self-taught English carpenter, John Harrison, spent decades building one that could, finally cracking the problem.",Sailors could not find their longitude until John Harrison built a clock accurate enough to keep time at sea.,"timekeeping,longitude,john-harrison",52,false,"timekeeping-mechanical-clocks,timekeeping-escapement,calendars-reform,calendars-track-cycles,sewers-two-systems","timekeeping,stars-and-cosmos,lost-and-rediscovered,architecture-and-structures",
maps-preserve-worldviews,human-civilization,Maps,The World Map You Know Gets Sizes Very Wrong,"The familiar rectangular world map, based on the Mercator projection, is great for navigation but badly distorts the size of things. Because it stretches the globe to make it flat, areas near the poles balloon while the tropics shrink. The classic result: Greenland appears roughly as large as Africa, when in reality Africa is about fourteen times bigger. Many countries near the equator are far larger, and many northern lands far smaller, than the map has trained us to believe.","The Mercator map inflates the poles, making Greenland look as big as Africa, which is really about 14 times larger.","maps,mercator,projection",51,false,"cities-ancient-roots,cities-industrial-growth,dragons-east-west-difference,calendars-not-one-system,irrigation-theory-debated","counterintuitive-scale,exploration-and-navigation",
vacuum-of-space-suffocate-not-freeze,survival-body-limits,The Vacuum of Space,Space Would Suffocate You Long Before It Froze You,"Movies love the idea of an astronaut instantly freezing solid in space. The real physics is slower and stranger. Space is bitterly cold, but with no air to carry heat away, your body can only lose warmth by radiation, and that takes a long time. The real threat is lack of oxygen. With no air to breathe, your brain burns through the oxygen left in your blood in about 15 seconds, and then you black out. You would be unconscious long before frostbite ever mattered.","The freezing part is real, it is just far too slow to be what actually gets you.","space,vacuum,human-body,survival",59,false,"vacuum-of-space-swell-not-explode,vacuum-of-space-leblanc-saliva-boiled,heatstroke-fan-useless-above-99,hibernation-not-all-dormancy,nebulae-eyeball,heatstroke-brain-confusion-sign","perception-and-brain,extreme-temperature,human-body-quirks,storytelling-and-narrative",
vacuum-of-space-leblanc-saliva-boiled,survival-body-limits,The Vacuum of Space,"A NASA Technician Felt His Saliva Boil in a Vacuum, and Survived","In 1966, a NASA technician named Jim LeBlanc was testing a spacesuit inside a vacuum chamber when his air hose came loose. The pressure around him crashed to nearly nothing in seconds. He stayed conscious for about 14 seconds, and the last thing he remembers is the saliva on his tongue starting to bubble and boil. The crew rushed the chamber back to normal pressure, and LeBlanc walked away with barely a scratch. Repressurized within a minute or two, a body can survive vacuum with no lasting harm.",The last thing he remembers is the spit on his tongue starting to bubble.,"space,vacuum,nasa,survival",62,false,"vacuum-of-space-suffocate-not-freeze,vacuum-of-space-swell-not-explode,hysterical-strength-switches-off-pain,space-race-sputnik,apollo13-mattingly-measles-swap,asteroids-dart-changed-orbit",disaster-and-catastrophe,
vacuum-of-space-swell-not-explode,survival-body-limits,The Vacuum of Space,"Your Body Would Not Explode in Space, It Would Puff Up","Hollywood loves showing people burst apart in space, but skin is far too tough and stretchy for that. The pressure inside your body is real, yet it is nowhere near strong enough to tear you open. Instead, the water in your soft tissues turns to vapor, because with no pressure pushing back, water boils at body temperature. This is called ebullism, and it makes you swell up like a balloon. Your blood stays liquid, though, sealed safely inside your pressurized vessels.",The pressure that pops you in the movies barely dents how tough your skin really is.,"space,vacuum,human-body,physics",57,false,"vacuum-of-space-suffocate-not-freeze,vacuum-of-space-leblanc-saliva-boiled,hypothermia-babies-lose-heat-fastest,nebulae-eyeball,heatstroke-fan-useless-above-99","human-body-quirks,storytelling-and-narrative",
heatstroke-fan-useless-above-99,survival-body-limits,Heatstroke,"Once It Passes 99 Degrees, a Fan Stops Cooling You Down","On a hot day a fan feels like relief, and usually it is. Moving air helps sweat evaporate off your skin, which carries heat away. But when the temperature climbs very high, especially above about 99 degrees Fahrenheit, a fan stops helping. Now it is just pushing hot air across you, a bit like a convection oven. It can even add heat instead of removing it. That is why fans alone are not enough to keep you safe during the worst heat waves.","Past a certain temperature, that breeze is basically a convection oven pointed at you.","heat,temperature,household-science,survival",58,false,"heatstroke-brain-confusion-sign,vacuum-of-space-suffocate-not-freeze,hypothermia-shivering-stops,atmosphere-layered,electricity-electric-charges,uranus-coldest-planet","extreme-temperature,human-body-quirks",
heatstroke-brain-confusion-sign,survival-body-limits,Heatstroke,"The Scariest Sign of Heat Stroke Is Confusion, Not Sweating","Ordinary heat exhaustion makes you feel dizzy, weak, and queasy. Heat stroke is different, and far more dangerous, because it reaches your brain. Once your core temperature soars past about 104 degrees Fahrenheit, your thinking starts to break down. People get confused, slur their speech, and can turn agitated or aggressive, almost like a different person. That mental change is the real warning sign. Someone in serious trouble may not even realize that anything is wrong.",Heat exhaustion just wears you down; heat stroke reaches in and scrambles your thinking.,"heat,brain,human-body,temperature",53,false,"heatstroke-fan-useless-above-99,vacuum-of-space-suffocate-not-freeze,mammalian-dive-reflex-cold-water-slows-heart,atmosphere-layered,electricity-electric-charges","perception-and-brain,extreme-temperature",
hypothermia-shivering-stops,survival-body-limits,Hypothermia,"When Hypothermia Turns Deadly, the Shivering Stops","Shivering is your body's built-in furnace. Those fast little muscle twitches burn energy to make heat the moment you get cold. As long as you are shivering hard, your body is still fighting back. The frightening part is what comes next. As hypothermia deepens and your core temperature keeps dropping, the shivering slows, and in severe cold it stops completely. That is not relief. It means your body has run out of fuel to warm itself, and it marks the point where things turn truly dangerous.","You would expect more shivering in the cold, but the real danger begins when it quits.","cold,hypothermia,human-body,survival",60,false,"hypothermia-babies-lose-heat-fastest,wilderness-survival-cold-not-starvation,vacuum-of-space-suffocate-not-freeze,hibernation-bears-misleading,hibernation-not-all-dormancy,heatstroke-fan-useless-above-99","energy-and-power,human-body-quirks,counterintuitive-scale",
hypothermia-babies-lose-heat-fastest,survival-body-limits,Hypothermia,A Baby Can Get Dangerously Cold Just Sleeping in a Chilly Room,"Babies lose body heat far faster than adults, and they are less equipped to fight back. Compared to their tiny weight, they have a lot of surface area, so warmth escapes quickly from all that skin. They also cannot shiver the way older kids and adults do, so they cannot crank out extra heat when they need it. Put those two things together, and an infant can slip into hypothermia just by sleeping in a room that is too cold.","It takes no snowstorm, just a nursery that sits a few degrees too cold.","cold,hypothermia,babies,human-body",56,false,"hypothermia-shivering-stops,vacuum-of-space-swell-not-explode,wilderness-survival-cold-not-starvation,hibernation-bears-misleading,heatstroke-fan-useless-above-99",human-body-quirks,
hysterical-strength-switches-off-pain,survival-body-limits,Hysterical Strength,"In a Real Emergency, Your Body Can Switch Off Pain","When danger hits, your body flips into fight-or-flight mode, and one of its strangest tricks is turning down pain. Flooded with stress signals, you can take a real injury and feel almost nothing in the moment. It is why people walk away from car crashes or fights and only discover their injuries later, once they have calmed down and the rush has faded. In the middle of a crisis, your body decides that hurting can wait, because staying alive comes first.",It is why crash survivors often do not feel their injuries until hours later.,"adrenaline,fight-or-flight,human-body,survival",57,false,"hysterical-strength-reroutes-blood,vacuum-of-space-leblanc-saliva-boiled,surviving-a-fall-vulovic-33000-feet,crash-test-dummies-different-bodies,shackleton-endurance-survival","flight-and-aviation,disaster-and-catastrophe",
hysterical-strength-reroutes-blood,survival-body-limits,Hysterical Strength,Fear Reroutes Your Blood in a Split Second,"The instant you sense danger, your body starts redirecting blood on the fly. It rushes toward the big muscles that might have to fight or run, and pulls away from anything not needed right now. Your face can flush while your hands go pale, cold, and clammy. Meanwhile jobs like digestion, growth, and repair get put on hold, because there is no point digesting lunch if you are about to sprint for your life. Everything reorganizes around a single goal: survival.",There is no point digesting lunch when you might have to run for your life.,"adrenaline,fight-or-flight,blood,human-body",57,false,"hysterical-strength-switches-off-pain,hypothermia-babies-lose-heat-fastest,surviving-a-fall-vulovic-33000-feet,blood-color-changes-with-oxygen,vacuum-of-space-swell-not-explode","human-body-quirks,flight-and-aviation,psychology-and-behavior",
g-force-stapp-632-mph-sled,survival-body-limits,G-Force,"A Doctor Rode a Rocket Sled Faster Than a Bullet, on Purpose","To learn how to keep pilots alive in crashes, Colonel John Stapp did something wild: he made himself the crash-test dummy. In 1954 he strapped into a rocket-powered sled called Sonic Wind No. 1, lit off nine rockets, and shot down a track at 632 miles per hour, faster than a .45-caliber bullet. It earned him the nickname the Fastest Man on Earth. He was not chasing a thrill. He was gathering data on what extreme speed does to the human body.","To learn what a crash does to a body, he made his own body the test subject.","g-force,acceleration,human-body,history",57,false,"g-force-stapp-stop-broke-ribs,surviving-a-fall-vulovic-33000-feet,hysterical-strength-switches-off-pain,motion-velocity-has-direction,freediving-urge-is-co2-not-oxygen","motion-and-force,record-extremes,energy-and-power,flight-and-aviation",
g-force-stapp-stop-broke-ribs,survival-body-limits,G-Force,Stopping From 632 MPH in 1.4 Seconds Nearly Tore Him Apart,"Hitting top speed was not the dangerous part of John Stapp's rocket-sled ride. Stopping was. Water brakes slammed the sled from 632 miles per hour to a dead halt in just 1.4 seconds. For that instant, his body was crushed by a force of nearly four tons. The brutal stop broke his ribs and both wrists and burst blood vessels in his eyes, leaving him briefly blind. Incredibly, he recovered with no permanent injuries, then climbed aboard for more runs.",Top speed did not hurt him. Coming to a stop in 1.4 seconds nearly did.,"g-force,acceleration,human-body,physics",56,false,"g-force-stapp-632-mph-sled,mammalian-dive-reflex-calms-racing-heart,freediving-urge-is-co2-not-oxygen,brakes-hydraulic-balance,hypothermia-babies-lose-heat-fastest","motion-and-force,human-body-quirks,machines-and-mechanisms",
wilderness-survival-day-hikers-most-rescued,survival-body-limits,Wilderness Survival,Day Hikers Need Rescuing Far More Than Deep-Woods Backpackers,"You would think the people who need saving in the wild are the ones going deepest, the backcountry backpackers. It is the opposite. Across U.S. national parks over one ten-year stretch, day hikers made up 42 percent of search-and-rescue cases, nearly four times the next-biggest group. The reason is simple: day hikers travel light. They will carry a camera but skip the warm layers, shelter, and extra food that could carry them through an unexpected night outside.",The people who go in deepest are not the ones who usually need saving.,"survival,hiking,wilderness,rescue",54,false,"wilderness-survival-getting-lost-top-cause,wilderness-survival-cold-not-starvation,surviving-a-fall-vulovic-33000-feet,surviving-without-food-gandhi-21-days,vacuum-of-space-suffocate-not-freeze","record-extremes,food-and-cuisine,numbers-and-mathematics",
wilderness-survival-getting-lost-top-cause,survival-body-limits,Wilderness Survival,"The Top Reason Hikers Get Rescued Is Not Injury, It Is a Wrong Turn","Ahead of injuries and bad weather, the single most common way adult hikers end up needing rescue is simply losing the trail. In one study, about 41 percent of survivors got into trouble after wandering off the path. And it is not just clueless beginners. It happens to fit, experienced hikers at decision points, a fork, a side path, or a spot where the real trail fades out. One wrong turn, and a pleasant hike quietly becomes a survival situation.",It is rarely a dramatic fall. It is a faint side-path and one wrong turn.,"survival,hiking,wilderness,navigation",56,false,"wilderness-survival-day-hikers-most-rescued,wilderness-survival-cold-not-starvation,vacuum-of-space-suffocate-not-freeze,gps-satellite-positioning,apollo13-earth-horizon-navigation,lewis-clark-corps-discovery","exploration-and-navigation,psychology-and-behavior,numbers-and-mathematics",
wilderness-survival-cold-not-starvation,survival-body-limits,Wilderness Survival,"If You Are Lost in the Woods, Cold Gets You Long Before Hunger","Survival shows make it look like the big threat is starving, so you had better learn to trap animals and eat bugs. In reality, food is almost never the problem. Even a lean person carries enough stored energy to last about a month. The actual killer is the cold. Hypothermia can set in even at 65 degrees if you are wet from rain, sweat, or a creek. Staying warm and dry matters far more than finding your next meal.","Forget trapping dinner, getting wet at 65 degrees is the real danger.","survival,hiking,hypothermia,wilderness",55,false,"wilderness-survival-day-hikers-most-rescued,wilderness-survival-getting-lost-top-cause,hypothermia-shivering-stops,lewis-clark-corps-discovery,surviving-without-food-gandhi-21-days","food-and-cuisine,self-sacrifice,energy-and-power,lost-and-rediscovered",
surviving-a-fall-vulovic-33000-feet,survival-body-limits,Surviving a Fall,"A Flight Attendant Fell 33,000 Feet and Lived to Walk Again","In 1972, flight attendant Vesna Vulovic fell more than 33,000 feet, over six miles, after the plane she was working on came apart high in the sky. She was the only person to survive. More than fifty years later, it is still the highest fall anyone has ever lived through without a parachute. A few lucky details saved her. She was pinned inside a section of the plane that landed on a steep, snow-covered slope at just the right angle. After months of recovery, she walked again.","Six miles straight down with no parachute, and it is still a record no one wants to break.","survival,falling,human-body,history",61,false,"hysterical-strength-switches-off-pain,wilderness-survival-day-hikers-most-rescued,gliders-fly-without-engines,g-force-stapp-632-mph-sled,vacuum-of-space-suffocate-not-freeze","flight-and-aviation,record-extremes",
freediving-urge-is-co2-not-oxygen,survival-body-limits,Freediving,The Urge to Breathe Has Nothing to Do With Running Out of Oxygen,"Hold your breath, and that growing, desperate need for air feels like your body screaming for oxygen. It is not. The urge to breathe is actually triggered by carbon dioxide building up in your blood, not by oxygen running low. Your body watches carbon dioxide closely. Normally there is well over a hundred times more of it in your blood than in the air around you. Once that level climbs past a certain point, it trips the switch that forces you to gasp.",That burning need for air is your body reacting to a completely different gas.,"freediving,breathing,human-body,carbon-dioxide",58,false,"freediving-hyperventilation-blackout,g-force-stapp-stop-broke-ribs,mammalian-dive-reflex-calms-racing-heart,hypothermia-babies-lose-heat-fastest,g-force-stapp-632-mph-sled","human-body-quirks,architecture-and-structures,motion-and-force",
freediving-hyperventilation-blackout,survival-body-limits,Freediving,The Breath-Holding Trick That Can Make You Black Out Underwater,"Some swimmers take a rapid series of deep breaths before going under, certain it is loading them up with oxygen. It barely does. What all that huffing really does is flush out carbon dioxide, the very gas that tells you to come up for air. So you feel fine while your oxygen quietly drops, until it falls so low that you black out with no warning at all. Known as shallow-water blackout, it can strike a strong swimmer before they ever feel short of breath.","It barely adds oxygen, it just deletes the alarm that keeps you alive.","freediving,breathing,safety,blackout",59,false,"freediving-urge-is-co2-not-oxygen,mammalian-dive-reflex-cold-water-slows-heart,vacuum-of-space-suffocate-not-freeze,swimming-thousands-of-years,hysterical-strength-switches-off-pain",deep-sea-and-abyss,
mammalian-dive-reflex-cold-water-slows-heart,survival-body-limits,The Mammalian Dive Reflex,Dunk Your Face in Cold Water and Your Heart Automatically Slows,"Splash cold water on your face, or dip it into a cold bowl, and your body does something remarkable without asking: your heart slows down. It is called the mammalian dive reflex, an ancient survival feature humans share with seals, dolphins, and other mammals. Cold water on your face, especially around the nose and eyes, signals that you might be heading underwater. In response, your body slows your heart, steers blood toward your brain and heart, and shifts into a quiet oxygen-saving mode.",Your body shares this ancient underwater survival switch with seals and dolphins.,"dive-reflex,cold-water,human-body,heart",58,false,"mammalian-dive-reflex-calms-racing-heart,freediving-hyperventilation-blackout,vacuum-of-space-suffocate-not-freeze,heart-one-way-valves,swimming-thousands-of-years,heart-center-of-network","human-body-quirks,perception-and-brain,automation-robots-ai,deep-sea-and-abyss",
mammalian-dive-reflex-calms-racing-heart,survival-body-limits,The Mammalian Dive Reflex,The Same Reflex That Helps Seals Dive Can Calm a Racing Heart,"The dive reflex is not just for swimming, and you can trigger it on dry land. When you are panicked and your heart is pounding, dipping your face into cold water for a moment can hit the brakes on that stress response. Because it is a physical reflex, it works even when your thoughts are racing and you cannot reason yourself calm. Your body eases from high-alert mode toward calm on its own, no willpower required. It is like a reset button you carry everywhere.","You cannot always think your way calm, but your body has a built-in shortcut.","dive-reflex,cold-water,calm,human-body",59,false,"mammalian-dive-reflex-cold-water-slows-heart,g-force-stapp-stop-broke-ribs,freediving-urge-is-co2-not-oxygen,hypothermia-babies-lose-heat-fastest,g-force-stapp-632-mph-sled","human-body-quirks,machines-and-mechanisms,motion-and-force",
surviving-without-food-gandhi-21-days,survival-body-limits,Surviving Without Food,"At Age 74, Gandhi Went 21 Days With No Food but Sips of Water","Just how long the human body can last without food turns out to be surprisingly hard to pin down, because so much depends on the person. One well-documented case shows the extreme. At 74 years old and already thin, Mohandas Gandhi survived 21 days of total starvation, taking nothing but small sips of water. Other documented hunger strikers have gone even longer, roughly 28 to 40 days. The one ingredient they all needed was not food at all. It was water.","Frail and in his 70s, he lasted three weeks on nothing but sips of water.","starvation,human-body,survival,water",57,false,"wilderness-survival-cold-not-starvation,wilderness-survival-day-hikers-most-rescued,molecules-smallest-identity-unit,vacuum-of-space-suffocate-not-freeze,vacuum-of-space-leblanc-saliva-boiled","food-and-cuisine,self-sacrifice",
dragons-blood-tree-fog-harvesting,famous-trees-plants,Dragon's Blood Tree,The Dragon's Blood Tree's Umbrella Shape Turns Fog Into Water,"Most trees pull water up from the soil through their roots. Socotra's dragon's blood tree can do the reverse. Its odd, upside-down umbrella crown is shaped to catch fog and mist rolling across the island's high plateaus, then channel that moisture down the trunk and into the ground below. Researchers estimate a single tree can add hundreds of liters of water to the soil in a year — far more than the island's scarce rainfall provides on its own.",It doesn't just survive the desert — it single-handedly waters it.,"dragons-blood-tree,socotra,adaptation,water",56,false,"dragons-blood-tree-umbrella-species,dragons-blood-tree-origin-legend,giant-sequoias-tiny-seeds,socotra-endemic-plants,giraffes-spread-legs-drink,caves-speleothems-redeposited","plants-and-botany,hidden-underground,human-body-quirks",
dragons-blood-tree-umbrella-species,famous-trees-plants,Dragon's Blood Tree,Half of Socotra's Reptiles Live in One Kind of Tree,"The dragon's blood tree does more than survive Socotra's harsh climate — it holds the island's ecosystem together. More than half of Socotra's native reptile species live on or around these trees, and dozens of local plant species, including several found nowhere else on Earth, grow only in the shade beneath them. Lose the tree, and an entire community of dependent species goes with it. Ecologists call it an 'umbrella species' for exactly that reason — not for its shape, but for what it shelters.",It's not just alien-looking — an entire ecosystem depends on its shade.,"dragons-blood-tree,socotra,ecosystem,biodiversity",57,false,"dragons-blood-tree-fog-harvesting,dragons-blood-tree-origin-legend,venus-flytrap-carolina-native,socotra-endemic-plants,rainforests-four-layers,coral-reefs-largest-biological-structures","plants-and-botany,human-body-quirks,survival-adaptation",
herculaneum-scrolls-ai-unwrapped,technology,Herculaneum Scrolls,AI Can Now Read Scrolls That a Volcano Sealed Shut in 79 AD,"When Mount Vesuvius buried the Roman town of Herculaneum, it also entombed a library of papyrus scrolls under 60 feet of ash. The heat didn't burn them — it baked them into blackened, brittle lumps too fragile to unroll without destroying them. For centuries, scholars who tried anyway mostly ruined what they touched. Now, particle accelerators scan the scrolls in 3D at a resolution finer than a human hair, and AI traces the papyrus fibers and ink to 'unwrap' the text virtually, without ever touching the actual object.",A volcano sealed them shut in 79 AD. A supercomputer just started reading them anyway.,"herculaneum,vesuvius-challenge,artificial-intelligence,archaeology",60,false,"herculaneum-scrolls-vesuvius-challenge-prize,captcha-checkbox-movement,data-centers-avoid-downtime,pompeii-preserved-city,easter-island-moai-not-just-heads","automation-robots-ai,hidden-underground,disaster-and-catastrophe,food-and-cuisine",
herculaneum-scrolls-vesuvius-challenge-prize,technology,Herculaneum Scrolls,A $1.8 Million Contest Is Unlocking Scrolls Sealed by a Volcano,"For years, one scientist worked almost alone trying to virtually unroll the Herculaneum scrolls, sealed since Vesuvius erupted in 79 AD. In 2023, he gave up trying to solve it by himself: he released all his scanning data and code for free and helped launch the Vesuvius Challenge, a public contest offering cash prizes to anyone who could improve the AI reading the scrolls. It has since paid out more than $1.8 million in prizes — and helped reveal text nobody had read in nearly 2,000 years.","He couldn't crack the code alone, so he turned it into a contest — with real money on the line.","herculaneum,vesuvius-challenge,technology,crowdsourcing",59,false,"herculaneum-scrolls-ai-unwrapped,captcha-checkbox-movement,data-centers-avoid-downtime,world-wide-web-cern-1989,apollo-guidance-computer-rope-memory","automation-robots-ai,money-trade-and-value,collective-behavior,disaster-and-catastrophe",
pliny-younger-skipped-rescue,literature,Pliny the Younger,Pliny the Younger Chose Homework Over a Rescue Mission — and Lived,"In 79 AD, as Mount Vesuvius erupted, the Roman commander Pliny the Elder prepared his ships to sail straight toward the danger and rescue people trapped near the volcano. He invited his teenage nephew to come along. The nephew, Pliny the Younger, chose to stay behind and keep studying instead. That decision saved his life — his uncle sailed into the eruption and died the next day, while the nephew survived to write the only eyewitness account of the disaster that still exists today.",One of them sailed toward the volcano. The other stayed home to study — and that's the one we still hear from.,"pliny-the-younger,pompeii,vesuvius,ancient-rome",56,false,"storytelling-griots-memory,novels-long-prose-worlds,pompeii-earthquake-before-eruption,mount-vesuvius-population-risk,legends-travel-and-change","disaster-and-catastrophe,psychology-and-behavior",
mount-vesuvius-population-risk,geography,Mount Vesuvius,"About 800,000 People Live on the Slopes of One of Earth's Most Dangerous Volcanoes","Mount Vesuvius hasn't erupted since 1944, but it's far from harmless. Naples and its surrounding towns are home to roughly 3 million people, and about 800,000 of them live directly on the volcano's slopes. That makes Vesuvius one of the most dangerous volcanoes on the planet — not because it's especially active right now, but because so many people are living in the path of its next eruption. Volcanologists keep it under constant watch, tracking earthquakes, ground movement, and gas seeping from its crater.","It hasn't erupted in 80 years — and that's exactly why 800,000 people living on it should keep watching the sky.","vesuvius,naples,volcanoes,geography",58,false,"volcanoes-not-just-lava,volcanoes-shape-varies,moon-volcanoes-io,pliny-younger-skipped-rescue,oceans-have-hidden-landscapes","disaster-and-catastrophe,stars-and-cosmos",
apollo13-earth-horizon-navigation,space,Apollo 13,"With No Navigation, Apollo 13's Crew Aimed Home Using Earth's Edge","After an explosion crippled Apollo 13, the crew's navigation system was useless — debris floating around the spacecraft made it impossible to sight stars with the onboard sextant. To aim the ship back toward Earth, the astronauts improvised: they used the visible edge of the Earth itself, where the planet meets the black of space, as a manual reference point to align the spacecraft. That crude fix let them perform the precise engine burn needed to bring them home safely.","Their computer was useless, so they aimed for home using nothing but the edge of the Earth.","apollo-13,nasa,navigation,space",57,false,"apollo13-explosion-lifeboat,apollo13-houston-misquote,apollo13-mattingly-measles-swap,apollo13-mailbox-co2-fix,apollo13-failure-not-option-myth,butterflies-conservation-decline","stars-and-cosmos,energy-and-power,exploration-and-navigation,computing-and-web",
apollo13-explosion-lifeboat,space,Apollo 13,Apollo 13's Crew Had 15 Minutes of Power to Escape Their Dying Ship,"Moments after finishing a TV broadcast on April 13, 1970, an explosion tore through the Apollo 13 spacecraft, destroying a fuel cell and an oxygen tank. Mission Control quickly declared the command module 'mortally wounded.' With only 15 minutes of power left, astronauts Jim Lovell, Jack Swigert, and Fred Haise scrambled into the attached lunar module, using it as a lifeboat for the rest of the flight home.",Their spacecraft was declared 'mortally wounded' — with 15 minutes of power left to escape it.,"apollo-13,nasa,spaceflight,moon",46,false,"apollo13-earth-horizon-navigation,apollo13-houston-misquote,apollo13-mattingly-measles-swap,apollo13-failure-not-option-myth,apollo13-haise-kidney-infection","energy-and-power,stars-and-cosmos,human-body-quirks,flight-and-aviation",
apollo13-houston-misquote,space,Apollo 13,"Apollo 13's Famous Line Wasn't 'Houston, We Have a Problem'","The most famous line from Apollo 13 gets misquoted constantly. What astronaut Jack Swigert actually radioed to Mission Control was 'Houston, we've had a problem here' — past tense, not present. Commander Jim Lovell followed up moments later with an even less quotable line: 'We've had a main B bus undervolt,' reporting that one of the spacecraft's two main electrical circuits had lost power. The real crisis started with a technical report, not a movie-ready one-liner.","Movies love 'Houston, we have a problem.' Nobody actually said that.","apollo-13,nasa,pop-culture,misquotes",53,false,"apollo13-explosion-lifeboat,apollo13-earth-horizon-navigation,apollo13-mattingly-measles-swap,apollo13-failure-not-option-myth,apollo13-haise-kidney-infection,caesar-cipher-letter-shift","energy-and-power,lost-and-rediscovered,storytelling-and-narrative",
apollo13-mailbox-co2-fix,engineering,Apollo 13 CO2 Scrubber,Duct Tape and a Plastic Bag Kept Apollo 13's Air Breathable,"When the crippled Apollo 13 spacecraft forced three astronauts into a lunar module built for two, carbon dioxide started building up faster than the module's air filters could handle — and the only spare filters on board were the wrong shape. Engineers on the ground worked out a fix using only what the crew had with them: a plastic bag, cardboard, a spacesuit hose, and duct tape. The astronauts built the device, nicknamed 'the mailbox,' and it worked perfectly for the rest of the trip home.",Three lives depended on an air filter jury-rigged from duct tape and a plastic bag.,"apollo-13,engineering,nasa,improvisation",58,false,"suspension-bridges-tacoma-narrows,earthquake-engineering-strong-joints,apollo13-earth-horizon-navigation,apollo13-failure-not-option-myth,elevators-otis-safety-brake,apollo-guidance-computer-rope-memory","architecture-and-structures,computing-and-web",
apollo-guidance-computer-rope-memory,technology,Apollo Guidance Computer,"Apollo's Flight Software Was Woven by Hand, Not Typed","Before a line of Apollo code could fly, it had to be physically woven into existence. Once engineers finalized a program, factory workers — mostly women who'd previously worked in New England textile mills — threaded copper wires through tiny magnetic rings by hand, one wire per bit, to build what was called 'rope memory.' It was slow and exacting work, but it produced a memory chip tough enough to survive spaceflight without a single glitch.",Real astronauts flew to the Moon on code that was literally hand-woven by textile workers.,"apollo-guidance-computer,margaret-hamilton,nasa,technology",51,false,"wi-fi-signals-bounce,world-wide-web-cern-1989,apollo13-earth-horizon-navigation,apollo13-mailbox-co2-fix,internet-arpanet-first-connection","flight-and-aviation,computing-and-web,stars-and-cosmos,survival-adaptation",
apollo13-haise-kidney-infection,medicine,Apollo 13 Crew Health,An Apollo 13 Astronaut Developed a Kidney Infection Mid-Flight,"Trapped in a freezing, dehydrated lunar module during Apollo 13's crisis, astronaut Fred Haise grew increasingly ill over the mission's final days, running a fever by the last one. Doctors later concluded he'd developed a urinary tract infection, likely triggered by dehydration and the physical stress of the ordeal, that spread toward his kidneys and caused intense pain. Haise recovered fully after treatment on Earth — but flight surgeons believe a longer mission could have turned it into a much more serious problem.",One astronaut's body nearly became Apollo 13's second emergency.,"apollo-13,fred-haise,nasa,medicine",56,false,"anesthesia-not-always-unconscious,anesthesia-made-surgery-bearable,apollo13-failure-not-option-myth,apollo13-explosion-lifeboat,vaccines-train-immune-system,apollo13-houston-misquote","medicine-and-cures,extreme-temperature,flight-and-aviation",
apollo13-reentry-blackout-87-seconds,physics,Apollo 13 Re-Entry,Apollo 13 Went Silent 87 Seconds Longer Than Any Mission Before It,"Every Apollo re-entry included a routine few minutes of radio silence, when heat from the atmosphere ionizes the air around the capsule and blocks radio signals — and until Apollo 13, that blackout was predictable almost to the second. Apollo 13's crew stayed silent 87 seconds longer than expected, the longest blackout of the program. As the extra seconds ticked by with no signal, Mission Control ran through worst-case scenarios: a shredded heat shield, a failed hatch, frozen parachutes. Flight Director Gene Kranz later called it 'the toughest minute and a half we ever had.'",Every Apollo re-entry blacked out for a predictable few minutes — until Apollo 13 stayed silent 87 seconds too long.,"apollo-13,nasa,reentry,mission-control",57,false,"apollo13-reentry-shallow-angle-cause,sound-human-frequency-range,relativity-speed-of-light-limit,apollo13-failure-not-option-myth,apollo13-haise-kidney-infection","record-extremes,flight-and-aviation",
apollo13-reentry-shallow-angle-cause,physics,Apollo 13 Re-Entry,A Slow Water Leak May Explain Apollo 13's Longest Silence,"For four days, Apollo 13's lunar module vented water vapor into space to cool its electronics, since the crew used it as a lifeboat far longer than the system was designed for. Commander Jim Lovell believes that extra venting acted like a tiny, invisible thruster, nudging the spacecraft onto a shallower path home and stretching its communications blackout to the longest of the program — though NASA never found a fully confirmed explanation. The shallower angle had one lucky side effect: it also made Apollo 13's splashdown one of the most accurate of any Apollo mission.","Nobody at NASA ever fully explained it, but the leading theory ties Apollo 13's scariest silence to its most accurate landing.","apollo-13,nasa,mission-mystery,reentry",58,false,"apollo13-reentry-blackout-87-seconds,inertia-mass-resists-acceleration,inertia-no-net-force,apollo13-failure-not-option-myth,apollo13-earth-horizon-navigation","record-extremes,motion-and-force",
socotra-man-lives-in-cave,strange-places,Socotra,This Man Was Born in a Cave on Socotra and Still Calls It Home,"On Socotra, a man named Abdullah Aliyu calls a cliffside cave home, just as his mother did — she gave birth to him inside it. He also owns a house nearby, where his wife and six kids live, but he still returns to the cave most nights. He first moved back in just to impress visiting tourists, then decided he preferred the freedom of cave life over a house. He now happily splits his life between both worlds.",A grown man still lives part-time in the cave where his mother gave birth to him — and he wouldn't have it any other way.,"socotra,caves,lifestyle,culture",55,false,"socotra-endemic-plants,socotra-mistaken-for-atlantis,pamukkale-thermal-spa,caves-acidic-water,dragons-blood-tree-fog-harvesting,caves-speleothems-redeposited","parental-care,hidden-underground",
dragons-blood-tree-origin-legend,famous-trees-plants,Dragon's Blood Tree,The Dragon's Blood Tree Is Named After an Actual Legendary Dragon,"Slice into Socotra's dragon's blood tree and dark red resin oozes out like an open wound. Local legend explains the color with a dramatic backstory: the tree supposedly sprang from the blood of a dragon that was mortally wounded fighting an elephant. Another version says it grew from two warring brothers' spilled blood instead. Either way, the crimson resin has been harvested for centuries; some Socotrans still mix it with water as a folk remedy after childbirth.",Cut into its bark and the tree 'bleeds' — and an old island legend has a suitably dramatic explanation why.,"dragons-blood-tree,socotra,myth,folklore",56,false,"dragons-blood-tree-fog-harvesting,dragons-blood-tree-umbrella-species,cherry-blossoms-1912-gift,socotra-endemic-plants,nightmares-common-adults,socotra-mistaken-for-atlantis","myth-vs-reality,origins-and-naming,plants-and-botany,medicine-and-cures",
socotra-mistaken-for-atlantis,strange-places,Socotra,Ancient Sailors Once Mistook Socotra for the Lost City of Atlantis,"Socotra's alien-looking plants and rich stores of incense and dragon's blood resin made it seem impossibly exotic to ancient sailors passing through. Greek and Arab seafarers described the island as a kind of paradise on Earth. Some went even further, convinced they'd stumbled onto part of the lost, mythical continent of Atlantis. The real island turned out to be strange enough without any myth-making at all.",One of the strangest places on Earth was once so exotic that ancient sailors thought they had found a lost mythical continent.,"socotra,atlantis,ancient-trade,myth",49,false,"socotra-endemic-plants,socotra-man-lives-in-cave,paris-catacombs-night-transfers,dragons-blood-tree-origin-legend,legends-place-person-history","money-trade-and-value,plants-and-botany,human-body-quirks,accidental-discovery",
socotra-twin-cyclones-2015,famous-disasters,Socotra Cyclones,Freak Twin Cyclones Displaced a Third of Socotra's Entire Population,"In the fall of 2015, two cyclones slammed into the remote island of Socotra within a single week — the first time on record that such powerful storms had ever formed so close together in that stretch of ocean. The disaster displaced 18,000 people, about a third of the entire island's population, and wrecked its infrastructure. A third cyclone hit again in 2018, killing at least 19 more people. Three major storms in three years was unheard of before this.",One remote island got hit by three catastrophic storms in just three years — a weather pattern nobody had ever recorded there before.,"socotra,cyclones,natural-disasters,climate",60,false,"krakatoa-loudest-sound,hindenburg-ended-airship-travel,baobab-nine-species,fukushima-mass-evacuation,great-fire-london-four-fifths,hindenburg-mail-burned",disaster-and-catastrophe,
pompeii-earthquake-before-eruption,famous-disasters,Pompeii,Pompeii Was Still Rebuilding From an Earthquake When Vesuvius Buried It,"Seventeen years before Vesuvius buried it for good, Pompeii was hit by a massive earthquake in 62 CE that wrecked much of the city. Rebuilding was still underway when the volcano erupted in 79 CE — the city's new public baths were literally under construction, mid-renovation, when the ash started falling. Pompeii never got the chance to finish recovering from one disaster before a far bigger one arrived.",A killer earthquake gave Pompeii 17 years of warning — the city was still patching itself up when Vesuvius finished the job.,"pompeii,vesuvius,earthquake,disaster",48,false,"pompeii-preserved-city,pompeii-excavation-source,great-molasses-flood-tank,pliny-younger-skipped-rescue,earthquake-engineering-strong-joints,titanic-four-compartments","disaster-and-catastrophe,hidden-underground,architecture-and-structures",
apollo13-mattingly-measles-swap,space,Apollo 13 Crew,Apollo 13's Last-Minute Astronaut Swap Turned Out to Save the Mission,"Just 72 hours before Apollo 13 launched, astronaut Ken Mattingly was pulled from the crew — a backup astronaut had caught measles and exposed him, and he was the only one aboard without immunity. Jack Swigert took his seat instead. When disaster struck days later, Swigert's deep knowledge of the command module's emergency procedures, and his methodical nature, turned out to be exactly what the crisis demanded. A swap forced by a childhood illness ended up putting exactly the right person in the seat.","A last-minute crew swap, forced by a measles exposure, accidentally put the perfect person in the seat for a disaster nobody saw coming.","apollo-13,nasa,luck,irony",59,false,"apollo13-earth-horizon-navigation,apollo13-explosion-lifeboat,vacuum-of-space-leblanc-saliva-boiled,apollo13-failure-not-option-myth,apollo13-houston-misquote,space-race-sputnik","accidental-discovery,disaster-and-catastrophe",
apollo13-failure-not-option-myth,movies,Apollo 13 (Film),Gene Kranz Never Actually Said Apollo 13's Most Iconic Line,"The line 'Failure is not an option' is Apollo 13's most quoted moment, but flight director Gene Kranz never actually said it during the real mission. Screenwriters invented it for the 1995 movie because it captured the mood so well. What Kranz really told his team was blunter and less scripted: he'd never lost an American in space, and had no intention of starting now — this crew was coming home. Kranz later borrowed the fictional line anyway, using it as the title of his own memoir.",The most famous words from Apollo 13 were never actually spoken during the real mission — Hollywood wrote them years later.,"apollo-13,nasa,movies,myth",61,false,"documentaries-shape-facts,film-editing-piece-by-piece,apollo13-houston-misquote,apollo13-reentry-blackout-87-seconds,academy-awards-rules-eligibility,taste-buds-thousands-on-tongue","storytelling-and-narrative,flight-and-aviation,myth-vs-reality,lost-and-rediscovered",
